model_id,data_name,response_var,species,seed,date,effect,contrast,key,estimate,lower,upper,boot_mean,boot_median,boot_se,p_boot,display_sign,estimate_raw,lower_raw,upper_raw,inference,bootstrap_replicates
growth__diameter_inc_t0__fagus,growth,diameter_inc_t0,fagus,2026081902,2025-03-07,culture,mixed - mono,2025-03-07||culture,0.0016665225159148897,-0.014504929426569306,0.020341748797328883,0.0016821005752032836,7.718523791760156e-4,0.008530872389029854,0.913086913086913,1,0.0016665225159148897,-0.014504929426569306,0.020341748797328883,container-cluster bootstrap percentile,1000
growth__diameter_inc_t0__fagus,growth,diameter_inc_t0,fagus,2026081902,2025-03-07,precipitation,drought - control,2025-03-07||precipitation,0.028496632800452653,-0.0021025649830099776,0.05734355950846144,0.02631152965990098,0.025548190801842386,0.01550543073140155,0.07592407592407592,1,0.028496632800452653,-0.0021025649830099776,0.05734355950846144,container-cluster bootstrap percentile,1000
growth__diameter_inc_t0__fagus,growth,diameter_inc_t0,fagus,2026081902,2025-03-07,robinia,with-robinia - without-robinia,2025-03-07||robinia,-0.04816340293798632,-0.0785272995652923,-0.010052206021638359,-0.043363269906237706,-0.042898919463821863,0.017430272046816832,0.005994005994005994,1,-0.04816340293798632,-0.0785272995652923,-0.010052206021638359,container-cluster bootstrap percentile,1000
growth__diameter_inc_t0__fagus,growth,diameter_inc_t0,fagus,2026081902,2025-05-08,culture,mixed - mono,2025-05-08||culture,0.011351140238935799,-0.0480788717224296,0.08888418283157172,0.01182154052538765,0.009576500798384027,0.033915761390319314,0.7532467532467533,1,0.011351140238935799,-0.0480788717224296,0.08888418283157172,container-cluster bootstrap percentile,1000
growth__diameter_inc_t0__fagus,growth,diameter_inc_t0,fagus,2026081902,2025-05-08,precipitation,drought - control,2025-05-08||precipitation,0.02680093711343073,-0.032885882527694706,0.09638122961135365,0.025203166078379934,0.023210870831071647,0.03335910963639808,0.47952047952047955,1,0.02680093711343073,-0.032885882527694706,0.09638122961135365,container-cluster bootstrap percentile,1000
growth__diameter_inc_t0__fagus,growth,diameter_inc_t0,fagus,2026081902,2025-05-08,robinia,with-robinia - without-robinia,2025-05-08||robinia,-0.0371521297148143,-0.0954690993368073,0.04594329407529077,-0.030848966985651323,-0.03176018170636721,0.03702470254741313,0.3996003996003996,1,-0.0371521297148143,-0.0954690993368073,0.04594329407529077,container-cluster bootstrap percentile,1000
growth__diameter_inc_t0__fagus,growth,diameter_inc_t0,fagus,2026081902,2025-06-11,culture,mixed - mono,2025-06-11||culture,0.12599039628140515,-0.005233906375111025,0.26922106511303057,0.12626374194061737,0.12338877820951041,0.06939397283040169,0.06393606393606394,1,0.12599039628140515,-0.005233906375111025,0.26922106511303057,container-cluster bootstrap percentile,1000
growth__diameter_inc_t0__fagus,growth,diameter_inc_t0,fagus,2026081902,2025-06-11,precipitation,drought - control,2025-06-11||precipitation,-0.2079170905257016,-0.3362379723533135,-0.07010477296149532,-0.2109926098987252,-0.21189691811854547,0.06701040125688437,0.003996003996003996,1,-0.2079170905257016,-0.3362379723533135,-0.07010477296149532,container-cluster bootstrap percentile,1000
growth__diameter_inc_t0__fagus,growth,diameter_inc_t0,fagus,2026081902,2025-06-11,robinia,with-robinia - without-robinia,2025-06-11||robinia,-0.37856022913891657,-0.49647925600847487,-0.2476850328161068,-0.37435034571079984,-0.3752095510743063,0.06363970975423958,0.001998001998001998,1,-0.37856022913891657,-0.49647925600847487,-0.2476850328161068,container-cluster bootstrap percentile,1000
growth__diameter_inc_t0__fagus,growth,diameter_inc_t0,fagus,2026081902,2025-07-09,culture,mixed - mono,2025-07-09||culture,0.2925060190167239,0.12359410806807394,0.46725593056758824,0.29243408786123193,0.291228555290432,0.08817504860303853,0.001998001998001998,1,0.2925060190167239,0.12359410806807394,0.46725593056758824,container-cluster bootstrap percentile,1000
growth__diameter_inc_t0__fagus,growth,diameter_inc_t0,fagus,2026081902,2025-07-09,precipitation,drought - control,2025-07-09||precipitation,-0.4370242741566539,-0.6033971691207286,-0.2755800842261406,-0.44259336185915876,-0.443677456867788,0.08245963450084631,0.001998001998001998,1,-0.4370242741566539,-0.6033971691207286,-0.2755800842261406,container-cluster bootstrap percentile,1000
growth__diameter_inc_t0__fagus,growth,diameter_inc_t0,fagus,2026081902,2025-07-09,robinia,with-robinia - without-robinia,2025-07-09||robinia,-0.9214603620313314,-1.0827971216586916,-0.7686645793359306,-0.9218788960061527,-0.9220739356328381,0.07994788136284185,0.001998001998001998,1,-0.9214603620313314,-1.0827971216586916,-0.7686645793359306,container-cluster bootstrap percentile,1000
growth__diameter_inc_t0__fagus,growth,diameter_inc_t0,fagus,2026081902,2025-08-05,culture,mixed - mono,2025-08-05||culture,0.3221823221390633,0.11871599311353359,0.5398732580815625,0.3211821531245278,0.319335805928416,0.10755003879904704,0.001998001998001998,1,0.3221823221390633,0.11871599311353359,0.5398732580815625,container-cluster bootstrap percentile,1000
growth__diameter_inc_t0__fagus,growth,diameter_inc_t0,fagus,2026081902,2025-08-05,precipitation,drought - control,2025-08-05||precipitation,-0.6652363806173713,-0.8646500005154012,-0.4669464005704706,-0.6699870317981796,-0.6698829206974161,0.10265647862513624,0.001998001998001998,1,-0.6652363806173713,-0.8646500005154012,-0.4669464005704706,container-cluster bootstrap percentile,1000
growth__diameter_inc_t0__fagus,growth,diameter_inc_t0,fagus,2026081902,2025-08-05,robinia,with-robinia - without-robinia,2025-08-05||robinia,-1.1761339202060073,-1.3791869596979993,-0.9948021519058717,-1.1796009582719456,-1.1761825147699685,0.10007949868297535,0.001998001998001998,1,-1.1761339202060073,-1.3791869596979993,-0.9948021519058717,container-cluster bootstrap percentile,1000
growth__diameter_inc_t0__fagus,growth,diameter_inc_t0,fagus,2026081902,2025-09-01,culture,mixed - mono,2025-09-01||culture,0.39175893758917707,0.16406040525162202,0.6222736656316604,0.390563723985873,0.39082068694814076,0.1167980127033576,0.001998001998001998,1,0.39175893758917707,0.16406040525162202,0.6222736656316604,container-cluster bootstrap percentile,1000
growth__diameter_inc_t0__fagus,growth,diameter_inc_t0,fagus,2026081902,2025-09-01,precipitation,drought - control,2025-09-01||precipitation,-0.7014883088899007,-0.911164980931425,-0.49002065259938343,-0.705322924171637,-0.7003947642987056,0.10659868943811934,0.001998001998001998,1,-0.7014883088899007,-0.911164980931425,-0.49002065259938343,container-cluster bootstrap percentile,1000
growth__diameter_inc_t0__fagus,growth,diameter_inc_t0,fagus,2026081902,2025-09-01,robinia,with-robinia - without-robinia,2025-09-01||robinia,-1.2420992836232223,-1.4526416249311838,-1.065958516937173,-1.246264989272128,-1.2393568990332602,0.10272118212359156,0.001998001998001998,1,-1.2420992836232223,-1.4526416249311838,-1.065958516937173,container-cluster bootstrap percentile,1000
growth__diameter_inc_t0__fagus,growth,diameter_inc_t0,fagus,2026081902,2025-09-29,culture,mixed - mono,2025-09-29||culture,0.3406398687204885,0.11504967854563976,0.5836537098376193,0.3390717969612258,0.34203464640958225,0.12159828165454113,0.003996003996003996,1,0.3406398687204885,0.11504967854563976,0.5836537098376193,container-cluster bootstrap percentile,1000
growth__diameter_inc_t0__fagus,growth,diameter_inc_t0,fagus,2026081902,2025-09-29,precipitation,drought - control,2025-09-29||precipitation,-0.6980018074233052,-0.9290165340661148,-0.4799679764309226,-0.7032929786791174,-0.7020833471753537,0.11365439272315458,0.001998001998001998,1,-0.6980018074233052,-0.9290165340661148,-0.4799679764309226,container-cluster bootstrap percentile,1000
growth__diameter_inc_t0__fagus,growth,diameter_inc_t0,fagus,2026081902,2025-09-29,robinia,with-robinia - without-robinia,2025-09-29||robinia,-1.2432992342400886,-1.4682685549169057,-1.0499127098193743,-1.2485251007464386,-1.2450778097837703,0.10995197446850018,0.001998001998001998,1,-1.2432992342400886,-1.4682685549169057,-1.0499127098193743,container-cluster bootstrap percentile,1000
growth__diameter_inc_t0__fagus,growth,diameter_inc_t0,fagus,2026081902,2025-11-05,culture,mixed - mono,2025-11-05||culture,0.34718780771366614,0.11572908147080806,0.5883368132956479,0.34577922510340614,0.349165229372427,0.12105715595233782,0.001998001998001998,1,0.34718780771366614,0.11572908147080806,0.5883368132956479,container-cluster bootstrap percentile,1000
growth__diameter_inc_t0__fagus,growth,diameter_inc_t0,fagus,2026081902,2025-11-05,precipitation,drought - control,2025-11-05||precipitation,-0.7081987819107151,-0.9189391810625159,-0.48872633040498786,-0.7129028140035453,-0.7128681452667105,0.11175186850298202,0.001998001998001998,1,-0.7081987819107151,-0.9189391810625159,-0.48872633040498786,container-cluster bootstrap percentile,1000
growth__diameter_inc_t0__fagus,growth,diameter_inc_t0,fagus,2026081902,2025-11-05,robinia,with-robinia - without-robinia,2025-11-05||robinia,-1.2591011897847835,-1.487520586854109,-1.069323267554111,-1.264276819930994,-1.2610464440112992,0.10944869494127592,0.001998001998001998,1,-1.2591011897847835,-1.487520586854109,-1.069323267554111,container-cluster bootstrap percentile,1000
growth__diameter_inc_t0__fagus,growth,diameter_inc_t0,fagus,2026081902,2025-12-02,culture,mixed - mono,2025-12-02||culture,0.3471878077136648,0.11572908147080789,0.5883368132956482,0.34577922510340603,0.3491652293724273,0.12105715595233776,0.001998001998001998,1,0.3471878077136648,0.11572908147080789,0.5883368132956482,container-cluster bootstrap percentile,1000
growth__diameter_inc_t0__fagus,growth,diameter_inc_t0,fagus,2026081902,2025-12-02,precipitation,drought - control,2025-12-02||precipitation,-0.7081987819107157,-0.9189391810625162,-0.48872633040498764,-0.7129028140035454,-0.7128681452667109,0.11175186850298195,0.001998001998001998,1,-0.7081987819107157,-0.9189391810625162,-0.48872633040498764,container-cluster bootstrap percentile,1000
growth__diameter_inc_t0__fagus,growth,diameter_inc_t0,fagus,2026081902,2025-12-02,robinia,with-robinia - without-robinia,2025-12-02||robinia,-1.2591011897847841,-1.4875205868541097,-1.0693232675541104,-1.2642768199309937,-1.2610464440112987,0.10944869494127595,0.001998001998001998,1,-1.2591011897847841,-1.4875205868541097,-1.0693232675541104,container-cluster bootstrap percentile,1000
growth__diameter_inc_t0__quercus,growth,diameter_inc_t0,quercus,2026081903,2025-03-07,culture,mixed - mono,2025-03-07||culture,2.0061008657536097e-4,-0.0021113525456960443,0.004370985166931322,3.3793305365720894e-4,9.837291083521117e-14,0.0015203507363533827,0.8731268731268731,1,2.0061008657536097e-4,-0.0021113525456960443,0.004370985166931322,container-cluster bootstrap percentile,1000
growth__diameter_inc_t0__quercus,growth,diameter_inc_t0,quercus,2026081903,2025-03-07,precipitation,drought - control,2025-03-07||precipitation,-0.003229797208684118,-0.012570070242146916,0.002224554623942036,-0.002556820930010083,-9.457854003870887e-4,0.004051780986473489,0.45354645354645357,1,-0.003229797208684118,-0.012570070242146916,0.002224554623942036,container-cluster bootstrap percentile,1000
growth__diameter_inc_t0__quercus,growth,diameter_inc_t0,quercus,2026081903,2025-03-07,robinia,with-robinia - without-robinia,2025-03-07||robinia,0.006800707111408216,-2.4331241144981503e-13,0.02270194350909515,0.005864948410676179,0.0038520860719908285,0.006625860774129626,0.23376623376623376,1,0.006800707111408216,-2.4331241144981503e-13,0.02270194350909515,container-cluster bootstrap percentile,1000
growth__diameter_inc_t0__quercus,growth,diameter_inc_t0,quercus,2026081903,2025-05-08,culture,mixed - mono,2025-05-08||culture,0.05713964627952307,-0.004745970383735241,0.1225758322309044,0.05986007262311103,0.06024646936105664,0.03311577801405833,0.08391608391608392,1,0.05713964627952307,-0.004745970383735241,0.1225758322309044,container-cluster bootstrap percentile,1000
growth__diameter_inc_t0__quercus,growth,diameter_inc_t0,quercus,2026081903,2025-05-08,precipitation,drought - control,2025-05-08||precipitation,-0.03055279024321079,-0.08523207037096017,0.02323657113717171,-0.02992625128982075,-0.029176666028100633,0.026691359392219942,0.26173826173826176,1,-0.03055279024321079,-0.08523207037096017,0.02323657113717171,container-cluster bootstrap percentile,1000
growth__diameter_inc_t0__quercus,growth,diameter_inc_t0,quercus,2026081903,2025-05-08,robinia,with-robinia - without-robinia,2025-05-08||robinia,-0.09626675323873023,-0.15775833748248816,-0.04514638513073824,-0.0981871842448596,-0.09626473120709979,0.02872886847603414,0.001998001998001998,1,-0.09626675323873023,-0.15775833748248816,-0.04514638513073824,container-cluster bootstrap percentile,1000
growth__diameter_inc_t0__quercus,growth,diameter_inc_t0,quercus,2026081903,2025-06-11,culture,mixed - mono,2025-06-11||culture,0.08517838556643494,-0.01471117169244495,0.18440612183771182,0.08643102712908843,0.08706013223240738,0.04974403483859133,0.08391608391608392,1,0.08517838556643494,-0.01471117169244495,0.18440612183771182,container-cluster bootstrap percentile,1000
growth__diameter_inc_t0__quercus,growth,diameter_inc_t0,quercus,2026081903,2025-06-11,precipitation,drought - control,2025-06-11||precipitation,-0.028314595847753764,-0.10721820683177895,0.05814744588784707,-0.026368232963039962,-0.025926506880880378,0.04148767408195865,0.5114885114885115,1,-0.028314595847753764,-0.10721820683177895,0.05814744588784707,container-cluster bootstrap percentile,1000
growth__diameter_inc_t0__quercus,growth,diameter_inc_t0,quercus,2026081903,2025-06-11,robinia,with-robinia - without-robinia,2025-06-11||robinia,-0.2742707689609966,-0.36247579060855156,-0.1933042385317591,-0.2738674191281329,-0.27197167790541976,0.043549762387227874,0.001998001998001998,1,-0.2742707689609966,-0.36247579060855156,-0.1933042385317591,container-cluster bootstrap percentile,1000
growth__diameter_inc_t0__quercus,growth,diameter_inc_t0,quercus,2026081903,2025-07-09,culture,mixed - mono,2025-07-09||culture,0.049461861035776065,-0.058230064226625126,0.16149550553761025,0.04983462850449084,0.05054054626439866,0.055281981190008045,0.36363636363636365,1,0.049461861035776065,-0.058230064226625126,0.16149550553761025,container-cluster bootstrap percentile,1000
growth__diameter_inc_t0__quercus,growth,diameter_inc_t0,quercus,2026081903,2025-07-09,precipitation,drought - control,2025-07-09||precipitation,-0.08355229775346985,-0.16216598735393128,0.007846661251399918,-0.08188050717481511,-0.08292408996082642,0.04383106038944979,0.061938061938061936,1,-0.08355229775346985,-0.16216598735393128,0.007846661251399918,container-cluster bootstrap percentile,1000
growth__diameter_inc_t0__quercus,growth,diameter_inc_t0,quercus,2026081903,2025-07-09,robinia,with-robinia - without-robinia,2025-07-09||robinia,-0.6304703921045418,-0.718838175830662,-0.5382652702014408,-0.6286346660989199,-0.6284285343335247,0.04704295134024989,0.001998001998001998,1,-0.6304703921045418,-0.718838175830662,-0.5382652702014408,container-cluster bootstrap percentile,1000
growth__diameter_inc_t0__quercus,growth,diameter_inc_t0,quercus,2026081903,2025-08-05,culture,mixed - mono,2025-08-05||culture,-0.05630643724402819,-0.1802702874901048,0.056960569688960364,-0.05627074406999128,-0.05629962202804454,0.05936292325932579,0.3436563436563437,1,-0.05630643724402819,-0.1802702874901048,0.056960569688960364,container-cluster bootstrap percentile,1000
growth__diameter_inc_t0__quercus,growth,diameter_inc_t0,quercus,2026081903,2025-08-05,precipitation,drought - control,2025-08-05||precipitation,-0.15912655097016132,-0.2590687433030642,-0.05313977378300041,-0.15781110609896404,-0.15731968347909853,0.05389109390243757,0.005994005994005994,1,-0.15912655097016132,-0.2590687433030642,-0.05313977378300041,container-cluster bootstrap percentile,1000
growth__diameter_inc_t0__quercus,growth,diameter_inc_t0,quercus,2026081903,2025-08-05,robinia,with-robinia - without-robinia,2025-08-05||robinia,-0.9342775509105039,-1.035539398884416,-0.812531122623242,-0.9321778539707082,-0.9328900238234943,0.058065743165335595,0.001998001998001998,1,-0.9342775509105039,-1.035539398884416,-0.812531122623242,container-cluster bootstrap percentile,1000
growth__diameter_inc_t0__quercus,growth,diameter_inc_t0,quercus,2026081903,2025-09-01,culture,mixed - mono,2025-09-01||culture,-0.08833956094222585,-0.20451326085236615,0.02469172534424268,-0.0877642512256789,-0.08654304465265665,0.061376510687288416,0.16983016983016982,1,-0.08833956094222585,-0.20451326085236615,0.02469172534424268,container-cluster bootstrap percentile,1000
growth__diameter_inc_t0__quercus,growth,diameter_inc_t0,quercus,2026081903,2025-09-01,precipitation,drought - control,2025-09-01||precipitation,-0.1563664204514865,-0.26681402755879874,-0.04621013447608643,-0.1561749820915506,-0.1578737507568705,0.05825261306684942,0.011988011988011988,1,-0.1563664204514865,-0.26681402755879874,-0.04621013447608643,container-cluster bootstrap percentile,1000
growth__diameter_inc_t0__quercus,growth,diameter_inc_t0,quercus,2026081903,2025-09-01,robinia,with-robinia - without-robinia,2025-09-01||robinia,-1.170096277727992,-1.289920313517428,-1.0417866543068357,-1.168233610230539,-1.1709360463301322,0.06422080487570986,0.001998001998001998,1,-1.170096277727992,-1.289920313517428,-1.0417866543068357,container-cluster bootstrap percentile,1000
growth__diameter_inc_t0__quercus,growth,diameter_inc_t0,quercus,2026081903,2025-09-29,culture,mixed - mono,2025-09-29||culture,-0.19452048723906942,-0.39802025803314445,0.008548731401234392,-0.19540742422438923,-0.1958275689924313,0.10342655793393216,0.06593406593406594,1,-0.19452048723906942,-0.39802025803314445,0.008548731401234392,container-cluster bootstrap percentile,1000
growth__diameter_inc_t0__quercus,growth,diameter_inc_t0,quercus,2026081903,2025-09-29,precipitation,drought - control,2025-09-29||precipitation,-0.23535866957863297,-0.4227060527841865,-0.049978186112214384,-0.23691913686128072,-0.23986803996142167,0.09761431184126568,0.013986013986013986,1,-0.23535866957863297,-0.4227060527841865,-0.049978186112214384,container-cluster bootstrap percentile,1000
growth__diameter_inc_t0__quercus,growth,diameter_inc_t0,quercus,2026081903,2025-09-29,robinia,with-robinia - without-robinia,2025-09-29||robinia,-1.3708125818290375,-1.5552483819449738,-1.1694865315729892,-1.3671662255507662,-1.3653286177201087,0.09922735034309252,0.001998001998001998,1,-1.3708125818290375,-1.5552483819449738,-1.1694865315729892,container-cluster bootstrap percentile,1000
growth__diameter_inc_t0__quercus,growth,diameter_inc_t0,quercus,2026081903,2025-11-05,culture,mixed - mono,2025-11-05||culture,-0.21582225736214453,-0.42047893995541896,-0.017242426106114237,-0.21717478727354617,-0.21594701175611228,0.10431501098855771,0.03196803196803197,1,-0.21582225736214453,-0.42047893995541896,-0.017242426106114237,container-cluster bootstrap percentile,1000
growth__diameter_inc_t0__quercus,growth,diameter_inc_t0,quercus,2026081903,2025-11-05,precipitation,drought - control,2025-11-05||precipitation,-0.24617170172018116,-0.4427150678636878,-0.06140285288100396,-0.24715034391715315,-0.24603712804891587,0.09976736578614855,0.013986013986013986,1,-0.24617170172018116,-0.4427150678636878,-0.06140285288100396,container-cluster bootstrap percentile,1000
growth__diameter_inc_t0__quercus,growth,diameter_inc_t0,quercus,2026081903,2025-11-05,robinia,with-robinia - without-robinia,2025-11-05||robinia,-1.367455895262269,-1.5566089991813075,-1.1618316888698499,-1.3632935955898038,-1.364310840589735,0.10095033459941628,0.001998001998001998,1,-1.367455895262269,-1.5566089991813075,-1.1618316888698499,container-cluster bootstrap percentile,1000
growth__diameter_inc_t0__quercus,growth,diameter_inc_t0,quercus,2026081903,2025-12-02,culture,mixed - mono,2025-12-02||culture,-0.1741135511881382,-0.36044448725914435,0.006191018250776462,-0.1752017726475459,-0.1759043288196392,0.09594562299169476,0.06593406593406594,1,-0.1741135511881382,-0.36044448725914435,0.006191018250776462,container-cluster bootstrap percentile,1000
growth__diameter_inc_t0__quercus,growth,diameter_inc_t0,quercus,2026081903,2025-12-02,precipitation,drought - control,2025-12-02||precipitation,-0.23004048736487978,-0.4128139089860981,-0.04759913169076464,-0.23189936838796535,-0.23369658894412848,0.09668203938123178,0.02197802197802198,1,-0.23004048736487978,-0.4128139089860981,-0.04759913169076464,container-cluster bootstrap percentile,1000
growth__diameter_inc_t0__quercus,growth,diameter_inc_t0,quercus,2026081903,2025-12-02,robinia,with-robinia - without-robinia,2025-12-02||robinia,-1.3921905852807737,-1.5794089786265497,-1.1984892398475815,-1.3887552516118138,-1.3904350241002033,0.0984986928641353,0.001998001998001998,1,-1.3921905852807737,-1.5794089786265497,-1.1984892398475815,container-cluster bootstrap percentile,1000
quantum_yield__qy__fagus,quantum_yield,qy,fagus,2026082002,2025-06-18,culture,mixed - mono,2025-06-18||culture,-0.0436271732206037,-0.15764093375387483,0.06035011869097949,-0.04339936117067318,-0.04360874257792559,0.055921942247536605,0.44155844155844154,1,-0.0436271732206037,-0.15764093375387483,0.06035011869097949,container-cluster bootstrap percentile,1000
quantum_yield__qy__fagus,quantum_yield,qy,fagus,2026082002,2025-06-18,precipitation,drought - control,2025-06-18||precipitation,-0.0831836954580641,-0.20147535829286922,0.024863657725027685,-0.08580638113651162,-0.08486429477147654,0.05833497356489638,0.14185814185814186,1,-0.0831836954580641,-0.20147535829286922,0.024863657725027685,container-cluster bootstrap percentile,1000
quantum_yield__qy__fagus,quantum_yield,qy,fagus,2026082002,2025-06-18,robinia,with-robinia - without-robinia,2025-06-18||robinia,0.015022791888119514,-0.10610291530507923,0.131959184248248,0.02098720727869139,0.021481672969574945,0.06247362915451706,0.7272727272727273,1,0.015022791888119514,-0.10610291530507923,0.131959184248248,container-cluster bootstrap percentile,1000
quantum_yield__qy__fagus,quantum_yield,qy,fagus,2026082002,2025-07-03,culture,mixed - mono,2025-07-03||culture,-0.04210384713054912,-0.39206941296760367,0.31352221647469736,-0.03985501714357453,-0.0430146396805315,0.18189630254047104,0.7972027972027972,1,-0.04210384713054912,-0.39206941296760367,0.31352221647469736,container-cluster bootstrap percentile,1000
quantum_yield__qy__fagus,quantum_yield,qy,fagus,2026082002,2025-07-03,precipitation,drought - control,2025-07-03||precipitation,-0.5983046680516743,-0.9741657374930178,-0.2556703674715365,-0.6031336429082621,-0.5993741161552539,0.1853077432321306,0.001998001998001998,1,-0.5983046680516743,-0.9741657374930178,-0.2556703674715365,container-cluster bootstrap percentile,1000
quantum_yield__qy__fagus,quantum_yield,qy,fagus,2026082002,2025-07-03,robinia,with-robinia - without-robinia,2025-07-03||robinia,-1.1375400576996257,-1.5151098811276649,-0.7667217347872841,-1.1311378914180528,-1.1290430344323457,0.18785978226749017,0.001998001998001998,1,-1.1375400576996257,-1.5151098811276649,-0.7667217347872841,container-cluster bootstrap percentile,1000
quantum_yield__qy__fagus,quantum_yield,qy,fagus,2026082002,2025-07-17,culture,mixed - mono,2025-07-17||culture,-0.06887887319183475,-0.43196443152579705,0.2814555682291119,-0.06975905212345926,-0.07177444678442707,0.18022206721410527,0.6773226773226774,1,-0.06887887319183475,-0.43196443152579705,0.2814555682291119,container-cluster bootstrap percentile,1000
quantum_yield__qy__fagus,quantum_yield,qy,fagus,2026082002,2025-07-17,precipitation,drought - control,2025-07-17||precipitation,-0.6392693676102443,-1.0041164913528273,-0.3242575127847141,-0.6412609584916078,-0.635890880353438,0.17843732450930944,0.001998001998001998,1,-0.6392693676102443,-1.0041164913528273,-0.3242575127847141,container-cluster bootstrap percentile,1000
quantum_yield__qy__fagus,quantum_yield,qy,fagus,2026082002,2025-07-17,robinia,with-robinia - without-robinia,2025-07-17||robinia,-0.8859887657334999,-1.287758108332648,-0.5353993131092323,-0.8813352511861408,-0.8839435622343583,0.18730624833389653,0.001998001998001998,1,-0.8859887657334999,-1.287758108332648,-0.5353993131092323,container-cluster bootstrap percentile,1000
quantum_yield__qy__fagus,quantum_yield,qy,fagus,2026082002,2025-07-31,culture,mixed - mono,2025-07-31||culture,-0.09749497434354783,-0.45331457780519996,0.23623544896821627,-0.1007003521724478,-0.10752903250265983,0.17690229023975548,0.5554445554445554,1,-0.09749497434354783,-0.45331457780519996,0.23623544896821627,container-cluster bootstrap percentile,1000
quantum_yield__qy__fagus,quantum_yield,qy,fagus,2026082002,2025-07-31,precipitation,drought - control,2025-07-31||precipitation,-0.5275837091635632,-0.877350913137208,-0.22300701429252975,-0.5279141949111542,-0.5231668677080197,0.1701030219732322,0.001998001998001998,1,-0.5275837091635632,-0.877350913137208,-0.22300701429252975,container-cluster bootstrap percentile,1000
quantum_yield__qy__fagus,quantum_yield,qy,fagus,2026082002,2025-07-31,robinia,with-robinia - without-robinia,2025-07-31||robinia,-0.7822281411786064,-1.1472980483852,-0.4414028868768964,-0.7753621044137922,-0.7764829076301301,0.179005351652718,0.001998001998001998,1,-0.7822281411786064,-1.1472980483852,-0.4414028868768964,container-cluster bootstrap percentile,1000
quantum_yield__qy__fagus,quantum_yield,qy,fagus,2026082002,2025-08-14,culture,mixed - mono,2025-08-14||culture,-0.28781118032389374,-0.6127550920478746,0.026385163256817022,-0.2910374158649169,-0.29397362053102527,0.16039527983792423,0.08391608391608392,1,-0.28781118032389374,-0.6127550920478746,0.026385163256817022,container-cluster bootstrap percentile,1000
quantum_yield__qy__fagus,quantum_yield,qy,fagus,2026082002,2025-08-14,precipitation,drought - control,2025-08-14||precipitation,-0.3250911891480095,-0.639886506945763,-0.048838050969605314,-0.3316031746929913,-0.3285804048260683,0.15371756443954457,0.025974025974025976,1,-0.3250911891480095,-0.639886506945763,-0.048838050969605314,container-cluster bootstrap percentile,1000
quantum_yield__qy__fagus,quantum_yield,qy,fagus,2026082002,2025-08-14,robinia,with-robinia - without-robinia,2025-08-14||robinia,-0.6511803873704972,-0.9963929157754217,-0.348686850879935,-0.6505152960888317,-0.6500272535976996,0.16024705298818498,0.001998001998001998,1,-0.6511803873704972,-0.9963929157754217,-0.348686850879935,container-cluster bootstrap percentile,1000
quantum_yield__qy__fagus,quantum_yield,qy,fagus,2026082002,2025-08-29,culture,mixed - mono,2025-08-29||culture,-0.013440427120936285,-0.2706407789338014,0.26756630635059625,-0.011090589816622119,-0.017251864850038375,0.13517884749976153,0.8971028971028971,1,-0.013440427120936285,-0.2706407789338014,0.26756630635059625,container-cluster bootstrap percentile,1000
quantum_yield__qy__fagus,quantum_yield,qy,fagus,2026082002,2025-08-29,precipitation,drought - control,2025-08-29||precipitation,0.1387136622253617,-0.1308728739528751,0.438967405644038,0.13772860486632713,0.13676515378935597,0.14219368543678715,0.33766233766233766,1,0.1387136622253617,-0.1308728739528751,0.438967405644038,container-cluster bootstrap percentile,1000
quantum_yield__qy__fagus,quantum_yield,qy,fagus,2026082002,2025-08-29,robinia,with-robinia - without-robinia,2025-08-29||robinia,-1.5281222710215743,-1.830140274720142,-1.2031441285397528,-1.5293077734947305,-1.5304301312791928,0.16302366408071328,0.001998001998001998,1,-1.5281222710215743,-1.830140274720142,-1.2031441285397528,container-cluster bootstrap percentile,1000
quantum_yield__qy__fagus,quantum_yield,qy,fagus,2026082002,2025-09-10,culture,mixed - mono,2025-09-10||culture,-0.0711404984298223,-0.35685275843150244,0.23048161743989795,-0.07122844127310538,-0.08137800685517269,0.15469795917868237,0.6473526473526473,1,-0.0711404984298223,-0.35685275843150244,0.23048161743989795,container-cluster bootstrap percentile,1000
quantum_yield__qy__fagus,quantum_yield,qy,fagus,2026082002,2025-09-10,precipitation,drought - control,2025-09-10||precipitation,0.23002959369912,-0.0616835849762043,0.551990187697185,0.23516795627534956,0.23337060098629564,0.15607289300161262,0.1258741258741259,1,0.23002959369912,-0.0616835849762043,0.551990187697185,container-cluster bootstrap percentile,1000
quantum_yield__qy__fagus,quantum_yield,qy,fagus,2026082002,2025-09-10,robinia,with-robinia - without-robinia,2025-09-10||robinia,-1.5017738677214632,-1.8259510122939957,-1.1833719199264974,-1.5042456918156843,-1.5043190318647501,0.1660086786612949,0.001998001998001998,1,-1.5017738677214632,-1.8259510122939957,-1.1833719199264974,container-cluster bootstrap percentile,1000
quantum_yield__qy__fagus,quantum_yield,qy,fagus,2026082002,2025-09-25,culture,mixed - mono,2025-09-25||culture,-0.024394013138878796,-0.32075803587108864,0.2892937647162336,-0.02138821479856938,-0.028485265101506542,0.15627257280116738,0.8851148851148851,1,-0.024394013138878796,-0.32075803587108864,0.2892937647162336,container-cluster bootstrap percentile,1000
quantum_yield__qy__fagus,quantum_yield,qy,fagus,2026082002,2025-09-25,precipitation,drought - control,2025-09-25||precipitation,0.28911844702436423,0.020009013884509326,0.5891970025010438,0.29249249102514985,0.29389349439507384,0.14697653358981994,0.04195804195804196,1,0.28911844702436423,0.020009013884509326,0.5891970025010438,container-cluster bootstrap percentile,1000
quantum_yield__qy__fagus,quantum_yield,qy,fagus,2026082002,2025-09-25,robinia,with-robinia - without-robinia,2025-09-25||robinia,-1.6005501942312075,-1.9071596774074184,-1.3060551262778062,-1.6006176234227374,-1.598593164027521,0.15977653718682067,0.001998001998001998,1,-1.6005501942312075,-1.9071596774074184,-1.3060551262778062,container-cluster bootstrap percentile,1000
quantum_yield__qy__fagus,quantum_yield,qy,fagus,2026082002,2025-10-07,culture,mixed - mono,2025-10-07||culture,-0.001385247287958478,-0.24394160949105806,0.25900357367349874,-0.00175751488280158,-0.006766246007669015,0.12978157235919088,0.977022977022977,1,-0.001385247287958478,-0.24394160949105806,0.25900357367349874,container-cluster bootstrap percentile,1000
quantum_yield__qy__fagus,quantum_yield,qy,fagus,2026082002,2025-10-07,precipitation,drought - control,2025-10-07||precipitation,0.21693335058549035,-0.011733758683909709,0.5005217652097164,0.22339533169126619,0.2199059192060837,0.1269958921643292,0.06793206793206794,1,0.21693335058549035,-0.011733758683909709,0.5005217652097164,container-cluster bootstrap percentile,1000
quantum_yield__qy__fagus,quantum_yield,qy,fagus,2026082002,2025-10-07,robinia,with-robinia - without-robinia,2025-10-07||robinia,-1.5259352524953234,-1.7799761275763226,-1.2548574896327562,-1.525131221843407,-1.5278238911574107,0.13560012599104812,0.001998001998001998,1,-1.5259352524953234,-1.7799761275763226,-1.2548574896327562,container-cluster bootstrap percentile,1000
quantum_yield__qy__fagus,quantum_yield,qy,fagus,2026082002,2025-10-20,culture,mixed - mono,2025-10-20||culture,-0.01247842562469365,-0.2558748492573311,0.21894660493645518,-0.01242818925088086,-0.01724374311673256,0.11791296804788931,0.9090909090909091,1,-0.01247842562469365,-0.2558748492573311,0.21894660493645518,container-cluster bootstrap percentile,1000
quantum_yield__qy__fagus,quantum_yield,qy,fagus,2026082002,2025-10-20,precipitation,drought - control,2025-10-20||precipitation,0.1426112363597594,-0.0974130168396067,0.4077396167342664,0.1467777629036204,0.14463924703584874,0.12916805497090375,0.2517482517482518,1,0.1426112363597594,-0.0974130168396067,0.4077396167342664,container-cluster bootstrap percentile,1000
quantum_yield__qy__fagus,quantum_yield,qy,fagus,2026082002,2025-10-20,robinia,with-robinia - without-robinia,2025-10-20||robinia,-1.5674357640937475,-1.8228917194304213,-1.3212076624041054,-1.5683607783330098,-1.571927953093246,0.12877405782869758,0.001998001998001998,1,-1.5674357640937475,-1.8228917194304213,-1.3212076624041054,container-cluster bootstrap percentile,1000
quantum_yield__qy__fagus,quantum_yield,qy,fagus,2026082002,2025-11-12,culture,mixed - mono,2025-11-12||culture,0.08445371060834564,-0.02236402605933837,0.23588906459510922,0.08891579786472606,0.08413351830580756,0.0677444676449452,0.16383616383616384,1,0.08445371060834564,-0.02236402605933837,0.23588906459510922,container-cluster bootstrap percentile,1000
quantum_yield__qy__fagus,quantum_yield,qy,fagus,2026082002,2025-11-12,precipitation,drought - control,2025-11-12||precipitation,-0.04888549453487358,-0.16966804546344852,0.0639836194591334,-0.05105959656835591,-0.051611061357850596,0.05886400008232041,0.3836163836163836,1,-0.04888549453487358,-0.16966804546344852,0.0639836194591334,container-cluster bootstrap percentile,1000
quantum_yield__qy__fagus,quantum_yield,qy,fagus,2026082002,2025-11-12,robinia,with-robinia - without-robinia,2025-11-12||robinia,-0.09460061324237426,-0.2051302895607239,0.015921580540631062,-0.09465488931038217,-0.09375521263099143,0.058572421216322786,0.10589410589410589,1,-0.09460061324237426,-0.2051302895607239,0.015921580540631062,container-cluster bootstrap percentile,1000
quantum_yield__qy__quercus,quantum_yield,qy,quercus,2026082003,2025-06-18,culture,mixed - mono,2025-06-18||culture,0.1267267543992267,-0.14665171257978654,0.41187439215472543,0.1280075712028231,0.1257440599397449,0.1436266491546484,0.3756243756243756,1,0.1267267543992267,-0.14665171257978654,0.41187439215472543,container-cluster bootstrap percentile,1000
quantum_yield__qy__quercus,quantum_yield,qy,quercus,2026082003,2025-06-18,precipitation,drought - control,2025-06-18||precipitation,0.12295424056816255,-0.1726053243293519,0.42238851140685296,0.12500624290331555,0.12180932994005053,0.15367951450766637,0.40559440559440557,1,0.12295424056816255,-0.1726053243293519,0.42238851140685296,container-cluster bootstrap percentile,1000
quantum_yield__qy__quercus,quantum_yield,qy,quercus,2026082003,2025-06-18,robinia,with-robinia - without-robinia,2025-06-18||robinia,-0.2463101472468058,-0.5498691603824258,0.047456530122902754,-0.2536078643103413,-0.25086019810629484,0.1517144987840649,0.0979020979020979,1,-0.2463101472468058,-0.5498691603824258,0.047456530122902754,container-cluster bootstrap percentile,1000
quantum_yield__qy__quercus,quantum_yield,qy,quercus,2026082003,2025-07-03,culture,mixed - mono,2025-07-03||culture,0.08305035838250922,-0.2503122726367869,0.4148248574211808,0.08750561017749911,0.09007762695363591,0.16962899571832427,0.5994005994005994,1,0.08305035838250922,-0.2503122726367869,0.4148248574211808,container-cluster bootstrap percentile,1000
quantum_yield__qy__quercus,quantum_yield,qy,quercus,2026082003,2025-07-03,precipitation,drought - control,2025-07-03||precipitation,0.2627572741757928,-0.06822752039282112,0.5878113137455407,0.2576073088599388,0.2551139565760717,0.16849454289150298,0.12987012987012986,1,0.2627572741757928,-0.06822752039282112,0.5878113137455407,container-cluster bootstrap percentile,1000
quantum_yield__qy__quercus,quantum_yield,qy,quercus,2026082003,2025-07-03,robinia,with-robinia - without-robinia,2025-07-03||robinia,-0.6658594893572883,-0.999967953892561,-0.35136435215661155,-0.6759145744784917,-0.6744366994330611,0.16641754908320322,0.001998001998001998,1,-0.6658594893572883,-0.999967953892561,-0.35136435215661155,container-cluster bootstrap percentile,1000
quantum_yield__qy__quercus,quantum_yield,qy,quercus,2026082003,2025-07-17,culture,mixed - mono,2025-07-17||culture,-0.034568256537908786,-0.30744041949354417,0.24914399037982973,-0.03524276828707798,-0.032355045494601775,0.14960528156559594,0.8311688311688312,1,-0.034568256537908786,-0.30744041949354417,0.24914399037982973,container-cluster bootstrap percentile,1000
quantum_yield__qy__quercus,quantum_yield,qy,quercus,2026082003,2025-07-17,precipitation,drought - control,2025-07-17||precipitation,-0.20012662581282428,-0.47797009038813326,0.1201082919903748,-0.19931281652897886,-0.19937138943292088,0.1558903765616766,0.1918081918081918,1,-0.20012662581282428,-0.47797009038813326,0.1201082919903748,container-cluster bootstrap percentile,1000
quantum_yield__qy__quercus,quantum_yield,qy,quercus,2026082003,2025-07-17,robinia,with-robinia - without-robinia,2025-07-17||robinia,-0.5325776756245306,-0.8469764359229076,-0.24900470508178,-0.5280967265607553,-0.5207557222047303,0.15352837739396774,0.001998001998001998,1,-0.5325776756245306,-0.8469764359229076,-0.24900470508178,container-cluster bootstrap percentile,1000
quantum_yield__qy__quercus,quantum_yield,qy,quercus,2026082003,2025-07-31,culture,mixed - mono,2025-07-31||culture,0.17892280863957136,-0.00937813095212177,0.3766622573623843,0.17265803836171853,0.16284684272073532,0.09920474748651112,0.06993006993006994,1,0.17892280863957136,-0.00937813095212177,0.3766622573623843,container-cluster bootstrap percentile,1000
quantum_yield__qy__quercus,quantum_yield,qy,quercus,2026082003,2025-07-31,precipitation,drought - control,2025-07-31||precipitation,-0.24368907578334972,-0.47087793963216773,-0.0028654440472785925,-0.23936241739278424,-0.24683347218184565,0.1237170424815245,0.04795204795204795,1,-0.24368907578334972,-0.47087793963216773,-0.0028654440472785925,container-cluster bootstrap percentile,1000
quantum_yield__qy__quercus,quantum_yield,qy,quercus,2026082003,2025-07-31,robinia,with-robinia - without-robinia,2025-07-31||robinia,-0.15941313939814666,-0.4147842272979533,0.06411941966586031,-0.15018433523995817,-0.13827014617198669,0.12120002412686605,0.18981018981018982,1,-0.15941313939814666,-0.4147842272979533,0.06411941966586031,container-cluster bootstrap percentile,1000
quantum_yield__qy__quercus,quantum_yield,qy,quercus,2026082003,2025-08-14,culture,mixed - mono,2025-08-14||culture,0.215394308504231,-0.1262194379718251,0.5900955077107868,0.2210786656375526,0.21968166787448515,0.1781864668128564,0.2077922077922078,1,0.215394308504231,-0.1262194379718251,0.5900955077107868,container-cluster bootstrap percentile,1000
quantum_yield__qy__quercus,quantum_yield,qy,quercus,2026082003,2025-08-14,precipitation,drought - control,2025-08-14||precipitation,-0.1272011562444607,-0.5167547875212442,0.23006676336583406,-0.12177067349900769,-0.11630061726298013,0.1905507482409296,0.5454545454545454,1,-0.1272011562444607,-0.5167547875212442,0.23006676336583406,container-cluster bootstrap percentile,1000
quantum_yield__qy__quercus,quantum_yield,qy,quercus,2026082003,2025-08-14,robinia,with-robinia - without-robinia,2025-08-14||robinia,-0.8824796882650456,-1.2248953851886304,-0.48770717703893984,-0.8701399782491476,-0.8740013513044742,0.1882091147985625,0.001998001998001998,1,-0.8824796882650456,-1.2248953851886304,-0.48770717703893984,container-cluster bootstrap percentile,1000
quantum_yield__qy__quercus,quantum_yield,qy,quercus,2026082003,2025-08-29,culture,mixed - mono,2025-08-29||culture,0.13840184159455393,-0.13436038256016142,0.4043152812404462,0.13178913460491357,0.12978401476723828,0.13699555451162665,0.32167832167832167,1,0.13840184159455393,-0.13436038256016142,0.4043152812404462,container-cluster bootstrap percentile,1000
quantum_yield__qy__quercus,quantum_yield,qy,quercus,2026082003,2025-08-29,precipitation,drought - control,2025-08-29||precipitation,0.24931164072412534,-0.03435034010764385,0.5868027965007823,0.2567051750164879,0.25539622098949477,0.15762166498545047,0.08791208791208792,1,0.24931164072412534,-0.03435034010764385,0.5868027965007823,container-cluster bootstrap percentile,1000
quantum_yield__qy__quercus,quantum_yield,qy,quercus,2026082003,2025-08-29,robinia,with-robinia - without-robinia,2025-08-29||robinia,-0.3006536462039894,-0.6168892422510085,0.0026603079972956087,-0.3037681907569767,-0.297879953956051,0.16340656995191727,0.057942057942057944,1,-0.3006536462039894,-0.6168892422510085,0.0026603079972956087,container-cluster bootstrap percentile,1000
quantum_yield__qy__quercus,quantum_yield,qy,quercus,2026082003,2025-09-10,culture,mixed - mono,2025-09-10||culture,0.2316447677085271,0.026199355345003898,0.4458297614506743,0.2304306835834054,0.23305233811336662,0.1117394510106461,0.027972027972027972,1,0.2316447677085271,0.026199355345003898,0.4458297614506743,container-cluster bootstrap percentile,1000
quantum_yield__qy__quercus,quantum_yield,qy,quercus,2026082003,2025-09-10,precipitation,drought - control,2025-09-10||precipitation,0.35424718419437234,0.13215767714234597,0.6125782348570507,0.3540286263858935,0.3523066011202208,0.12502790987978687,0.00999000999000999,1,0.35424718419437234,0.13215767714234597,0.6125782348570507,container-cluster bootstrap percentile,1000
quantum_yield__qy__quercus,quantum_yield,qy,quercus,2026082003,2025-09-10,robinia,with-robinia - without-robinia,2025-09-10||robinia,-0.1867777206472361,-0.46044969372531,0.056504483822490056,-0.18162013389159393,-0.17675442968227195,0.13536055724645393,0.17582417582417584,1,-0.1867777206472361,-0.46044969372531,0.056504483822490056,container-cluster bootstrap percentile,1000
quantum_yield__qy__quercus,quantum_yield,qy,quercus,2026082003,2025-09-25,culture,mixed - mono,2025-09-25||culture,0.12751561164216083,-0.11014822360743978,0.3620553975681961,0.11857638420183425,0.11575295431877053,0.11942090054396402,0.32367632367632365,1,0.12751561164216083,-0.11014822360743978,0.3620553975681961,container-cluster bootstrap percentile,1000
quantum_yield__qy__quercus,quantum_yield,qy,quercus,2026082003,2025-09-25,precipitation,drought - control,2025-09-25||precipitation,0.5533196919872423,0.3514463363022253,0.8420135925132296,0.5587288247319927,0.5458776539549781,0.12738172067893902,0.001998001998001998,1,0.5533196919872423,0.3514463363022253,0.8420135925132296,container-cluster bootstrap percentile,1000
quantum_yield__qy__quercus,quantum_yield,qy,quercus,2026082003,2025-09-25,robinia,with-robinia - without-robinia,2025-09-25||robinia,-0.02578072244631057,-0.36636519794954275,0.22249338686247028,-0.025972908471780562,-0.013752267289020577,0.1484100449854996,0.945054945054945,1,-0.02578072244631057,-0.36636519794954275,0.22249338686247028,container-cluster bootstrap percentile,1000
quantum_yield__qy__quercus,quantum_yield,qy,quercus,2026082003,2025-10-07,culture,mixed - mono,2025-10-07||culture,0.12951404999090985,-0.2101193377713926,0.47340336548018347,0.13040783846779994,0.1273833854810489,0.17390398268153937,0.45354645354645357,1,0.12951404999090985,-0.2101193377713926,0.47340336548018347,container-cluster bootstrap percentile,1000
quantum_yield__qy__quercus,quantum_yield,qy,quercus,2026082003,2025-10-07,precipitation,drought - control,2025-10-07||precipitation,0.44519365922337933,0.11158472617864636,0.8191404459570467,0.4452369154490665,0.4346022900877144,0.1840254795443288,0.015984015984015984,1,0.44519365922337933,0.11158472617864636,0.8191404459570467,container-cluster bootstrap percentile,1000
quantum_yield__qy__quercus,quantum_yield,qy,quercus,2026082003,2025-10-07,robinia,with-robinia - without-robinia,2025-10-07||robinia,-0.35804739316716777,-0.756308757616784,-0.016543284957104127,-0.35737110723939647,-0.3459158193881482,0.1894906404186969,0.03196803196803197,1,-0.35804739316716777,-0.756308757616784,-0.016543284957104127,container-cluster bootstrap percentile,1000
quantum_yield__qy__quercus,quantum_yield,qy,quercus,2026082003,2025-10-20,culture,mixed - mono,2025-10-20||culture,0.3036411387463321,0.043169518809332494,0.5691515912258445,0.3007445314873146,0.2924970755774809,0.13779425492303388,0.025974025974025976,1,0.3036411387463321,0.043169518809332494,0.5691515912258445,container-cluster bootstrap percentile,1000
quantum_yield__qy__quercus,quantum_yield,qy,quercus,2026082003,2025-10-20,precipitation,drought - control,2025-10-20||precipitation,0.29790524688842923,-0.013988121616151135,0.6303443466265874,0.3021212999740696,0.29391606872572235,0.16391217886860093,0.06993006993006994,1,0.29790524688842923,-0.013988121616151135,0.6303443466265874,container-cluster bootstrap percentile,1000
quantum_yield__qy__quercus,quantum_yield,qy,quercus,2026082003,2025-10-20,robinia,with-robinia - without-robinia,2025-10-20||robinia,-0.0251846969738766,-0.35382366778493907,0.27685487048008683,-0.02012419469320833,-0.014465912885427363,0.16712503919587518,0.9310689310689311,1,-0.0251846969738766,-0.35382366778493907,0.27685487048008683,container-cluster bootstrap percentile,1000
quantum_yield__qy__quercus,quantum_yield,qy,quercus,2026082003,2025-11-12,culture,mixed - mono,2025-11-12||culture,0.08239297734673555,-0.30928752706815466,0.42653704686968674,0.07758338648091757,0.08462651989346825,0.19928113845101134,0.6653346653346653,1,0.08239297734673555,-0.30928752706815466,0.42653704686968674,container-cluster bootstrap percentile,1000
quantum_yield__qy__quercus,quantum_yield,qy,quercus,2026082003,2025-11-12,precipitation,drought - control,2025-11-12||precipitation,0.3158911920271641,-0.0045521933443177535,0.7090370872048939,0.32095358996092427,0.31166377807306545,0.18758776236438812,0.059940059940059943,1,0.3158911920271641,-0.0045521933443177535,0.7090370872048939,container-cluster bootstrap percentile,1000
quantum_yield__qy__quercus,quantum_yield,qy,quercus,2026082003,2025-11-12,robinia,with-robinia - without-robinia,2025-11-12||robinia,-0.39216108638352304,-0.7959321650913022,-0.048606812960961976,-0.39511943587671766,-0.38512043535771584,0.19109991101939966,0.025974025974025976,1,-0.39216108638352304,-0.7959321650913022,-0.048606812960961976,container-cluster bootstrap percentile,1000
