date,air_temp,rh,patm,vpd,radiation,precip_mm
2024-11-04,7.603801538461538,0.9235672461538461,96.10371969230769,0.08055412076923077,23.09923664107693,NA
2024-11-05,7.313969729166667,0.9376225319444444,96.09850493055555,0.06642466895833334,51.58816059444446,NA
2024-11-06,7.464976520833333,0.9307755520833333,96.35180895833334,0.08019581409722223,64.42475248837505,NA
2024-11-07,9.075439395833333,0.92625633125,96.39361875,0.08460505833333334,15.238552715277779,NA
2024-11-08,8.217303048611111,0.9032654736111111,96.08503451388889,0.1130107573611111,69.55595326430554,NA
2024-11-09,6.775694131944444,0.9504092229166666,96.074524375,0.04844445006944444,23.282781020833337,NA
2024-11-10,6.3292358194444445,0.9486273923611112,96.14443833333333,0.04808515993055556,14.546147659492362,NA
2024-11-11,5.925833055555556,0.9146432451388888,96.23625263888889,0.08109297534722222,46.799861728472216,NA
2024-11-12,4.801932701388889,0.9299314479166667,95.96830097222222,0.06024473451388889,16.538552441666674,NA
2024-11-13,2.9589929444444443,0.9312765826388889,96.27643326388889,0.051552703958333335,15.011577766180555,NA
2024-11-14,2.6126387627083334,0.9003624680555555,96.23869916666666,0.07860823368055556,56.16683306875,NA
2024-11-15,2.1941318472708327,0.9231119979166666,96.06105916666667,0.06318420333333333,66.60728437057637,NA
2024-11-16,1.2886805129791667,0.9619331798611112,95.62235194444445,0.025239409930555554,31.448419854999994,NA
2024-11-17,4.7882983875,0.9429974159722222,95.21579138888889,0.052772904375,45.584282286111105,NA
2024-11-18,7.286874763888889,0.8209543652777778,95.07302,0.19311614375,58.16125598749998,NA
2024-11-19,8.158992756944444,0.8584437090277778,94.116940625,0.15700048930555555,19.732067162041673,NA
2024-11-20,2.7695947736111117,0.8471045923611111,94.13583430555556,0.11307695326388888,49.476645201298595,NA
2024-11-21,-0.22646991434722202,0.8533093388888888,93.55615722222223,0.09231269381944446,21.238074867819435,NA
2024-11-22,-1.4990624645833333,0.9520334097222222,94.63434083333333,0.02594732013888889,6.946596238888886,NA
2024-11-23,0.7133680562500001,0.8712669715277778,95.79327111111111,0.08996805229166668,67.0037060111111,NA
2024-11-24,6.750659555555556,0.7163756583333333,95.70275756944444,0.29430141868055554,45.9942729297139,NA
2024-11-25,9.35032376388889,0.6863705701388889,95.12486930555555,0.4341658291666667,72.36179011543054,NA
2024-11-26,7.413657180555556,0.8910107201388889,95.751363125,0.11701550465277778,46.992626751826364,NA
2024-11-27,6.1464001875,0.8723004277777778,95.7646011111111,0.13585050291666667,68.62105980527781,NA
2024-11-28,4.814895629263889,0.9276580645833333,96.04045465277778,0.06545023243055555,7.396019916687499,NA
2024-11-29,1.097673577638889,0.9362240368055555,96.459036875,0.04396943006944445,48.71690337242985,NA
2024-11-30,0.7995833310138889,0.9161483444444445,96.39776548611111,0.05413558166666667,22.694223249305562,NA
2024-12-01,0.6964004069930554,0.9100292541666667,96.07420888888889,0.06085832659722222,54.25542284259033,NA
2024-12-02,5.322106305555556,0.9105788916666666,95.521930625,0.08198637465277778,22.81449762244444,NA
2024-12-03,4.892106277777778,0.9100588756944444,95.52043895833333,0.07929205694444445,36.0610732573611,NA
2024-12-04,2.933634120833333,0.917110275,95.99467652777778,0.06509781131944445,32.88679913402776,NA
2024-12-05,1.5677082595138894,0.9123579479166667,95.85532805555556,0.0638795682638889,44.993056288659695,NA
2024-12-06,5.465694194444445,0.8435674361111111,95.27491513888889,0.14472519138888887,22.765195761777772,NA
2024-12-07,4.600705819444444,0.8435386256944445,94.458583125,0.13876627333333333,19.10517741409723,NA
2024-12-08,2.9000809263888887,0.9177541270833334,94.18444284722221,0.06230500486111111,24.327033112500015,NA
2024-12-09,2.3987962291666665,0.9186665118055556,94.93441423611111,0.05852870868055556,6.3605683305555525,NA
2024-12-10,1.9184374722222222,0.8578679076388889,95.53872118055556,0.09954365659722222,10.784768573610423,NA
2024-12-11,1.7317939791666666,0.8535092166666667,96.04282569444445,0.10108849472222223,11.660606737916666,NA
2024-12-12,1.1768518423611112,0.8573772777777777,96.24720965277778,0.09471644256944445,12.476500913888884,NA
2024-12-13,-0.1665972159722222,0.9095944083333334,96.092111875,0.054476547083333333,16.093856222013898,NA
2024-12-14,1.5013310087499996,0.9359815722222222,95.79381145833334,0.04344646840277778,12.011576279631948,NA
2024-12-15,2.3292244243055555,0.9165232347222222,96.71368104166666,0.061649949513888885,36.93129011527778,NA
2024-12-16,3.776944319444444,0.8413518166666667,97.11426180555556,0.14403543208333333,60.18814177083333,NA
2024-12-17,3.633414237430556,0.8881672118055556,96.499203125,0.09978247618055557,54.00957385161806,NA
2024-12-18,4.773113208333333,0.8773427868055556,95.865518125,0.11310431423611111,29.04047060555554,NA
2024-12-19,5.675208083333334,0.8863875770833334,94.6162863888889,0.10812946534722222,13.092823029610416,NA
2024-12-20,0.7850925725416666,0.9182329555555555,95.76156722222223,0.05350882208333333,14.563971983240275,NA
2024-12-21,2.3918980663472227,0.795550425,95.77285479166666,0.15408268444444445,42.145219763701405,NA
2024-12-22,2.871678175,0.92667149375,94.46657284722222,0.05526946722222222,6.612075654145836,NA
2024-12-23,0.4391666527083334,0.9441315645833334,95.04422555555556,0.034722857013888886,4.693670487916664,NA
2024-12-24,0.9418980907638888,0.9370870006944444,96.28795777777778,0.04151804354166667,32.19743502311806,NA
2024-12-25,-0.6753240507638888,0.9220498548611111,96.8383225,0.04706313333333333,64.21829171529859,NA
2024-12-26,-1.6482291083402778,0.9201458055555556,96.77806826388888,0.04436371305555556,44.15193760416664,NA
2024-12-27,-1.8889930347222224,0.9465421027777777,96.72901145833333,0.027983635069444443,16.007818446527786,NA
2024-12-28,-2.3334953541666668,0.9529740388888889,96.52129854166667,0.023775110069444445,26.153375247451375,NA
2024-12-29,-2.477824048611111,0.9535796055555555,96.47751118055555,0.02318389847222222,31.02335619652778,NA
2024-12-30,-3.024467527777778,0.9527168756944444,96.55197701388889,0.022817025138888888,24.417432582847216,NA
2024-12-31,-2.923657307638889,0.9534373395833333,96.50430756944445,0.022554223194444445,46.950484182430564,NA
2025-01-01,-0.27293980416666674,0.9292824847222222,96.05092625,0.0454250361111111,73.60514707634026,0
2025-01-02,4.22406229375,0.7851446423611111,95.15497208333333,0.19013855840277777,21.06122290645834,19.000000000000004
2025-01-03,-0.6254513500000001,0.9308231138888888,95.65484701388888,0.04073747715277778,30.966641201388864,0
2025-01-04,-3.225925786805556,0.9405829458333334,95.38005756944445,0.02855864048611111,31.42251539652777,9.800000000000002
2025-01-05,5.111434972451389,0.9305313354166667,94.20503694444444,0.06382227513888888,28.294709056138885,10.999999999999995
2025-01-06,7.3948145,0.8083589923611111,93.69120527777778,0.21549786013888889,33.089542171059705,11.200000000000003
2025-01-07,3.8649766875,0.8836515840277778,94.35704131944445,0.09635813298611111,36.76156788887498,1.5999999999999999
2025-01-08,6.586134034722223,0.8959824895833334,94.17609388888889,0.10219683347222222,16.053903047256934,6.4
2025-01-09,6.4392241375,0.8842338777777777,94.25790854166667,0.12459516590277778,41.51450085406946,5.9
2025-01-10,0.6265972288888889,0.8904452152777778,95.41229222222222,0.07184444138888889,25.843006592597217,0
2025-01-11,-1.6623841309722223,0.8691716013888889,95.84673972222222,0.07610748895833333,71.7583883425,0
2025-01-12,-2.5056827488194444,0.8324757826388889,96.83253194444444,0.09425662861111112,62.53881909027779,0
2025-01-13,-3.6633100416666666,0.8572405854166667,97.01279229166667,0.06970567284722222,71.84281571499997,0
2025-01-14,-3.9034142022916667,0.8853823756944444,96.74658076388889,0.05647998534722223,46.72425453495142,0
2025-01-15,-1.2045254187499996,0.9294798263888889,96.50453097222223,0.04079477090277778,36.76266148449306,0.1
2025-01-16,1.7063656965277776,0.8691778569444445,96.66158326388889,0.09282404256944445,45.629187043215246,0
2025-01-17,0.2951041647708334,0.8942908229166666,96.76762701388888,0.06629171256944444,21.22198846020834,0
2025-01-18,-0.9237384048611111,0.89368515,96.27287902777778,0.061812444027777774,39.22592467062433,0
2025-01-19,-1.351412015486111,0.9249859645833334,95.609919375,0.04201855708333333,34.04940895159723,0
2025-01-20,-1.8952661431041669,0.9409270423611111,95.398663125,0.03169716805555555,53.081110301111124,0
2025-01-21,-1.4863541078472222,0.9526440506944445,95.210751875,0.025507560208333332,32.63328248772918,0
2025-01-22,-0.7306712665972225,0.9582457979166666,94.580879375,0.023650902638888888,17.346508223587488,0.5
2025-01-23,2.918252210625,0.9429560951388889,94.69611465277778,0.04383025458333334,25.92399840655555,2.6
2025-01-24,6.3511920277777785,0.7247945333333333,94.95165166666666,0.30517572305555557,65.54876855761802,0
2025-01-25,9.627233361111111,0.6192945347222222,94.59593243055555,0.4977203326388889,58.76879279115971,0
2025-01-26,6.638008861111111,0.7568515819444445,94.6477286111111,0.25367276465277777,87.02820501782364,3
2025-01-27,5.986191854166667,0.9133684805555555,93.950984375,0.07974125159722222,17.925102351013198,39.700000000000024
2025-01-28,4.924374805555556,0.914780175,93.79784583333333,0.07427597625,32.87894607590277,9.199999999999994
2025-01-29,5.009363211111112,0.8243062145833333,94.61800652777778,0.1744151097222222,83.78304997201387,0.2
2025-01-30,3.4545252886805558,0.8897062201388889,95.1961925,0.09449531951388888,44.489810974513894,1.6
2025-01-31,3.339212875,0.9258474194444445,96.08776395833333,0.05683624388888889,19.776247224284727,1.4000000000000001
2025-02-01,1.0531944305555556,0.9146573680555555,96.060315625,0.055982558819444445,14.865476407222227,0
2025-02-02,1.0135879465277777,0.9277617736111111,95.78286194444445,0.04735156138888889,16.039932235416668,0
2025-02-03,1.19247681875,0.9169143215277777,96.09891888888889,0.055262044305555556,31.163838460833325,0
2025-02-04,0.5131944069027778,0.89215424652777775,96.36729208333334,0.07386394208333333,73.8431064486111,0
2025-02-05,-1.578194396111111,0.9461319118055556,96.98670486111111,0.029098960138888887,44.07400124979164,0
2025-02-06,0.4495948836111111,0.9330203423611111,96.70301909722222,0.04204583513888889,11.113767541388892,0.4
2025-02-07,1.2043054763194443,0.8758729993055555,95.74628680555556,0.08816889750000001,77.72716763354163,0
2025-02-08,1.3714582359027778,0.8688574958333334,95.57777972222222,0.10250969923611111,91.52004473145836,0
2025-02-09,3.458692008770834,0.8645350270833333,96.02946743055556,0.11762108013888889,70.55394503886802,0
2025-02-10,3.127245226180556,0.91146385,95.74361972222222,0.07333289923611111,50.653093675902795,2.500000000000001
2025-02-11,5.638228986111111,0.9446229986111111,95.51744694444444,0.05012560993055556,20.607901777083324,11.099999999999994
2025-02-12,7.388576138888888,0.9191498534722222,95.27220263888888,0.08729734374999999,61.05029372847219,0.4
2025-02-13,4.816967451388889,0.9209422111111111,95.17007972222223,0.07000790562499999,17.905518609187496,7.599999999999998
2025-02-14,-1.1772222088194446,0.9158894298611111,95.65049055555555,0.046338554722222224,11.832541655069441,1.2
2025-02-15,-1.9603124327083332,0.8736782097222222,95.47788680555556,0.068821290625,69.96445402499998,0
2025-02-16,-0.591504594652778,0.9032176756944444,95.11603298611111,0.05884248340277778,66.01404700416667,0
2025-02-17,0.02645833277777785,0.8845351520833333,95.40540715277778,0.07084305944444444,28.526062071319444,0
2025-02-18,0.014016212083333316,0.8693896583333334,95.61221381944445,0.07986373847222222,37.83069195763888,0
2025-02-19,0.2987962548611115,0.8532801715277778,95.80742638888889,0.09961025736111112,77.16048339347225,0
2025-02-20,3.538472145368055,0.9061393173611111,96.12584993055556,0.0896686763888889,51.615260675187486,0
2025-02-21,5.591273025694445,0.8635706826388889,95.86889722222222,0.16119003812500002,117.73748645625002,0
2025-02-22,8.512268423611111,0.8105327215277778,95.68023319444444,0.2573172738194444,89.22455976388889,0
2025-02-23,7.7892705,0.91146478125,96.42020152777778,0.09476735069444445,30.527347538888886,1.9000000000000004
2025-02-24,7.898217326388889,0.8844704472222222,95.98172069444445,0.13145582659722224,67.68789212500002,0
2025-02-25,7.444745013888889,0.8747403548611111,95.08213180555556,0.12982131736111113,42.71768267568752,0.6000000000000001
2025-02-26,3.9101039680555556,0.8835999645833333,95.47189840277778,0.097538726875,30.995930759236103,2.600000000000001
2025-02-27,2.8976850486111103,0.9102660513888889,95.48775368055556,0.06823027798611112,51.718728384027784,1.7000000000000002
2025-02-28,3.144571606111111,0.8177718368055555,95.73975131944445,0.151970141875,75.79121721295834,0
2025-03-01,2.8848841458333334,0.82727473125,95.99688513888889,0.13260887631944443,47.115235923145846,0
2025-03-02,2.5265624125694446,0.8344961375,96.31199715277778,0.1347896876388889,90.22763854097221,0
2025-03-03,3.5317475884027774,0.7912141993055556,96.17206277777778,0.21481117625000004,150.49104907868056,0
2025-03-04,4.874826316180555,0.7464603888888889,96.00800131944445,0.2846720996527778,152.8187278909028,0
2025-03-05,6.626168998888889,0.7036370041666667,95.96904013888889,0.37608779076388893,155.68677853930552,0
2025-03-06,8.044849679166667,0.6467426763888889,95.67567722222222,0.4822331551388888,158.98764596736106,0
2025-03-07,8.169259006944444,0.6115848055555555,95.34971375,0.5044141939583333,157.59418536111107,0
2025-03-08,8.419316763888888,0.5743343465277778,94.77118715277778,0.5889291647916667,161.83764226340278,0
2025-03-09,10.1511804375,0.5497760125,93.9715986111111,0.7011573715277777,158.80893333055556,0
2025-03-10,8.421840187499999,0.7569947576388889,93.86147166666667,0.28455215055555555,70.41243417819446,0.2
2025-03-11,8.210185263888889,0.7804742708333333,93.81343513888889,0.3022482547222222,129.92753934652782,0
2025-03-12,6.108633916666666,0.9040916333333333,93.35727416666667,0.09104201743055555,44.50391909722221,4.100000000000001
2025-03-13,5.17350676388889,0.8629593388888889,93.27601354166667,0.12963390493055554,62.1048841433125,1.9000000000000001
2025-03-14,3.725231361111111,0.8151136236111111,93.94159993055555,0.15423024104166666,88.16950310138891,0
2025-03-15,4.394259111111111,0.8499197618055556,94.30278784722222,0.126796989375,20.36459567333334,0.1
2025-03-16,3.204363375,0.9242144416666667,95.02737388888889,0.057935028680555556,32.87012777333332,5.799999999999996
2025-03-17,4.283344736111111,0.7802814534722222,95.64153319444445,0.2001431195833333,139.6550509625,0
2025-03-18,3.3363077536805554,0.73759973125,95.86451958333333,0.23536591729166664,174.63324243749994,0
2025-03-19,6.504953711111111,0.6620015861111112,96.04837875,0.42393356236111107,190.49774167361116,0
2025-03-20,9.578367277777778,0.5989525125,95.87867798611111,0.5895909409722223,170.53232124493056,0
2025-03-21,10.649664298611112,0.6390184861111111,94.98013590277777,0.5238706770833333,120.832857604375,0
2025-03-22,14.056538972222222,0.5201397861111111,94.08451611111111,0.8341012124999999,171.5833970555555,0
2025-03-23,10.206978923611112,0.7946694118055555,94.18731090277778,0.2764636572222222,119.27612169861116,1.8
2025-03-24,10.039525375,0.8298544840277777,94.88197756944444,0.2355332913888889,137.5306150185139,4
2025-03-25,9.057847041666667,0.8800005368055556,95.39722444444445,0.14976630041666666,100.23298755534718,1.5
2025-03-26,8.560786854166667,0.8897207965277778,95.45632131944444,0.13237089472222222,74.41886361083333,8.399999999999997
2025-03-27,7.434756659722223,0.8414453305555556,95.26390145833334,0.16958513131944442,76.57214761759028,0
2025-03-28,8.014201020833333,0.8105066805555555,94.71560743055555,0.21638670833333332,83.9276322270833,0
2025-03-29,7.962592277777778,0.8804299375,95.01860618055555,0.1295491347916667,55.40462814120139,4.000000000000001
2025-03-30,9.326990520833332,0.7435918715277777,95.52448868055555,0.35010785631944447,153.84919215277776,0
2025-03-31,8.00199063888889,0.6648694125,95.76427284722222,0.3808982263194444,138.00759280534032,0
2025-04-01,6.0938885576388895,0.7272777451388889,95.36258,0.2804660254861111,152.9780522013889,0
2025-04-02,10.376365854166666,0.6785836423611111,95.07717118055555,0.46869562777777785,216.87340124097219,0
2025-04-03,11.628136187500001,0.6671019354166667,95.54295694444444,0.5604243449999999,220.30158351625008,0
2025-04-04,12.68879586111111,0.6522076048611111,95.25134833333334,0.6253946871527778,224.93740930347226,0
2025-04-05,13.556538729166666,0.5544326097222222,94.93146826388889,0.8241589708333333,228.91505258104164,0
2025-04-06,8.132001854166667,0.5058904784722222,95.29837458333333,0.5507277236111111,236.5836268124999,0
2025-04-07,6.987187491666667,0.48036838125,95.60424861111112,0.5816457965277778,237.59845217611112,0
2025-04-08,7.936689605763889,0.5634105048611111,95.789384375,0.5499065506944445,238.47012075694448,0
2025-04-09,9.908784368055555,0.5704279784722223,95.61111152777778,0.6182543201388888,228.54167073541663,0
2025-04-10,10.485358520833334,0.56471189375,95.88882680555555,0.6735847778472221,232.94332937472217,0
2025-04-11,12.608564652777778,0.5621709256944445,95.5126920138889,0.7949629236111111,240.66116380555556,0
2025-04-12,13.845358541666666,0.5871554083333334,94.73125534722222,0.7469039215277778,205.34111915277785,0
2025-04-13,13.52712951388889,0.7789078368055555,94.59237986111111,0.35991675416666663,114.1361607173611,0.2
2025-04-14,14.738078194444444,0.7617510076388889,94.38175458333333,0.45822139375,218.28806871965276,2.4000000000000004
2025-04-15,13.425103798611111,0.8055703319444445,93.84597479166666,0.3407439465277778,145.81134681944445,0.1
2025-04-16,10.252002097222222,0.841595223611111,94.34097298611111,0.21389991562500002,88.0608687173611,4.200000000000001
2025-04-17,7.557082854166667,0.9162129263888888,94.46138048611111,0.08725867611111111,49.32945815277778,6.299999999999998
2025-04-18,6.944721902777777,0.8547088743055555,94.93549222222222,0.1557572470138889,105.69333959166666,0
2025-04-19,11.413726631944447,0.6879048291666666,94.349896875,0.5685066641666666,245.42040608958325,0
2025-04-20,9.1551155625,0.8127309819444445,94.40656118055556,0.23974047298611112,142.86143547872916,0.5
2025-04-21,10.387210611111112,0.7857834104166667,94.91056215277777,0.3170225742361111,169.44767964812502,0
2025-04-22,12.804050694444445,0.6810805243055555,95.33944159722222,0.5656676410416667,255.00744112986118,0
2025-04-23,11.406018215277777,0.7831587694444445,95.098560625,0.35937104194444447,207.1655183819444,18.400000000000002
2025-04-24,9.613101756944445,0.8424999694444445,95.28545902777778,0.20194126833333334,107.85849506020833,4.400000000000001
2025-04-25,9.235173388888889,0.9037922131944445,95.29131006944445,0.11482637729166667,94.4629610872639,9.299999999999995
2025-04-26,11.161898034722222,0.8277221847222223,95.233285625,0.25008855645833333,130.60622645555551,0
2025-04-27,12.007129076388889,0.7913699881944445,95.66802097222222,0.343940899375,198.42287599791663,0
2025-04-28,14.981504229166667,0.7275064520833333,95.88841951388889,0.5702395421527777,257.8357474465279,0
2025-04-29,16.540034020833332,0.6698587722222222,95.84666444444444,0.763233923263889,272.23140589375,0
2025-04-30,16.855543305555553,0.6196702263888888,95.70415055555556,0.8966029363888888,275.604345525,0
2025-05-01,17.733321347222223,0.5893940680555556,95.559185625,1.0223867708333336,279.23248496525,0
2025-05-02,19.767291319444446,0.5997364277777778,95.36578236111112,1.0989533541666667,276.2404951972223,0
2025-05-03,17.367395416666668,0.7622694111111111,94.99329548611111,0.5021518972222222,181.04983765277782,2.6
2025-05-04,12.849259104166666,0.8739827180555555,94.52551152777778,0.2042567217361111,98.1196938120139,16.60000000000001
2025-05-05,6.961550652777778,0.9154810895833333,94.50512770833333,0.08404617444444444,40.8923499092361,18.000000000000025
2025-05-06,7.6756708611111115,0.8568030902777778,94.886271875,0.1559452404861111,46.633015395833326,1.9000000000000008
2025-05-07,8.887421888888888,0.8048391402777778,94.89510833333334,0.23893261104166666,84.40687297659723,0
2025-05-08,10.938587881944445,0.7450922076388888,94.83448298611111,0.37247981944444447,180.21992814814584,0
2025-05-09,10.124004680555556,0.7525985791666666,95.14349826388889,0.3428584671527778,182.4279665347223,0
2025-05-10,12.74532365972222,0.6708925590277778,95.29279180555555,0.5960653077777777,293.1557532798611,0
2025-05-11,15.728783986111111,0.5928897902777778,94.84372847222222,0.8577583638888889,298.26911477536817,0
2025-05-12,14.42681661111111,0.7440586583333333,94.87154868055555,0.5121981134027778,225.0893135569444,10.499999999999998
2025-05-13,13.98839051388889,0.7719199895833333,95.15946229166667,0.4204311477083333,198.80046844675695,0
2025-05-14,15.057580395833334,0.6339446458333333,95.21950930555556,0.7692261305555556,306.36001957430557,0
2025-05-15,15.763035416666666,0.5539976194444445,95.02291597222222,0.9006676361111111,289.5756558243055,0
2025-05-16,12.581228083333333,0.5450502347222222,95.23846083333333,0.7418681986111111,295.27141841944444,0
2025-05-17,13.815613423611111,0.6201476625,95.1447736111111,0.6780026430555555,227.55439168291673,0
2025-05-18,14.682175548611111,0.6307023951388889,95.19420395833333,0.7052249340277779,287.4309694347222,0
2025-05-19,16.748529569444443,0.6112794833333334,95.20111138888889,0.8942123208333334,293.6280081620139,0
2025-05-20,15.964999652777777,0.7923704493055556,95.13064361111111,0.4352952923611111,196.8328756661805,23.400000000000013
2025-05-21,13.080451291666668,0.9005603840277778,95.03074756944444,0.15336902930555554,102.50926624259027,15.599999999999994
2025-05-22,10.112476756944444,0.9166994979166667,94.89136166666667,0.10347069590277778,62.35547878743057,8.999999999999995
2025-05-23,11.572522944444446,0.7568328423611111,95.24724618055555,0.372727635625,237.11368489791664,0
2025-05-24,12.613807645833333,0.6480908270833333,95.4589226388889,0.5880667430555556,296.81221268102087,1
2025-05-25,14.009664006944444,0.8276923263888889,95.36608097222222,0.30161979652777776,123.80721763379861,0.30000000000000004
2025-05-26,13.569363472222221,0.8549545951388889,95.59731138888888,0.22969167222222223,98.42774337013888,4.1000000000000005
2025-05-27,14.227592430555555,0.7687860840277778,95.78335020833333,0.4106823916666667,146.96657726666663,0
2025-05-28,14.012303472222222,0.8527676736111112,95.74893055555556,0.24328729375,78.76371842152778,20.199999999999992
2025-05-29,15.903761319444444,0.7918242708333333,96.01522527777777,0.44432957423611114,255.49546577986118,0
2025-05-30,19.022696194444446,0.6774647826388889,95.87109090277778,0.8984364321527778,321.89033380784724,0
2025-05-31,21.774339722222223,0.6617464972222222,95.61595361111111,1.0950825791666665,306.87208881479165,2.5999999999999996
2025-06-01,20.164536666666667,0.7818033256944444,95.36984416666667,0.6609498055555556,254.0055448840278,8.3
2025-06-02,17.006978888888888,0.8844069041666667,95.39341145833333,0.23799635625,122.53015940486112,9.999999999999998
2025-06-03,18.294363194444443,0.8209793618055555,95.18103486111112,0.434500725,233.40699062499996,0.5
2025-06-04,16.935207777777777,0.8415140854166667,94.91143006944445,0.3436107826388889,156.15111551805555,3.6
2025-06-05,16.933529583333332,0.8387048208333333,95.11788152777778,0.32982927986111116,142.18303075416665,0.7
2025-06-06,18.692603472222224,0.7914592319444445,95.19133972222222,0.4849929215277778,137.53085091365276,4.2
2025-06-07,15.566712777777777,0.8991070236111112,95.14063361111111,0.1827189402777778,100.90703698819445,19.20000000000001
2025-06-08,15.102846743055554,0.7929486923611111,95.49975708333334,0.38737284791666665,222.96806904583332,0.6000000000000001
2025-06-09,16.257325791666666,0.7021505416666667,95.89372402777778,0.6589560756944445,311.0073077055555,0
2025-06-10,18.020844069444443,0.7069168618055556,95.60498583333333,0.7293460118055556,282.0675588427778,0
2025-06-11,20.392545833333333,0.6383451131944444,95.51779597222222,1.0235180604166665,309.8039921756944,0
2025-06-12,22.013645208333337,0.6604297159722222,95.39092770833334,1.093339507638889,317.3531823777778,0
2025-06-13,24.56111027777778,0.6560194159722221,95.60607097222223,1.3082353166666665,313.2243087680556,0
2025-06-14,25.491353541666665,0.6433506631944444,95.65051909722223,1.3964383881944447,300.86864258493057,0
2025-06-15,20.653691666666667,0.7819623506944444,95.72848444444445,0.6236536159722222,215.19814376798612,9.1
2025-06-16,18.529050833333333,0.7359615409722222,96.15987854166667,0.6239026319444444,274.8737085166667,0
2025-06-17,20.02726798611111,0.6440864270833333,95.97295916666667,0.9747457527777776,325.4316830004653,0
2025-06-18,20.879605694444443,0.6613968451388889,95.87831194444445,1.034015463888889,311.80910237958335,0
2025-06-19,23.278981875,0.6120217902777778,95.84059104166667,1.3156510868055555,321.2095063048612,0
2025-06-20,23.224559305555555,0.6139478895833334,95.79646263888888,1.22349391875,320.55034211805554,0
2025-06-21,22.781376527777777,0.6017888534722222,95.67354395833334,1.280304242361111,312.4583311965277,0
2025-06-22,24.729791180555555,0.5756186090277777,95.53706034722222,1.5932337618055556,324.5633525948612,0
2025-06-23,23.422522361111113,0.69398665625,95.33322111111111,0.9445448395833335,228.27682172178476,13.299999999999999
2025-06-24,22.227418194444443,0.6749735798611111,95.41454041666667,1.011156286111111,323.86393688215264,0
2025-06-25,24.56519548611111,0.6026999666666666,95.25026472222223,1.4745379652777777,314.87164501625,0
2025-06-26,20.721805069444446,0.80052635625,95.52118527777778,0.5195643805555555,162.66192272632642,4.799999999999998
2025-06-27,22.325439236111112,0.7227957993055556,96.06762333333333,0.8444816944444444,252.54072747199308,0
2025-06-28,24.082395069444445,0.67586235625,96.18465159722223,1.1533937895833335,304.4763776041667,0
2025-06-29,26.096144583333334,0.604725201388889,95.88782826388889,1.593601836111111,319.3647142962916,0
2025-06-30,25.50631854166667,0.6300489236111111,95.49926513888889,1.3426065965277778,269.8530082194444,0
2025-07-01,26.447893055555554,0.64020251875,95.44289263888889,1.3450525638888888,273.8084902729166,0
2025-07-02,27.023957638888888,0.5750435020833333,95.3457817361111,1.7357766729166668,312.7198932358792,0
2025-07-03,24.476735555555557,0.6743882805555556,95.82306118055556,1.0916676597222223,285.0936630069375,0
2025-07-04,22.28844798611111,0.7344066784722222,95.95233611111111,0.8240082194444445,254.50591853935418,7.9
2025-07-05,22.616295347222223,0.5617919875,95.43999895833333,1.351288026388889,309.1020893958334,0
2025-07-06,19.693656805555555,0.6123721902777778,94.86083055555555,0.9871703784722222,185.50508362916668,0.5
2025-07-07,14.615995694444445,0.8788367680555556,94.55568201388888,0.20438152291666667,102.01899200229165,13.800000000000002
2025-07-08,12.749514097222223,0.8543414,95.17527145833333,0.2265431534722222,158.72475806708337,9.099999999999998
2025-07-09,15.874536472222221,0.6957952284722222,95.74022270833333,0.6395382451388889,271.07693323604167,0
2025-07-10,17.563333506944446,0.6499227638888889,95.67525958333333,0.8432865875000001,309.77579354166664,0
2025-07-11,19.51297388888889,0.6445787909722223,95.32430527777778,0.9648671812499999,291.0563554166667,0
2025-07-12,19.989212291666668,0.6086956881944444,94.99301368055555,1.0317595513888889,302.90014719395833,0
2025-07-13,22.360057152777777,0.6235813347222222,94.98756986111111,1.1404235923611112,280.9548371458334,0
2025-07-14,19.330867291666667,0.8425490319444444,95.57701798611112,0.3739355458333333,147.15169703263888,11.286000000000001
2025-07-15,19.412325625,0.8300748458333334,95.63931194444444,0.4196569534722222,168.48011459719447,13.660000000000002
2025-07-16,18.899154375,0.7268058652777778,95.46281590277778,0.6306761048611111,136.42727501150696,0.7
2025-07-17,18.005300138888888,0.7544794770833333,95.44053284722223,0.5857046631944445,263.83036510625004,4.3
2025-07-18,20.039374375,0.6905664027777778,95.10903548611111,0.8837703222222223,298.15962978472226,0
2025-07-19,19.559374444444444,0.8093527416666666,94.80283527777777,0.5233464236111112,175.59097356018475,6.1
2025-07-20,20.13491875,0.8389890868055555,94.53080805555555,0.46808098402777787,213.0929585275,15.600000000000001
2025-07-21,18.32471041666667,0.84086350625,94.6565538888889,0.35603604722222226,155.81298963819447,5.300000000000001
2025-07-22,18.476782222222223,0.7553210298611112,95.15917451388889,0.5785131791666667,208.80673003009028,2.8000000000000003
2025-07-23,19.428147847222224,0.7178267041666667,95.06880416666667,0.7309938201388889,261.89943664305554,3.4
2025-07-24,16.832927986111113,0.8727857347222222,95.07396895833334,0.2532676194444444,105.60016068493059,5.5
2025-07-25,17.043564375,0.8380535555555555,95.23204805555555,0.35525268819444444,209.74051318493056,1.9000000000000001
2025-07-26,16.56371534722222,0.8726772847222222,95.24247409722223,0.26717657777777776,107.7841257567361,21.400000000000002
2025-07-27,16.71481451388889,0.8861696472222222,95.09420715277778,0.23248728569444443,143.24074374305556,9.6
2025-07-28,13.912673541666667,0.9137131569444444,95.22707819444445,0.13779601618055556,65.00255823402779,30.000000000000004
2025-07-29,15.439791458333334,0.8391415118055555,95.52013965277777,0.31221243499999995,179.56101323125,0.8
2025-07-30,15.834004319444444,0.8208027458333333,95.46862888888889,0.36112075743055555,143.1768781620347,0.4
2025-07-31,17.723714791666666,0.8377071381944444,95.45535229166667,0.3623375215277777,165.5605765555555,6.8
2025-08-01,18.172905069444443,0.8276787875,95.0292179861111,0.4072420888888889,184.01081546781947,8.700000000000001
2025-08-02,14.035312569444445,0.9059033194444445,95.11926208333334,0.15315011368055556,97.44161691191665,24.800000000000015
2025-08-03,16.13504590277778,0.8235672145833334,95.65044604166667,0.3631852252083333,157.00283451111108,0
2025-08-04,17.730115208333334,0.8052605,95.7990926388889,0.45168065902777776,166.38780206708336,0
2025-08-05,20.042580833333332,0.7565536743055555,95.7262086111111,0.6561127159722223,188.73892075879866,0
2025-08-06,18.162002152777777,0.7069084194444445,95.851206875,0.6612824006944444,253.86762821527782,0
2025-08-07,19.979293333333334,0.7173272881944445,95.58417805555555,0.8376860027777777,262.04001163888887,0
2025-08-08,22.858101180555554,0.692776125,95.68516875,1.0597484180555554,265.06322353194446,0
2025-08-09,24.444039027777777,0.6961850333333333,95.76461180555556,1.1527621118055555,261.18170904375006,0
2025-08-10,24.42638798611111,0.6563961541666666,96.02605159722222,1.1847187118055555,261.09757840972225,0
2025-08-11,23.283853541666666,0.6615482326388888,95.71941583333333,1.0716471069444444,259.13748416388887,0
2025-08-12,25.222765833333334,0.7116351444444444,95.46521493055556,1.0875658708333333,251.55623342083334,0
2025-08-13,25.59745326388889,0.6358833041666667,95.43579354166667,1.4337088555555555,240.44149930048619,0
2025-08-14,25.307695902777777,0.6452032118055556,95.59279097222222,1.3268575319444444,233.54504307916673,0
2025-08-15,23.8213075,0.7429457958333333,95.75503631944444,0.9508553812500001,217.66352927500003,0.4
2025-08-16,23.666839791666668,0.7409405930555556,95.59956201388889,0.8512439909722223,199.008667381875,0
2025-08-17,21.410508680555555,0.7145765895833334,95.45597173611111,0.7969767770833334,191.35057409256953,0
2025-08-18,20.421978541666665,0.6982539,95.30087458333334,0.8499277888888889,251.64596531249995,0
2025-08-19,21.962325625000002,0.68439175625,95.02606506944444,0.9950628222222222,243.99194597407367,0
2025-08-20,19.28905,0.8408623513888889,94.68858659722223,0.379179825,110.95669417569447,26.099999999999998
2025-08-21,15.8790275,0.9158221791666666,94.67316027777778,0.1525104736111111,50.579647946041675,44.900000000000034
2025-08-22,17.980126458333334,0.8095030888888889,95.25664631944444,0.4284652527777777,201.56725577525697,0
2025-08-23,15.65128451388889,0.7307728916666667,95.45312458333333,0.5237571472222222,163.69591916180556,0
2025-08-24,15.764953243055555,0.7509559881944444,95.46567083333333,0.5332635131944444,229.56437767594454,0
2025-08-25,17.160230819444443,0.7631453347222222,95.38866236111112,0.5714815007638889,238.2797795789583,0
2025-08-26,20.858981041666667,0.7201826125,95.12809881944445,0.842503226388889,235.15215590278189,2.5000000000000004
2025-08-27,20.156631527777776,0.8355797090277778,94.90037104166667,0.43988923611111114,160.8080140229167,0.7999999999999999
2025-08-28,16.836481527777778,0.8977962597222222,94.55295548611112,0.1978710076388889,50.8383664951389,17.000000000000004
2025-08-29,17.028020625,0.7918015840277778,94.39637923611112,0.4594192358333334,204.17686577500007,3.0000000000000004
2025-08-30,15.680531875,0.8274729951388888,94.88789881944444,0.3255490661111111,155.0470591597222,7.1000000000000005
2025-08-31,17.718946180555555,0.7581360743055555,94.87768361111111,0.6091707184722223,226.97577859027783,0
2025-09-01,16.155567291666667,0.8589587611111111,94.80176701388889,0.27506349875,78.67572451111108,22.300000000000004
2025-09-02,15.058124305555555,0.8455811,95.00613111111112,0.29176586222222217,144.10543278727087,0
2025-09-03,18.00922423611111,0.7519671027777778,95.10453076388889,0.5826302354166666,177.24181680020834,0
2025-09-04,17.076539375,0.87976744375,95.25952048611111,0.24815147361111112,95.9665238694236,24.400000000000002
2025-09-05,13.667997618055555,0.8918100340277778,95.83173583333334,0.18044606930555557,107.98780669647914,12.599999999999998
2025-09-06,14.64130723611111,0.8028409368055556,95.77380013888889,0.4162562724305556,213.04843701111113,0
2025-09-07,17.071921256944446,0.8168589965277778,95.41144986111111,0.4607274065972222,212.97255502083334,0
2025-09-08,17.486700902777777,0.8552915173611111,95.29095583333333,0.32293255833333334,103.63917569444443,0
2025-09-09,15.868784374999999,0.8703655861111111,95.08873069444445,0.2518733715277778,115.75258221368058,7.1000000000000005
2025-09-10,15.480335208333333,0.8820738076388889,94.674468125,0.22353278541666666,102.60626863145832,2.400000000000001
2025-09-11,15.344849027777778,0.8004853854166667,95.008140625,0.3724434034722222,74.30534846736114,0.6000000000000001
2025-09-12,13.548830784722222,0.8491518201388889,95.58190423611111,0.246947575,92.44652191662502,1.8000000000000003
2025-09-13,14.758969416666668,0.8215417458333333,95.51493388888889,0.35458065430555563,154.04905353472918,1.5
2025-09-14,16.916029375,0.8067294763888889,95.44780986111111,0.41406848472222224,161.48139529814583,5.799999999999997
2025-09-15,19.85501111111111,0.7435984604166667,95.40870409722223,0.6827698638888889,182.62081242826392,0.4
2025-09-16,15.075694375,0.7382619986111111,95.90575465277777,0.4755487840277778,154.62551997937499,0
2025-09-17,15.226863194444444,0.7473789020833334,96.05531284722223,0.4948506520833333,170.7246572173611,0
2025-09-18,16.836145340277778,0.7633570277777778,96.14887166666666,0.5804658022916667,190.03059263657642,0
2025-09-19,17.88381902777778,0.8150346986111111,96.12609041666667,0.47529270881944446,187.62854992340286,0
2025-09-20,20.244745208333335,0.77997600625,95.626799375,0.6414385458333334,180.63567769652784,0
2025-09-21,18.452731597222222,0.8267058631944445,95.09189729166667,0.4235685409722222,127.57419574305558,14.9
2025-09-22,12.583761527777778,0.9194603868055555,94.96829576388889,0.11701146444444445,41.361396009027764,16.4
2025-09-23,10.317430770833333,0.9288669833333333,95.22457569444444,0.08898012770833333,19.009093046527774,7.099999999999996
2025-09-24,10.373078583333333,0.9330033208333334,95.16328930555555,0.084550846875,37.42314435368056,10.299999999999995
2025-09-25,10.584548291666668,0.8898133875,95.34679368055555,0.14808009722222223,87.19097830319447,0.1
2025-09-26,10.673159506944444,0.8952422027777778,95.40844270833334,0.14316509125,58.70187619377083,6.3999999999999995
2025-09-27,9.833286520833333,0.9093320291666667,95.65320833333334,0.11397762645833334,76.46409478451109,8.999999999999995
2025-09-28,11.327708131944444,0.8918415125,95.57703159722222,0.16187420201388888,76.5687442520833,0
2025-09-29,11.948599375,0.8639570305555555,95.6458532638889,0.2163069970138889,118.25541761550694,0
2025-09-30,11.20253476388889,0.8896161645833334,95.79746236111112,0.15861111916666668,57.016268758958326,0
2025-10-01,9.9343403125,0.8251111965277778,96.06179972222222,0.2341558113194444,91.60687523125003,0
2025-10-02,6.990057909722221,0.8354834111111111,96.05017513888889,0.19986691722222225,122.78673937477079,0
2025-10-03,8.018946430555555,0.8757528555555556,95.6534238888889,0.14798656291666668,81.29786244722227,0
2025-10-04,12.482245125,0.7979724145833333,94.84649694444444,0.34230450416666663,87.31014678881942,4.799999999999999
2025-10-05,8.736828263888889,0.8550492840277778,95.47511319444445,0.17031678097222222,83.13132039809724,3.8
2025-10-06,9.545485847222222,0.8773236881944444,96.17574076388888,0.15350490791666666,75.62845805319446,3.300000000000001
2025-10-07,12.074107993055556,0.8257841125,96.07160590277778,0.28601372770833333,145.23804173611114,0
2025-10-08,10.042129333333333,0.91365413125,95.70483916666667,0.10888587854166666,51.24248850638193,0
2025-10-09,12.317673895833334,0.9102770430555556,95.94233625,0.13191645881944444,32.613938564375005,0
2025-10-10,11.867835534722223,0.8623750722222222,96.55432652777777,0.20545747513888887,74.31023177731251,0
2025-10-11,10.233101576388888,0.8785950993055556,96.63134916666667,0.16110136409722223,55.314833307638914,0
2025-10-12,9.965775361111112,0.8801836493055556,96.2515986111111,0.15883952104166665,53.37442952333336,0
2025-10-13,9.7758679375,0.88144336875,95.95703875,0.14610265159722222,43.429876673819436,0
2025-10-14,9.485219416666666,0.8782059819444444,95.87096291666667,0.15136975048611112,34.70799501854168,0
2025-10-15,8.621944402777778,0.8838138472222222,95.84776020833333,0.1457954421527778,58.33425195803474,0
2025-10-16,8.684837805555555,0.8910831833333334,95.72751159722222,0.12984047729166664,59.298947973819445,0
2025-10-17,8.874108208333334,0.8494414020833333,95.71551173611111,0.18519840152777778,61.98974495601387,0
2025-10-18,7.516863256944444,0.8258242680555555,95.80036041666666,0.22916832611111113,124.8885695990763,0.30000000000000004
2025-10-19,8.512754270833332,0.8703363027777777,95.23511451388889,0.1697887909027778,88.48964385930559,0
2025-10-20,10.023344666666667,0.9069904756944445,94.27573770833334,0.11626112006944445,37.05740096483335,1.5000000000000002
2025-10-21,12.668043958333334,0.85049325,94.02072743055555,0.24230106555555556,76.27540846990969,1.5
2025-10-22,13.071192152777778,0.9090180166666667,93.92135340277778,0.14013444625,46.41870661245556,20.800000000000004
2025-10-23,10.452187402777778,0.8769810986111111,93.49374,0.156074633125,25.574391034944433,10.899999999999995
2025-10-24,7.837360729166667,0.8019849159722222,94.540648125,0.22537694993055554,97.5514171642778,3.2000000000000006
2025-10-25,8.000659333333333,0.9021146652777778,94.386825625,0.1064173711111111,20.17325189500694,13.599999999999994
2025-10-26,6.899015888888889,0.8390668625,94.71762,0.1668966266666667,69.75979366870138,2.2000000000000006
2025-10-27,6.530601590277778,0.89417820625,94.69031263888888,0.10182062819444444,14.295966025075696,16.5
2025-10-28,9.708472236111112,0.8400710229166667,95.17789048611111,0.22160357118055554,103.40711997728127,1
2025-10-29,8.37358745138889,0.8810901250000001,94.59141034722222,0.14990076694444443,95.84761724536807,4.800000000000001
2025-10-30,10.026585548611111,0.8952345680555556,94.82494159722222,0.13447648722222222,39.22406144656943,0.7999999999999999
2025-10-31,10.727383937499999,0.8723701069444444,95.16929576388888,0.18827391902777776,86.6123006479167,0.1
2025-11-01,10.56795126388889,0.9138287840277778,95.13819652777778,0.11521114125000001,44.74564305045138,3.6000000000000014
2025-11-02,9.244224236111112,0.9282167506944444,95.208588125,0.08323450229166666,12.944664701340276,18.500000000000007
2025-11-03,7.43843725,0.8678576034722222,95.93801006944445,0.15688666416666663,87.53174980249997,0
2025-11-04,6.230358819444445,0.8749211527777778,95.90984513888888,0.14684087555555556,99.27525668749996,0
2025-11-05,6.047476888888889,0.8728332979166666,95.49998145833334,0.15222753555555557,100.1497548979166,0
2025-11-06,3.488321576388889,0.9446159458333333,94.80985236111111,0.043568502291666665,51.86682464305552,0
2025-11-07,4.239293819444445,0.9563874590277778,94.73302666666666,0.03579959520833333,39.565073715277784,0
2025-11-08,4.069340027083333,0.9539946409722222,95.02384916666666,0.03776229673611111,38.872706583333326,0
2025-11-09,6.630288868055556,0.9295570243055555,95.3713745138889,0.07149701062500001,25.581420008819435,0.30000000000000004
2025-11-10,5.838124770833334,0.9423109576388888,95.16316611111111,0.05305348055555555,16.5581117423125,0
2025-11-11,7.899953277777778,0.8417644333333333,95.273998125,0.20991166437500003,85.11690837430554,0
2025-11-12,7.771967284722223,0.799640125,95.29814631944444,0.2502906802777778,75.96250420832641,0
2025-11-13,11.018576027777778,0.6715708069444445,95.29609145833334,0.5091648166666667,72.21876946736107,0
2025-11-14,10.04999982638889,0.7984600354166667,94.77949347222223,0.2814889850694444,57.82565640670556,0
2025-11-15,12.000532069444445,0.7685725340277778,94.65098451388889,0.3693128798611111,74.98262270577078,0
2025-11-16,8.27826357638889,0.9087480020833333,94.40499201388889,0.10088977673611112,24.992430965277777,0
2025-11-17,5.425891033333333,0.92271999375,94.70658034722223,0.07090778833333333,15.597463067361115,8.9
2025-11-18,0.4543981157638887,0.9009166326388889,95.37654756944444,0.06846418388888889,74.26089748719443,0
2025-11-19,1.8622568645833335,0.8203844590277778,94.521815,0.13431603097222222,66.79255268055552,0.2
2025-11-20,1.1790046120555555,0.9144500826388889,94.56028916666666,0.058063876597222217,29.81680314650625,3.5000000000000004
2025-11-21,-0.631736088888889,0.8904732277777778,95.22623666666667,0.06411018854166667,8.700005349236113,0.4
2025-11-22,-3.537638749305555,0.8715268118055556,95.89507083333334,0.06392303319444445,45.40745566013891,0
2025-11-23,-2.329988360486111,0.8589113180555555,94.91476284722222,0.08037848902777779,43.9330635551111,4.100000000000001
2025-11-24,3.6985183819444445,0.9423739180555556,93.65307201388889,0.045407799652777775,10.99633790263195,29.500000000000014
2025-11-25,3.1587383125,0.9354982305555556,93.95166069444444,0.04921572701388889,20.369750300615284,8.699999999999992
2025-11-26,1.8289120201388889,0.9453934833333333,95.15504666666666,0.037879059930555556,14.154463008562495,6.699999999999996
2025-11-27,0.8924768015972222,0.9075569027777778,95.81022263888889,0.06619732083333334,67.5776664972222,0
2025-11-28,1.1105323588194447,0.8616287826388889,95.60433472222222,0.10428231166666667,68.12947665486111,0.1
2025-11-29,3.8499998256944448,0.8845725284722222,95.02190263888889,0.10513954840277778,52.49461297430556,1.0999999999999999
2025-11-30,3.9343054263888897,0.9219959166666667,94.98570763888888,0.06760121861111111,24.808745703680568,4
2025-12-01,2.98039346875,0.9310423270833333,95.34235472222223,0.05237402743055555,16.26734130742986,0.2
2025-12-02,2.025775389027778,0.9242417479166667,95.01331902777778,0.05772213645833334,68.48409523840276,0
2025-12-03,1.3460532125,0.9572595645833333,94.83061013888889,0.028574599861111112,12.282510932201395,0
2025-12-04,1.7546758541666667,0.9462551680555555,94.45314513888889,0.03727572236111111,18.571910733333343,0
2025-12-05,2.9829050078472226,0.9467658201388889,94.71503173611111,0.040340064791666665,16.57087020020834,3.700000000000002
2025-12-06,4.656689595138888,0.9124741458333333,94.81653361111111,0.0804598963888889,31.19997321186806,0.6000000000000001
2025-12-07,7.649930222222222,0.9264169770833334,95.08820194444445,0.07665123090277777,16.201329712708326,21.400000000000006
2025-12-08,9.791446659722222,0.9318564534722222,95.58336791666666,0.08438356479166667,35.669828132173635,8.099999999999998
2025-12-09,5.26414325,0.9595422055555556,95.48347888888888,0.03561088444444444,28.157980469832633,0
2025-12-10,6.104120069444445,0.9358155930555555,95.84477826388888,0.06610421006944445,38.97349837497223,0
2025-12-11,6.541481222222222,0.94055725625,95.91323465277777,0.05768130263888889,15.772068337472227,0.2
2025-12-12,5.5997913680555556,0.9263970694444444,95.87717881944444,0.06872270305555556,40.74988648124999,0
2025-12-13,3.0374652083333333,0.9561764701388888,96.30225375,0.03299840159722223,18.36438644027084,0
2025-12-14,1.5933333069444446,0.96738608125,96.10026277777777,0.02192108652777778,10.749642665486109,0
2025-12-15,0.48459490141666667,0.9694578361111111,95.51549111111112,0.018915408333333335,23.137442950902766,0
2025-12-16,0.8541897938402778,0.9701844527777778,95.05469368055556,0.01903285423611111,13.25747802965278,0
2025-12-17,3.8128239013888883,0.9354603819444445,95.6236376388889,0.05669666743055556,27.153952932847215,0
2025-12-18,1.5481249191666666,0.9442837673611111,95.82071888888889,0.04208430715277778,51.45441049954169,0
2025-12-19,1.9180554984722227,0.9647140826388889,95.75820715277777,0.024907103541666666,19.452338474708345,0
2025-12-20,4.292291534722223,0.9177161625,95.20116770833333,0.07773038506944445,48.76524459490279,0
2025-12-21,0.8030208255763889,0.9610212583333333,94.55981881944444,0.024760820555555556,15.199386568541671,0
2025-12-22,0.4223495406736111,0.9542637444444444,94.438318125,0.028669003749999998,31.718803377777103,0
2025-12-23,-0.19310183652777774,0.9462037833333333,94.69605979166667,0.032155888333333334,8.73390448147917,0
2025-12-24,0.5848495173125002,0.9031998472222222,94.9398075,0.061504157222222224,3.1094271661805566,0.2
2025-12-25,-0.21893517659722217,0.9127037854166666,95.40293645833333,0.05233356229166667,16.288477229166656,0
2025-12-26,-1.1395833090277778,0.9415937180555556,95.91087201388889,0.032251202916666666,12.064842991666676,0
2025-12-27,-1.284907367361111,0.9367628118055555,96.25467090277778,0.034971563472222224,15.276603186458331,0
2025-12-28,-1.180497672638889,0.9218876923611111,96.01421729166667,0.0447018575,33.58538546708332,0
2025-12-29,-1.702372659027778,0.9368786625,95.68875284722222,0.03366839722222222,18.680229668749988,0
2025-12-30,-1.2869328397222222,0.811610725,95.86083631944445,0.11095274305555557,36.676389465486096,0
2025-12-31,-4.057684966597222,0.8036436006944444,95.84473381944444,0.09956904423611111,56.617960990277744,0
2026-01-01,-3.0834257680555552,0.8484473048611111,94.83680923611111,0.08502195270833333,53.26162110138887,NA
2026-01-02,0.26129630282638905,0.7875021625,94.14476541666667,0.1381951298611111,15.882988504583336,NA
2026-01-03,-2.6043054231944445,0.9013343388888889,94.38489284722222,0.051596883125,35.22604751088889,NA
2026-01-04,-5.629212709513889,0.8757804041666667,94.74846548611112,0.05927494541666667,54.81493212029861,NA
2026-01-05,-5.685995173611111,0.8439437201388889,94.82535340277778,0.06847842486111111,37.33900256666665,NA
2026-01-06,-7.278819277777778,0.9113486993055555,95.06654784722222,0.03392482479166667,32.56985725972223,NA
2026-01-07,-4.726585444444444,0.8709154729166667,94.91653902777777,0.05983219215277778,54.66200252685139,NA
2026-01-08,0.25197916409722215,0.9126573743055556,94.540191875,0.05171665319444445,18.057584631360413,NA
2026-01-09,3.919918770833333,0.8765839937500001,93.61749909722222,0.10015813791666667,25.24466432808055,NA
2026-01-10,0.06975694524999998,0.9600046006944445,94.37860652777778,0.02420745041666667,3.926195854089584,NA
2026-01-11,-1.0182406934722221,0.9588608402777777,95.75547416666667,0.023266623194444443,28.66115921756944,NA
2026-01-12,1.371203642638889,0.9280881576388889,95.37276479166667,0.051193281388888894,33.93181793471665,NA
2026-01-13,3.2641896854166665,0.9051528631944444,95.15833354166666,0.08265476097222223,54.96644319165278,NA
2026-01-14,4.315902697708333,0.8294721854166667,95.34191694444445,0.18031315736111111,61.27453096247224,NA
2026-01-15,6.03552075,0.8113163979166667,95.132975,0.196959131875,57.13498717359031,NA
2026-01-16,0.9665103858333335,0.9412650125,95.17182361111111,0.03918001631944445,55.74214066131947,NA
2026-01-17,0.8798726867847222,0.9419368902777778,95.31607291666667,0.03839281722222222,33.900605156993045,NA
2026-01-18,-0.6660300805555556,0.9516704423611111,95.36131548611111,0.027773784722222222,21.71709400902779,NA
2026-01-19,-1.2556018341666666,0.9583783180555555,95.41311729166667,0.022937948402777776,36.3697027798611,NA
2026-01-20,-1.91762721875,0.9427242597222222,95.26846652777778,0.032700517152777775,67.16540723356943,NA
2026-01-21,-2.477881854861111,0.9287086444444445,94.15582305555556,0.04194918138888889,70.84865775020832,NA
2026-01-22,-2.6711920264444444,0.9512618840277778,93.43751486111111,0.024605365416666667,40.08515605692293,NA
2026-01-23,-1.6786342484027779,0.9544408229166667,93.32943423611111,0.024496617638888888,38.319078583562515,NA
2026-01-24,0.4515393520347223,0.9546836541666667,93.59947048611112,0.02861125840277778,25.812815379868045,NA
2026-01-25,1.9362267791666667,0.9248300590277778,93.35477569444444,0.05457171291666667,53.94020098194444,NA
2026-01-26,2.8209604889583333,0.9090428993055556,93.79554534722222,0.07160967805555556,35.69428971036805,NA
2026-01-27,0.9522684759722219,0.9112317861111111,93.46782381944445,0.06191851534722223,46.8011591759028,NA
2026-01-28,1.726620342361111,0.9455476513888889,92.79528402777778,0.03754743465277778,11.983192959020839,NA
2026-01-29,2.133564789375,0.9483168486111111,93.43996395833334,0.03680450951388889,20.53113150949305,NA
2026-01-30,0.7136573717083334,0.9625485680555556,93.58223673611111,0.023904312152777777,20.81063364937501,NA
2026-01-31,0.6223842574097221,0.9581136298611111,93.96638888888889,0.02657147888888889,21.134181881736104,NA
2026-02-01,1.9216087500694448,0.9089400201388889,94.38875722222222,0.07418766638888889,72.36490948122226,NA
2026-02-02,2.8842475426180556,0.8954328333333333,93.67539930555556,0.09204325569444444,71.94156883958331,NA
2026-02-03,3.7482174325694446,0.8903857284722222,93.54165881944445,0.09929491840277778,56.70311314397919,NA
2026-02-04,0.8807291474305554,0.9363771645833333,93.17379944444444,0.04241173506944445,35.813640664559735,NA
2026-02-05,0.557268498888889,0.94719730625,92.77318854166667,0.03527731284722222,62.188191310402765,NA
2026-02-06,5.16039330625,0.9255600305555556,93.13400354166667,0.0700089925,39.605205100000006,NA
2026-02-07,5.867372555555555,0.8809839895833333,94.04778152777777,0.12966011875,77.00279659951386,NA
2026-02-08,1.9810069064583333,0.9517937097222222,94.23859166666666,0.03382500201388889,21.40078143979166,NA
2026-02-09,2.5939696545454547,0.9338696545454546,94.25840218181818,0.04826734181818182,7.125637308363631,NA
