id_number,date,percent_senesced,chl1,chl2,chlavg,comment
1,2025-09-03,15,11.1,10.8,10.95,NA
1,2025-09-10,20,10.8,6.1,8.45,NA
1,2025-09-17,40,7.9,9.3,8.600000000000001,NA
1,2025-09-25,50,10.1,10.4,10.25,NA
1,2025-10-01,55,7.6,7.1,7.35,NA
1,2025-10-08,75,5,6.1,5.55,NA
1,2025-10-15,80,4.6,3.1,3.8499999999999996,NA
1,2025-10-21,90,2.1,2.6,2.35,NA
1,2025-10-27,100,NA,NA,NA,NA
1,2025-11-04,100,NA,NA,NA,NA
2,2025-09-03,15,8.1,7.7,7.9,NA
2,2025-09-10,15,5.1,9,7.05,NA
2,2025-09-17,30,5.5,4.9,5.2,NA
2,2025-09-25,30,9.7,6,7.85,NA
2,2025-10-01,40,4.6,6.7,5.65,NA
2,2025-10-08,50,4.8,5.4,5.1,NA
2,2025-10-15,60,3.5,4.3,3.9,NA
2,2025-10-21,70,2.4,2.8,2.5999999999999996,NA
2,2025-10-27,95,5.6,2.4,4,NA
2,2025-11-04,100,NA,NA,NA,NA
3,2025-09-03,5,5.6,6.4,6,NA
3,2025-09-10,5,5.5,5.5,5.5,NA
3,2025-09-17,15,3.4,4.8,4.1,NA
3,2025-09-25,15,6.1,4.8,5.449999999999999,NA
3,2025-10-01,25,4.2,2.7,3.45,NA
3,2025-10-08,40,3.5,2.6,3.05,NA
3,2025-10-15,50,1.9,2.5,2.2,NA
3,2025-10-21,60,3.2,4.6,3.9,NA
3,2025-10-27,85,1.5,1.4,1.45,NA
3,2025-11-04,100,NA,NA,NA,NA
4,2025-09-03,5,8.7,9,8.85,NA
4,2025-09-10,5,6.6,6.5,6.55,NA
4,2025-09-17,10,5.5,6.8,6.15,NA
4,2025-09-25,15,7.9,8,7.95,NA
4,2025-10-01,20,4,3.4,3.7,NA
4,2025-10-08,25,4.2,3.5,3.85,NA
4,2025-10-15,35,3.5,6,4.75,NA
4,2025-10-21,40,4.1,2.8,3.4499999999999997,NA
4,2025-10-27,75,1.6,1.9,1.75,NA
4,2025-11-04,100,NA,NA,NA,NA
5,2025-09-03,5,7.4,7,7.2,NA
5,2025-09-10,5,7.8,7.2,7.5,NA
5,2025-09-17,25,6.6,6.9,6.75,NA
5,2025-09-25,35,6,5.3,5.65,NA
5,2025-10-01,40,5.4,5.1,5.25,NA
5,2025-10-08,50,5.3,4.2,4.75,NA
5,2025-10-15,55,6.2,6,6.1,NA
5,2025-10-21,60,6.6,5.4,6,NA
5,2025-10-27,70,2.2,5.4,3.8000000000000003,NA
5,2025-11-04,98,NA,NA,NA,NA
6,2025-09-03,10,6.5,6.2,6.35,NA
6,2025-09-10,10,6.5,7.1,6.8,NA
6,2025-09-17,15,5.3,6.7,6,NA
6,2025-09-25,15,5.8,6.2,6,NA
6,2025-10-01,20,4,5.9,4.95,NA
6,2025-10-08,25,3.6,5.9,4.75,NA
6,2025-10-15,30,5.7,4,4.85,NA
6,2025-10-21,35,4.4,5.2,4.800000000000001,NA
6,2025-10-27,45,2.6,3.6,3.1,NA
6,2025-11-04,98,NA,NA,NA,NA
7,2025-09-03,20,5.3,5.1,5.199999999999999,NA
7,2025-09-10,20,6.8,4.9,5.85,NA
7,2025-09-17,30,4.7,5,4.85,NA
7,2025-09-25,30,4.6,4.4,4.5,NA
7,2025-10-01,35,4.5,3.1,3.8,NA
7,2025-10-08,60,2.7,1.6,2.1500000000000004,NA
7,2025-10-15,70,6.9,3.2,5.050000000000001,NA
7,2025-10-21,80,2.6,1.8,2.2,NA
7,2025-10-27,98,NA,NA,NA,NA
7,2025-11-04,100,NA,NA,NA,NA
8,2025-09-03,40,9.3,7.7,8.5,NA
8,2025-09-10,40,8.5,8.5,8.5,NA
8,2025-09-17,60,7.5,7.2,7.35,NA
8,2025-09-25,70,6.9,7.4,7.15,NA
8,2025-10-01,75,7.7,5.4,6.550000000000001,NA
8,2025-10-08,80,4.4,5,4.7,NA
8,2025-10-15,80,7.3,5.1,6.199999999999999,NA
8,2025-10-21,80,5.6,4.8,5.199999999999999,NA
8,2025-10-27,95,3.1,1.9,2.5,NA
8,2025-11-04,100,NA,NA,NA,NA
9,2025-09-03,20,9.6,9.9,9.75,NA
9,2025-09-10,25,9.4,10.1,9.75,NA
9,2025-09-17,30,8.3,10.2,9.25,NA
9,2025-09-25,40,3.6,6,4.8,NA
9,2025-10-01,45,7.6,8,7.8,NA
9,2025-10-08,60,6,6.9,6.45,NA
9,2025-10-15,70,3,4.1,3.55,NA
9,2025-10-21,75,3.2,1.8,2.5,NA
9,2025-10-27,95,1.5,1.7,1.6,NA
9,2025-11-04,100,NA,NA,NA,NA
12,2025-09-03,10,15.1,12.7,13.899999999999999,NA
12,2025-09-10,15,15.1,14.9,15,NA
12,2025-09-17,15,12,14,13,NA
12,2025-09-25,15,12.1,15.1,13.6,NA
12,2025-10-01,20,12.7,13.1,12.899999999999999,NA
12,2025-10-08,30,12.9,11.7,12.3,NA
12,2025-10-15,40,11.3,3.3,7.300000000000001,NA
12,2025-10-21,45,8.8,8.1,8.45,NA
12,2025-10-27,55,3.1,4.6,3.8499999999999996,NA
12,2025-11-04,90,6.3,3.1,4.7,NA
13,2025-09-03,10,9.6,10.8,10.2,NA
13,2025-09-10,10,9.5,8.8,9.15,NA
13,2025-09-17,15,7.4,8.9,8.15,NA
13,2025-09-25,20,9.2,8.6,8.899999999999999,NA
13,2025-10-01,20,6.5,8.2,7.35,NA
13,2025-10-08,25,7.7,7.9,7.800000000000001,NA
13,2025-10-15,35,6.3,6.7,6.5,NA
13,2025-10-21,35,6.1,7.8,6.949999999999999,NA
13,2025-10-27,50,6.1,6.4,6.25,NA
13,2025-11-04,98,NA,NA,NA,NA
16,2025-09-03,30,7.2,8,7.6,NA
16,2025-09-10,30,6.8,7.9,7.35,NA
16,2025-09-17,60,8.9,6.6,7.75,NA
16,2025-09-25,60,4.9,4.5,4.7,NA
16,2025-10-01,70,4.1,5.3,4.699999999999999,NA
16,2025-10-08,85,4.4,4.9,4.65,NA
16,2025-10-15,85,3.1,6.3,4.7,NA
16,2025-10-21,90,3.1,4,3.55,NA
16,2025-10-27,95,NA,NA,NA,NA
16,2025-11-04,100,NA,NA,NA,NA
17,2025-09-03,50,10.3,9.9,10.100000000000001,Scorching
17,2025-09-10,50,8.5,8.6,8.55,NA
17,2025-09-17,70,9.8,8.2,9,NA
17,2025-09-25,70,7.2,7.8,7.5,NA
17,2025-10-01,70,6.6,5.3,5.949999999999999,NA
17,2025-10-08,80,6.8,5.8,6.3,NA
17,2025-10-15,85,4.9,6.8,5.85,NA
17,2025-10-21,85,5.3,3.1,4.2,NA
17,2025-10-27,90,3,5,4,NA
17,2025-11-04,100,NA,NA,NA,NA
20,2025-09-03,20,10.8,9.5,10.15,Scorching
20,2025-09-10,25,10.4,12,11.2,NA
20,2025-09-17,40,10.2,8.4,9.3,NA
20,2025-09-25,45,12,10.5,11.25,NA
20,2025-10-01,50,9.6,11.3,10.45,NA
20,2025-10-08,55,9.4,9.9,9.65,NA
20,2025-10-15,60,7.6,9,8.3,NA
20,2025-10-21,60,9,7.9,8.45,NA
20,2025-10-27,70,7.9,3.3,5.6,NA
20,2025-11-04,95,2.8,3.9,3.3499999999999996,NA
21,2025-09-03,10,13.7,13.4,13.55,NA
21,2025-09-10,10,14.2,12.2,13.2,NA
21,2025-09-17,30,12.7,8,10.35,Scorching
21,2025-09-25,40,10.7,9.5,10.1,NA
21,2025-10-01,40,7.6,7.8,7.699999999999999,NA
21,2025-10-08,40,6.8,6.5,6.65,NA
21,2025-10-15,45,7,4.5,5.75,NA
21,2025-10-21,60,7.9,6.1,7,NA
21,2025-10-27,95,NA,NA,NA,NA
21,2025-11-04,100,NA,NA,NA,NA
24,2025-09-03,30,8.2,8.7,8.45,NA
24,2025-09-10,30,7.1,7.5,7.3,NA
24,2025-09-17,30,8,9.2,8.6,Scorching
24,2025-09-25,30,8,6.5,7.25,NA
24,2025-10-01,30,6.4,2.7,4.550000000000001,NA
24,2025-10-08,35,5.5,5.4,5.45,NA
24,2025-10-15,40,6.6,7.7,7.15,NA
24,2025-10-21,45,6.3,6.6,6.449999999999999,NA
24,2025-10-27,50,4.1,4.3,4.199999999999999,NA
24,2025-11-04,90,3.1,4.8,3.95,NA
41,2025-09-03,5,7.4,8.1,7.75,NA
41,2025-09-10,10,8.3,9.3,8.8,NA
41,2025-09-17,10,7.2,7.4,7.300000000000001,NA
41,2025-09-25,15,6.9,7.3,7.1,NA
41,2025-10-01,20,7.2,5.9,6.550000000000001,NA
41,2025-10-08,35,6.7,5.3,6,NA
41,2025-10-15,35,5.3,5.7,5.5,NA
41,2025-10-21,45,2.3,3.6,2.95,NA
41,2025-10-27,65,4.6,2.6,3.5999999999999996,NA
41,2025-11-04,98,NA,NA,NA,NA
44,2025-09-03,5,13.2,15.6,14.399999999999999,NA
44,2025-09-10,5,14.6,13.7,14.149999999999999,NA
44,2025-09-17,5,14,13.7,13.85,NA
44,2025-09-25,5,12.5,14.6,13.55,NA
44,2025-10-01,5,13.3,14.7,14,NA
44,2025-10-08,5,13,10.9,11.95,NA
44,2025-10-15,10,12.5,13,12.75,NA
44,2025-10-21,15,8.9,10.8,9.850000000000001,NA
44,2025-10-27,30,3.1,3.2,3.1500000000000004,NA
44,2025-11-04,100,NA,NA,NA,NA
45,2025-09-03,5,14.7,13.1,13.899999999999999,NA
45,2025-09-10,5,9,11,10,NA
45,2025-09-17,5,8.8,12.9,10.850000000000001,NA
45,2025-09-25,5,9.2,10.4,9.8,NA
45,2025-10-01,5,7.7,12.1,9.9,NA
45,2025-10-08,10,7.4,9.4,8.4,NA
45,2025-10-15,15,9.4,10.8,10.100000000000001,NA
45,2025-10-21,15,10.5,8.3,9.4,NA
45,2025-10-27,35,7.4,7,7.2,NA
45,2025-11-04,100,NA,NA,NA,NA
48,2025-09-03,2,9.9,13.1,11.5,NA
48,2025-09-10,2,10.5,10.3,10.4,NA
48,2025-09-17,5,10,9.3,9.65,NA
48,2025-09-25,10,10.6,11.3,10.95,NA
48,2025-10-01,10,8,8.2,8.1,NA
48,2025-10-08,15,8.3,7,7.65,NA
48,2025-10-15,25,5.4,6.8,6.1,NA
48,2025-10-21,45,7.8,6.8,7.3,NA
48,2025-10-27,80,6.5,2.7,4.6,NA
48,2025-11-04,100,NA,NA,NA,NA
49,2025-09-03,90,8.8,8,8.4,Reflush - Scorching
49,2025-09-10,90,9.2,7.7,8.45,NA
49,2025-09-17,95,6.3,8.8,7.550000000000001,NA
49,2025-09-25,95,9,6,7.5,NA
49,2025-10-01,95,NA,NA,NA,NA
49,2025-10-08,95,NA,NA,NA,NA
49,2025-10-15,95,NA,NA,NA,NA
49,2025-10-21,98,NA,NA,NA,NA
49,2025-10-27,98,NA,NA,NA,NA
49,2025-11-04,100,NA,NA,NA,NA
50,2025-09-03,95,NA,NA,NA,Scorching
50,2025-09-10,95,NA,NA,NA,NA
50,2025-09-17,98,NA,NA,NA,NA
50,2025-09-25,98,NA,NA,NA,NA
50,2025-10-01,98,NA,NA,NA,NA
50,2025-10-08,98,NA,NA,NA,NA
50,2025-10-15,98,NA,NA,NA,NA
50,2025-10-21,100,NA,NA,NA,NA
50,2025-10-27,100,NA,NA,NA,NA
50,2025-11-04,98,NA,NA,NA,NA
51,2025-09-03,60,10.7,9.6,10.149999999999999,Scorching
51,2025-09-10,60,8.8,9.3,9.05,NA
51,2025-09-17,90,10.3,8,9.15,NA
51,2025-09-25,90,10.1,7.5,8.8,NA
51,2025-10-01,90,9.3,10.8,10.05,NA
51,2025-10-08,90,8.8,6.4,7.6000000000000005,NA
51,2025-10-15,90,5.6,10.6,8.1,NA
51,2025-10-21,90,9.1,7.2,8.15,NA
51,2025-10-27,90,6.5,7.8,7.15,NA
51,2025-11-04,100,NA,NA,NA,NA
52,2025-09-03,95,9,9.9,9.45,Reflush - Scorching
52,2025-09-10,95,8,7.2,7.6,NA
52,2025-09-17,95,8.4,8.8,8.600000000000001,NA
52,2025-09-25,95,5,7.3,6.15,NA
52,2025-10-01,98,NA,NA,NA,NA
52,2025-10-08,98,NA,NA,NA,NA
52,2025-10-15,98,NA,NA,NA,NA
52,2025-10-21,98,NA,NA,NA,NA
52,2025-10-27,100,NA,NA,NA,NA
52,2025-11-04,100,NA,NA,NA,NA
53,2025-09-03,98,NA,NA,NA,Scorching
53,2025-09-10,98,NA,NA,NA,NA
53,2025-09-17,100,NA,NA,NA,NA
53,2025-09-25,100,NA,NA,NA,NA
53,2025-10-01,100,NA,NA,NA,NA
53,2025-10-08,100,NA,NA,NA,NA
53,2025-10-15,100,NA,NA,NA,NA
53,2025-10-21,100,NA,NA,NA,NA
53,2025-10-27,100,NA,NA,NA,NA
53,2025-11-04,100,NA,NA,NA,NA
54,2025-09-03,75,6.8,6.3,6.55,Scorching
54,2025-09-10,75,6.2,6.6,6.4,NA
54,2025-09-17,95,6,6.2,6.1,NA
54,2025-09-25,95,5.3,5,5.15,NA
54,2025-10-01,95,6.2,5.3,5.75,NA
54,2025-10-08,95,5.8,6.8,6.3,NA
54,2025-10-15,95,5,5.6,5.3,NA
54,2025-10-21,95,4.8,3.3,4.05,NA
54,2025-10-27,98,NA,NA,NA,NA
54,2025-11-04,100,NA,NA,NA,NA
55,2025-09-03,100,NA,NA,NA,Scorching
55,2025-09-10,100,NA,NA,NA,NA
55,2025-09-17,100,NA,NA,NA,NA
55,2025-09-25,100,NA,NA,NA,NA
55,2025-10-01,100,NA,NA,NA,NA
55,2025-10-08,100,NA,NA,NA,NA
55,2025-10-15,100,NA,NA,NA,NA
55,2025-10-21,100,NA,NA,NA,NA
55,2025-10-27,100,NA,NA,NA,NA
55,2025-11-04,100,NA,NA,NA,NA
56,2025-09-03,95,4.5,4.7,4.6,Scorching
56,2025-09-10,95,4.9,4.6,4.75,NA
56,2025-09-17,98,4.9,4.6,4.75,NA
56,2025-09-25,98,NA,NA,NA,NA
56,2025-10-01,98,NA,NA,NA,NA
56,2025-10-08,98,NA,NA,NA,NA
56,2025-10-15,98,NA,NA,NA,NA
56,2025-10-21,100,NA,NA,NA,NA
56,2025-10-27,100,NA,NA,NA,NA
56,2025-11-04,100,NA,NA,NA,NA
73,2025-09-03,5,6.5,5.8,6.15,NA
73,2025-09-10,5,7.1,7.4,7.25,NA
73,2025-09-17,5,7.4,6.4,6.9,NA
73,2025-09-25,10,7.3,6.7,7,NA
73,2025-10-01,15,6.5,5.7,6.1,NA
73,2025-10-08,35,5.4,6.8,6.1,NA
73,2025-10-15,40,5.8,4.6,5.199999999999999,NA
73,2025-10-21,50,3.8,4.6,4.199999999999999,NA
73,2025-10-27,90,3.7,2.4,3.05,NA
73,2025-11-04,100,NA,NA,NA,NA
74,2025-09-03,10,6.8,6.6,6.699999999999999,NA
74,2025-09-10,10,6.6,7.7,7.15,NA
74,2025-09-17,15,5.7,6.7,6.2,NA
74,2025-09-25,20,5.4,5.1,5.25,NA
74,2025-10-01,30,5.4,4.5,4.95,NA
74,2025-10-08,40,3.8,4.7,4.25,NA
74,2025-10-15,45,4,3.6,3.8,NA
74,2025-10-21,70,3.1,4.1,3.5999999999999996,NA
74,2025-10-27,95,NA,NA,NA,NA
74,2025-11-04,100,NA,NA,NA,NA
75,2025-09-03,10,5,5.3,5.15,NA
75,2025-09-10,10,7.6,6.9,7.25,NA
75,2025-09-17,15,5.9,5.6,5.75,NA
75,2025-09-25,25,8,5,6.5,NA
75,2025-10-01,30,5.3,5.2,5.25,NA
75,2025-10-08,40,4.6,4.2,4.4,NA
75,2025-10-15,50,3.8,5.9,4.85,NA
75,2025-10-21,55,2.2,3.4,2.8,NA
75,2025-10-27,90,2,3.6,2.8,NA
75,2025-11-04,100,NA,NA,NA,NA
76,2025-09-03,10,5,6.8,5.9,NA
76,2025-09-10,15,7.2,7.6,7.4,NA
76,2025-09-17,20,6.2,7.9,7.050000000000001,NA
76,2025-09-25,35,7.8,11.4,9.6,NA
76,2025-10-01,40,3.8,4.8,4.3,NA
76,2025-10-08,75,4.4,3.1,3.75,NA
76,2025-10-15,85,2.5,2.7,2.6,NA
76,2025-10-21,90,1.4,1.4,1.4,NA
76,2025-10-27,100,NA,NA,NA,NA
76,2025-11-04,100,NA,NA,NA,NA
77,2025-09-03,5,6.8,8.8,7.800000000000001,NA
77,2025-09-10,10,9.6,11,10.3,NA
77,2025-09-17,20,5.6,7.1,6.35,NA
77,2025-09-25,40,6.8,5.3,6.05,NA
77,2025-10-01,60,5.6,4.6,5.1,NA
77,2025-10-08,70,3.5,6.3,4.9,NA
77,2025-10-15,75,7.4,8.1,7.75,NA
77,2025-10-21,80,6.4,5.9,6.15,NA
77,2025-10-27,100,NA,NA,NA,NA
77,2025-11-04,100,NA,NA,NA,NA
78,2025-09-03,2,10.8,10.7,10.75,NA
78,2025-09-10,2,10.8,10.5,10.65,NA
78,2025-09-17,2,9,10.2,9.6,NA
78,2025-09-25,5,6.8,9.3,8.05,NA
78,2025-10-01,5,7.5,11.9,9.7,NA
78,2025-10-08,15,6.7,5.5,6.1,NA
78,2025-10-15,25,9,6.4,7.7,NA
78,2025-10-21,35,8.1,3.9,6,NA
78,2025-10-27,75,4.3,3.7,4,NA
78,2025-11-04,100,NA,NA,NA,NA
79,2025-09-03,5,7.3,9.1,8.2,NA
79,2025-09-10,15,6,7,6.5,NA
79,2025-09-17,20,7.6,6.8,7.199999999999999,NA
79,2025-09-25,40,5.2,5.4,5.300000000000001,NA
79,2025-10-01,45,4.3,5.9,5.1,NA
79,2025-10-08,55,4.6,4.5,4.55,NA
79,2025-10-15,55,4.8,5.7,5.25,NA
79,2025-10-21,65,3,2.7,2.85,NA
79,2025-10-27,95,NA,NA,NA,NA
79,2025-11-04,100,NA,NA,NA,NA
80,2025-09-03,15,7.2,6.1,6.65,NA
80,2025-09-10,5,9.6,7.7,8.65,NA
80,2025-09-17,15,5.4,7.5,6.45,NA
80,2025-09-25,20,4,4.5,4.25,NA
80,2025-10-01,20,6.2,5.6,5.9,NA
80,2025-10-08,35,6.2,6.1,6.15,NA
80,2025-10-15,40,3.7,4.2,3.95,NA
80,2025-10-21,50,3.3,2.7,3,NA
80,2025-10-27,90,3.6,3.1,3.35,NA
80,2025-11-04,100,NA,NA,NA,NA
81,2025-09-03,100,NA,NA,NA,Scorching
81,2025-09-10,100,NA,NA,NA,NA
81,2025-09-17,100,NA,NA,NA,NA
81,2025-09-25,100,NA,NA,NA,NA
81,2025-10-01,100,NA,NA,NA,NA
81,2025-10-08,100,NA,NA,NA,NA
81,2025-10-15,100,NA,NA,NA,NA
81,2025-10-21,100,NA,NA,NA,NA
81,2025-10-27,100,NA,NA,NA,NA
81,2025-11-04,100,NA,NA,NA,NA
84,2025-09-03,100,NA,NA,NA,Scorching
84,2025-09-10,100,NA,NA,NA,NA
84,2025-09-17,100,NA,NA,NA,NA
84,2025-09-25,100,NA,NA,NA,NA
84,2025-10-01,100,NA,NA,NA,NA
84,2025-10-08,100,NA,NA,NA,NA
84,2025-10-15,100,NA,NA,NA,NA
84,2025-10-21,100,NA,NA,NA,NA
84,2025-10-27,100,NA,NA,NA,NA
84,2025-11-04,100,NA,NA,NA,NA
85,2025-09-03,100,NA,NA,NA,Scorching
85,2025-09-10,100,NA,NA,NA,NA
85,2025-09-17,100,NA,NA,NA,NA
85,2025-09-25,100,NA,NA,NA,NA
85,2025-10-01,100,NA,NA,NA,NA
85,2025-10-08,100,NA,NA,NA,NA
85,2025-10-15,100,NA,NA,NA,NA
85,2025-10-21,100,NA,NA,NA,NA
85,2025-10-27,100,NA,NA,NA,NA
85,2025-11-04,100,NA,NA,NA,NA
88,2025-09-03,100,NA,NA,NA,Scorching
88,2025-09-10,100,NA,NA,NA,NA
88,2025-09-17,100,NA,NA,NA,NA
88,2025-09-25,100,NA,NA,NA,NA
88,2025-10-01,100,NA,NA,NA,NA
88,2025-10-08,100,NA,NA,NA,NA
88,2025-10-15,100,NA,NA,NA,NA
88,2025-10-21,100,NA,NA,NA,NA
88,2025-10-27,100,NA,NA,NA,NA
88,2025-11-04,100,NA,NA,NA,NA
89,2025-09-03,100,NA,NA,NA,Scorching
89,2025-09-10,100,NA,NA,NA,NA
89,2025-09-17,100,NA,NA,NA,NA
89,2025-09-25,100,NA,NA,NA,NA
89,2025-10-01,100,NA,NA,NA,NA
89,2025-10-08,100,NA,NA,NA,NA
89,2025-10-15,100,NA,NA,NA,NA
89,2025-10-21,100,NA,NA,NA,NA
89,2025-10-27,100,NA,NA,NA,NA
89,2025-11-04,100,NA,NA,NA,NA
90,2025-09-03,100,NA,NA,NA,Scorching
90,2025-09-10,100,NA,NA,NA,NA
90,2025-09-17,100,NA,NA,NA,NA
90,2025-09-25,100,NA,NA,NA,NA
90,2025-10-01,100,NA,NA,NA,NA
90,2025-10-08,100,NA,NA,NA,NA
90,2025-10-15,100,NA,NA,NA,NA
90,2025-10-21,100,NA,NA,NA,NA
90,2025-10-27,100,NA,NA,NA,NA
90,2025-11-04,100,NA,NA,NA,NA
91,2025-09-03,100,NA,NA,NA,Scorching
91,2025-09-10,100,NA,NA,NA,NA
91,2025-09-17,100,NA,NA,NA,NA
91,2025-09-25,100,NA,NA,NA,NA
91,2025-10-01,100,NA,NA,NA,NA
91,2025-10-08,100,NA,NA,NA,NA
91,2025-10-15,100,NA,NA,NA,NA
91,2025-10-21,100,NA,NA,NA,NA
91,2025-10-27,100,NA,NA,NA,NA
91,2025-11-04,100,NA,NA,NA,NA
92,2025-09-03,100,NA,NA,NA,Scorching
92,2025-09-10,100,NA,NA,NA,NA
92,2025-09-17,100,NA,NA,NA,NA
92,2025-09-25,100,NA,NA,NA,NA
92,2025-10-01,100,NA,NA,NA,NA
92,2025-10-08,100,NA,NA,NA,NA
92,2025-10-15,100,NA,NA,NA,NA
92,2025-10-21,100,NA,NA,NA,NA
92,2025-10-27,100,NA,NA,NA,NA
92,2025-11-04,100,NA,NA,NA,NA
93,2025-09-03,100,NA,NA,NA,Scorching
93,2025-09-10,100,NA,NA,NA,NA
93,2025-09-17,100,NA,NA,NA,NA
93,2025-09-25,100,NA,NA,NA,NA
93,2025-10-01,100,NA,NA,NA,NA
93,2025-10-08,100,NA,NA,NA,NA
93,2025-10-15,100,NA,NA,NA,NA
93,2025-10-21,100,NA,NA,NA,NA
93,2025-10-27,100,NA,NA,NA,NA
93,2025-11-04,100,NA,NA,NA,NA
94,2025-09-03,100,NA,NA,NA,Scorching
94,2025-09-10,100,NA,NA,NA,NA
94,2025-09-17,100,NA,NA,NA,NA
94,2025-09-25,100,NA,NA,NA,NA
94,2025-10-01,100,NA,NA,NA,NA
94,2025-10-08,100,NA,NA,NA,NA
94,2025-10-15,100,NA,NA,NA,NA
94,2025-10-21,100,NA,NA,NA,NA
94,2025-10-27,100,NA,NA,NA,NA
94,2025-11-04,100,NA,NA,NA,NA
95,2025-09-03,100,NA,NA,NA,Scorching
95,2025-09-10,100,NA,NA,NA,NA
95,2025-09-17,100,NA,NA,NA,NA
95,2025-09-25,100,NA,NA,NA,NA
95,2025-10-01,100,NA,NA,NA,NA
95,2025-10-08,100,NA,NA,NA,NA
95,2025-10-15,100,NA,NA,NA,NA
95,2025-10-21,100,NA,NA,NA,NA
95,2025-10-27,100,NA,NA,NA,NA
95,2025-11-04,100,NA,NA,NA,NA
96,2025-09-03,100,NA,NA,NA,Scorching
96,2025-09-10,100,NA,NA,NA,NA
96,2025-09-17,100,NA,NA,NA,NA
96,2025-09-25,100,NA,NA,NA,NA
96,2025-10-01,100,NA,NA,NA,NA
96,2025-10-08,100,NA,NA,NA,NA
96,2025-10-15,100,NA,NA,NA,NA
96,2025-10-21,100,NA,NA,NA,NA
96,2025-10-27,100,NA,NA,NA,NA
96,2025-11-04,100,NA,NA,NA,NA
97,2025-09-03,5,8.9,10.9,9.9,NA
97,2025-09-10,5,10.3,12.3,11.3,NA
97,2025-09-17,20,8,10.3,9.15,NA
97,2025-09-25,20,6.8,9,7.9,NA
97,2025-10-01,30,7.4,10,8.7,NA
97,2025-10-08,40,9.2,7.4,8.3,NA
97,2025-10-15,45,4.1,7.4,5.75,NA
97,2025-10-21,70,4.4,3.7,4.050000000000001,NA
97,2025-10-27,95,NA,NA,NA,NA
97,2025-11-04,100,NA,NA,NA,NA
100,2025-09-03,5,13.2,11.6,12.399999999999999,NA
100,2025-09-10,5,13.6,13.7,13.649999999999999,NA
100,2025-09-17,5,9.6,10.8,10.2,NA
100,2025-09-25,5,11.8,12.5,12.15,NA
100,2025-10-01,15,5.8,9.1,7.449999999999999,NA
100,2025-10-08,20,5.3,9.4,7.35,NA
100,2025-10-15,20,10.5,7.3,8.9,NA
100,2025-10-21,25,7.9,7.6,7.75,NA
100,2025-10-27,35,7.8,8.7,8.25,NA
100,2025-11-04,98,NA,NA,NA,NA
101,2025-09-03,10,12.1,13.4,12.75,NA
101,2025-09-10,10,13.1,10.2,11.649999999999999,NA
101,2025-09-17,10,12.2,7.5,9.85,NA
101,2025-09-25,20,6.8,13.6,10.2,NA
101,2025-10-01,25,11.8,11.4,11.600000000000001,NA
101,2025-10-08,60,11.4,9.1,10.25,NA
101,2025-10-15,65,10.8,6.3,8.55,NA
101,2025-10-21,65,8.5,6.2,7.35,NA
101,2025-10-27,65,9.3,8.3,8.8,NA
101,2025-11-04,90,8.7,7.5,8.1,NA
104,2025-09-03,10,12.2,11.8,12,NA
104,2025-09-10,15,12.7,11.6,12.149999999999999,NA
104,2025-09-17,15,9,12.8,10.9,NA
104,2025-09-25,25,8.2,10.6,9.399999999999999,NA
104,2025-10-01,45,9.5,10,9.75,NA
104,2025-10-08,70,8,7,7.5,NA
104,2025-10-15,75,7.6,7.8,7.699999999999999,NA
104,2025-10-21,80,8,8,8,NA
104,2025-10-27,90,9.9,5.3,7.6,NA
104,2025-11-04,100,NA,NA,NA,NA
105,2025-09-03,95,6.8,9,7.9,Scorching
105,2025-09-10,98,NA,NA,NA,NA
105,2025-09-17,98,NA,NA,NA,NA
105,2025-09-25,98,NA,NA,NA,NA
105,2025-10-01,98,NA,NA,NA,NA
105,2025-10-08,98,NA,NA,NA,NA
105,2025-10-15,98,NA,NA,NA,NA
105,2025-10-21,98,NA,NA,NA,NA
105,2025-10-27,100,NA,NA,NA,NA
105,2025-11-04,100,NA,NA,NA,NA
106,2025-09-03,100,NA,NA,NA,Scorching
106,2025-09-10,100,NA,NA,NA,NA
106,2025-09-17,100,NA,NA,NA,NA
106,2025-09-25,100,NA,NA,NA,NA
106,2025-10-01,100,NA,NA,NA,NA
106,2025-10-08,100,NA,NA,NA,NA
106,2025-10-15,100,NA,NA,NA,NA
106,2025-10-21,100,NA,NA,NA,NA
106,2025-10-27,100,NA,NA,NA,NA
106,2025-11-04,100,NA,NA,NA,NA
107,2025-09-03,98,NA,NA,NA,Scorching
107,2025-09-10,98,NA,NA,NA,NA
107,2025-09-17,100,NA,NA,NA,NA
107,2025-09-25,100,NA,NA,NA,NA
107,2025-10-01,100,NA,NA,NA,NA
107,2025-10-08,100,NA,NA,NA,NA
107,2025-10-15,100,NA,NA,NA,NA
107,2025-10-21,100,NA,NA,NA,NA
107,2025-10-27,100,NA,NA,NA,NA
107,2025-11-04,100,NA,NA,NA,NA
108,2025-09-03,95,9.6,11.6,10.6,Scorching
108,2025-09-10,95,NA,NA,NA,NA
108,2025-09-17,95,NA,NA,NA,NA
108,2025-09-25,95,NA,NA,NA,NA
108,2025-10-01,98,NA,NA,NA,NA
108,2025-10-08,98,NA,NA,NA,NA
108,2025-10-15,98,NA,NA,NA,NA
108,2025-10-21,98,NA,NA,NA,NA
108,2025-10-27,100,NA,NA,NA,NA
108,2025-11-04,100,NA,NA,NA,NA
109,2025-09-03,95,9.8,9.2,9.5,Scorching
109,2025-09-10,95,NA,NA,NA,NA
109,2025-09-17,98,NA,NA,NA,NA
109,2025-09-25,98,NA,NA,NA,NA
109,2025-10-01,98,NA,NA,NA,NA
109,2025-10-08,98,NA,NA,NA,NA
109,2025-10-15,100,NA,NA,NA,NA
109,2025-10-21,100,NA,NA,NA,NA
109,2025-10-27,100,NA,NA,NA,NA
109,2025-11-04,100,NA,NA,NA,NA
110,2025-09-03,100,NA,NA,NA,Scorching
110,2025-09-10,100,NA,NA,NA,NA
110,2025-09-17,100,NA,NA,NA,NA
110,2025-09-25,100,NA,NA,NA,NA
110,2025-10-01,100,NA,NA,NA,NA
110,2025-10-08,100,NA,NA,NA,NA
110,2025-10-15,100,NA,NA,NA,NA
110,2025-10-21,100,NA,NA,NA,NA
110,2025-10-27,100,NA,NA,NA,NA
110,2025-11-04,100,NA,NA,NA,NA
111,2025-09-03,100,NA,NA,NA,Scorching
111,2025-09-10,100,NA,NA,NA,NA
111,2025-09-17,100,NA,NA,NA,NA
111,2025-09-25,100,NA,NA,NA,NA
111,2025-10-01,100,NA,NA,NA,NA
111,2025-10-08,100,NA,NA,NA,NA
111,2025-10-15,100,NA,NA,NA,NA
111,2025-10-21,100,NA,NA,NA,NA
111,2025-10-27,100,NA,NA,NA,NA
111,2025-11-04,100,NA,NA,NA,NA
112,2025-09-03,100,NA,NA,NA,Scorching
112,2025-09-10,100,NA,NA,NA,NA
112,2025-09-17,100,NA,NA,NA,NA
112,2025-09-25,100,NA,NA,NA,NA
112,2025-10-01,100,NA,NA,NA,NA
112,2025-10-08,98,NA,NA,NA,Reflush
112,2025-10-15,98,NA,NA,NA,NA
112,2025-10-21,98,NA,NA,NA,NA
112,2025-10-27,98,NA,NA,NA,NA
112,2025-11-04,98,NA,NA,NA,NA
121,2025-09-03,100,NA,NA,NA,Scorching
121,2025-09-10,100,NA,NA,NA,NA
121,2025-09-17,100,NA,NA,NA,NA
121,2025-09-25,100,NA,NA,NA,NA
121,2025-10-01,100,NA,NA,NA,NA
121,2025-10-08,100,NA,NA,NA,NA
121,2025-10-15,100,NA,NA,NA,NA
121,2025-10-21,100,NA,NA,NA,NA
121,2025-10-27,100,NA,NA,NA,NA
121,2025-11-04,100,NA,NA,NA,NA
124,2025-09-03,100,NA,NA,NA,Scorching
124,2025-09-10,100,NA,NA,NA,NA
124,2025-09-17,100,NA,NA,NA,NA
124,2025-09-25,100,NA,NA,NA,NA
124,2025-10-01,100,NA,NA,NA,NA
124,2025-10-08,100,NA,NA,NA,NA
124,2025-10-15,100,NA,NA,NA,NA
124,2025-10-21,100,NA,NA,NA,NA
124,2025-10-27,100,NA,NA,NA,NA
124,2025-11-04,100,NA,NA,NA,NA
125,2025-09-03,85,12.9,13.1,13,Scorching
125,2025-09-10,85,NA,NA,NA,NA
125,2025-09-17,90,13,13,13,NA
125,2025-09-25,95,5.8,6,5.9,NA
125,2025-10-01,95,11,13.7,12.35,NA
125,2025-10-08,98,NA,NA,NA,NA
125,2025-10-15,98,NA,NA,NA,NA
125,2025-10-21,98,NA,NA,NA,NA
125,2025-10-27,98,NA,NA,NA,NA
125,2025-11-04,100,NA,NA,NA,NA
128,2025-09-03,100,NA,NA,NA,Scorching
128,2025-09-10,100,NA,NA,NA,NA
128,2025-09-17,100,NA,NA,NA,NA
128,2025-09-25,100,NA,NA,NA,NA
128,2025-10-01,100,NA,NA,NA,NA
128,2025-10-08,100,NA,NA,NA,NA
128,2025-10-15,100,NA,NA,NA,NA
128,2025-10-21,100,NA,NA,NA,NA
128,2025-10-27,100,NA,NA,NA,NA
128,2025-11-04,100,NA,NA,NA,NA
137,2025-09-03,100,NA,NA,NA,Scorching
137,2025-09-10,100,NA,NA,NA,NA
137,2025-09-17,100,NA,NA,NA,NA
137,2025-09-25,100,NA,NA,NA,NA
137,2025-10-01,100,NA,NA,NA,NA
137,2025-10-08,100,NA,NA,NA,NA
137,2025-10-15,100,NA,NA,NA,NA
137,2025-10-21,100,NA,NA,NA,NA
137,2025-10-27,100,NA,NA,NA,NA
137,2025-11-04,100,NA,NA,NA,NA
140,2025-09-03,100,NA,NA,NA,Scorching
140,2025-09-10,100,NA,NA,NA,NA
140,2025-09-17,100,NA,NA,NA,NA
140,2025-09-25,100,NA,NA,NA,NA
140,2025-10-01,100,NA,NA,NA,NA
140,2025-10-08,100,NA,NA,NA,NA
140,2025-10-15,100,NA,NA,NA,NA
140,2025-10-21,100,NA,NA,NA,NA
140,2025-10-27,100,NA,NA,NA,NA
140,2025-11-04,100,NA,NA,NA,NA
141,2025-09-03,100,NA,NA,NA,Scorching
141,2025-09-10,100,NA,NA,NA,NA
141,2025-09-17,98,NA,NA,NA,NA
141,2025-09-25,90,NA,NA,NA,Reflush
141,2025-10-01,90,NA,NA,NA,NA
141,2025-10-08,90,NA,NA,NA,NA
141,2025-10-15,90,NA,NA,NA,NA
141,2025-10-21,90,NA,NA,NA,NA
141,2025-10-27,90,NA,NA,NA,NA
141,2025-11-04,90,NA,NA,NA,NA
144,2025-09-03,100,NA,NA,NA,Scorching
144,2025-09-10,100,NA,NA,NA,NA
144,2025-09-17,100,NA,NA,NA,NA
144,2025-09-25,100,NA,NA,NA,NA
144,2025-10-01,100,NA,NA,NA,NA
144,2025-10-08,100,NA,NA,NA,NA
144,2025-10-15,100,NA,NA,NA,NA
144,2025-10-21,100,NA,NA,NA,NA
144,2025-10-27,100,NA,NA,NA,NA
144,2025-11-04,100,NA,NA,NA,NA
145,2025-09-03,5,8.9,8.5,8.7,NA
145,2025-09-10,10,11,12.4,11.7,NA
145,2025-09-17,10,10,9.7,9.85,NA
145,2025-09-25,10,9,10.3,9.65,NA
145,2025-10-01,15,10,6.1,8.05,NA
145,2025-10-08,25,8.1,7.7,7.9,NA
145,2025-10-15,35,8.5,8,8.25,NA
145,2025-10-21,60,5.2,6.9,6.050000000000001,NA
145,2025-10-27,90,6.6,7.8,7.199999999999999,NA
145,2025-11-04,100,NA,NA,NA,NA
146,2025-09-03,10,11.9,14,12.95,NA
146,2025-09-10,10,12.7,12.6,12.649999999999999,NA
146,2025-09-17,10,12.4,11.6,12,NA
146,2025-09-25,20,13.1,11.5,12.3,NA
146,2025-10-01,30,11.1,9.9,10.5,NA
146,2025-10-08,40,7.7,8.1,7.9,NA
146,2025-10-15,65,6.7,6.3,6.5,NA
146,2025-10-21,80,5.8,4.1,4.949999999999999,NA
146,2025-10-27,98,NA,NA,NA,NA
146,2025-11-04,100,NA,NA,NA,NA
147,2025-09-03,5,12.5,15.9,14.2,NA
147,2025-09-10,5,15.7,14.2,14.95,NA
147,2025-09-17,15,16.6,12.2,14.4,NA
147,2025-09-25,15,10.4,16.5,13.45,NA
147,2025-10-01,15,12.1,15.1,13.6,NA
147,2025-10-08,15,10.8,9.4,10.100000000000001,NA
147,2025-10-15,15,9.7,11.9,10.8,NA
147,2025-10-21,15,11.3,9.1,10.2,NA
147,2025-10-27,25,5.5,7.7,6.6,NA
147,2025-11-04,95,4.7,6.9,5.800000000000001,NA
148,2025-09-03,10,8.7,12.5,10.6,NA
148,2025-09-10,10,11.7,15.7,13.7,NA
148,2025-09-17,10,12.6,11.6,12.1,NA
148,2025-09-25,10,11.6,9.3,10.45,NA
148,2025-10-01,10,8.2,9,8.6,NA
148,2025-10-08,15,10.4,11.7,11.05,NA
148,2025-10-15,15,12.8,9.1,10.95,NA
148,2025-10-21,25,7.7,11.3,9.5,NA
148,2025-10-27,50,8.9,10.2,9.55,NA
148,2025-11-04,98,NA,NA,NA,NA
149,2025-09-03,5,15.4,13.9,14.65,NA
149,2025-09-10,5,15.1,12.9,14,NA
149,2025-09-17,5,13.1,13.5,13.3,NA
149,2025-09-25,10,13.3,7.7,10.5,NA
149,2025-10-01,10,12.3,12.8,12.55,NA
149,2025-10-08,15,12.6,11.5,12.05,NA
149,2025-10-15,15,10.6,12.2,11.399999999999999,NA
149,2025-10-21,15,11.9,11.3,11.600000000000001,NA
149,2025-10-27,20,13.4,11.1,12.25,NA
149,2025-11-04,95,7.3,7.3,7.3,NA
150,2025-09-03,5,9.9,14.7,12.3,NA
150,2025-09-10,5,14.6,12.4,13.5,NA
150,2025-09-17,20,11.4,9.1,10.25,NA
150,2025-09-25,25,8.7,9.9,9.3,NA
150,2025-10-01,30,9,8,8.5,NA
150,2025-10-08,40,8.6,7,7.8,NA
150,2025-10-15,55,8.1,6.5,7.3,NA
150,2025-10-21,55,6.4,6.6,6.5,NA
150,2025-10-27,65,5.5,8.6,7.05,NA
150,2025-11-04,98,NA,NA,NA,NA
151,2025-09-03,10,10.2,7.6,8.899999999999999,NA
151,2025-09-10,10,14,13.3,13.65,NA
151,2025-09-17,20,7.7,7.7,7.7,NA
151,2025-09-25,20,7.4,10,8.7,NA
151,2025-10-01,30,7.5,7.7,7.6,NA
151,2025-10-08,50,6.2,7.4,6.800000000000001,NA
151,2025-10-15,55,7,5.3,6.15,NA
151,2025-10-21,55,3.6,3.9,3.75,NA
151,2025-10-27,75,3.2,2.4,2.8,NA
151,2025-11-04,100,NA,NA,NA,NA
152,2025-09-03,5,7.5,12,9.75,NA
152,2025-09-10,10,11.8,14,12.9,NA
152,2025-09-17,20,12.7,10,11.35,NA
152,2025-09-25,30,15.2,8.1,11.649999999999999,NA
152,2025-10-01,40,9.9,9.1,9.5,NA
152,2025-10-08,70,8.2,8,8.1,NA
152,2025-10-15,75,9.1,7.3,8.2,NA
152,2025-10-21,80,6.4,5.4,5.9,NA
152,2025-10-27,85,4.9,7.4,6.15,NA
152,2025-11-04,100,NA,NA,NA,NA
161,2025-09-03,5,10.3,11.5,10.9,NA
161,2025-09-10,5,10,10.7,10.35,NA
161,2025-09-17,10,9.9,8.9,9.4,NA
161,2025-09-25,10,8.3,9.4,8.850000000000001,NA
161,2025-10-01,20,8.9,6.7,7.800000000000001,NA
161,2025-10-08,30,6.6,6.6,6.6,NA
161,2025-10-15,35,7.5,9.4,8.45,NA
161,2025-10-21,40,7.6,7.1,7.35,NA
161,2025-10-27,70,3.8,5.2,4.5,NA
161,2025-11-04,98,NA,NA,NA,NA
162,2025-09-03,15,11.1,12.2,11.649999999999999,NA
162,2025-09-10,15,9.3,9.9,9.600000000000001,NA
162,2025-09-17,15,5.3,9.8,7.550000000000001,NA
162,2025-09-25,20,5.3,8.2,6.75,NA
162,2025-10-01,25,6.8,9.4,8.1,NA
162,2025-10-08,45,4.4,5.6,5,NA
162,2025-10-15,55,6.7,5,5.85,NA
162,2025-10-21,70,5,4.5,4.75,NA
162,2025-10-27,98,NA,NA,NA,NA
162,2025-11-04,100,NA,NA,NA,NA
163,2025-09-03,10,9.2,9.7,9.45,NA
163,2025-09-10,10,10.7,10.8,10.75,NA
163,2025-09-17,25,7.6,7.9,7.75,NA
163,2025-09-25,25,7.7,6.3,7,NA
163,2025-10-01,30,4,7.3,5.65,NA
163,2025-10-08,45,7,6.8,6.9,NA
163,2025-10-15,45,6.7,3.4,5.05,NA
163,2025-10-21,65,5.6,2.7,4.15,NA
163,2025-10-27,95,NA,NA,NA,NA
163,2025-11-04,100,NA,NA,NA,NA
164,2025-09-03,10,9.5,9.5,9.5,NA
164,2025-09-10,10,8.4,8,8.2,NA
164,2025-09-17,20,8.6,8.5,8.55,NA
164,2025-09-25,20,8.8,8.4,8.600000000000001,NA
164,2025-10-01,30,9.2,8,8.6,NA
164,2025-10-08,60,7.1,5.9,6.5,NA
164,2025-10-15,70,7.9,5.6,6.75,NA
164,2025-10-21,90,5.6,2.6,4.1,NA
164,2025-10-27,100,NA,NA,NA,NA
164,2025-11-04,100,NA,NA,NA,NA
165,2025-09-03,5,8.7,9.2,8.95,NA
165,2025-09-10,10,7.3,6.8,7.05,NA
165,2025-09-17,25,6.5,8.4,7.45,NA
165,2025-09-25,30,7.6,7.6,7.6,NA
165,2025-10-01,50,7.1,6.6,6.85,NA
165,2025-10-08,60,7.3,5.3,6.3,NA
165,2025-10-15,65,5.4,6.6,6,NA
165,2025-10-21,70,3.6,5,4.3,NA
165,2025-10-27,90,5.4,4,4.7,NA
165,2025-11-04,100,NA,NA,NA,NA
166,2025-09-03,5,9.9,10,9.95,NA
166,2025-09-10,5,9.4,10.9,10.15,NA
166,2025-09-17,15,9,9.4,9.2,NA
166,2025-09-25,20,9,9.5,9.25,NA
166,2025-10-01,30,8.9,8.4,8.65,NA
166,2025-10-08,45,8,7.7,7.85,NA
166,2025-10-15,45,6.8,8,7.4,NA
166,2025-10-21,50,6.5,7.5,7,NA
166,2025-10-27,75,6.8,8,7.4,NA
166,2025-11-04,100,NA,NA,NA,NA
167,2025-09-03,5,13.1,14.4,13.75,NA
167,2025-09-10,5,10.3,11.4,10.850000000000001,NA
167,2025-09-17,10,9.4,10.9,10.15,NA
167,2025-09-25,15,10.8,6.8,8.8,NA
167,2025-10-01,15,6.9,9.5,8.2,NA
167,2025-10-08,20,7.7,12.1,9.9,NA
167,2025-10-15,30,6.3,5.3,5.8,NA
167,2025-10-21,45,6.7,3.1,4.9,NA
167,2025-10-27,90,1.9,3.7,2.8,NA
167,2025-11-04,100,NA,NA,NA,NA
168,2025-09-03,20,15.9,16.5,16.2,NA
168,2025-09-10,25,12.8,10.6,11.7,NA
168,2025-09-17,40,10,11.9,10.95,NA
168,2025-09-25,60,12.1,9.5,10.8,NA
168,2025-10-01,70,10.6,13.4,12,NA
168,2025-10-08,80,6.2,8.1,7.15,NA
168,2025-10-15,85,8.5,9.9,9.2,NA
168,2025-10-21,90,9,5.8,7.4,NA
168,2025-10-27,98,NA,NA,NA,NA
168,2025-11-04,100,NA,NA,NA,NA
177,2025-09-03,5,8.3,10,9.15,NA
177,2025-09-10,5,10.9,10.8,10.850000000000001,NA
177,2025-09-17,5,9,8.3,8.65,NA
177,2025-09-25,10,8.9,9.9,9.4,NA
177,2025-10-01,10,7.7,6.7,7.2,NA
177,2025-10-08,20,8,8.5,8.25,NA
177,2025-10-15,30,5.3,5.7,5.5,NA
177,2025-10-21,40,4.3,3.6,3.95,NA
177,2025-10-27,75,5.5,5,5.25,NA
177,2025-11-04,98,NA,NA,NA,NA
180,2025-09-03,5,10.1,11,10.55,NA
180,2025-09-10,5,11.6,10.9,11.25,NA
180,2025-09-17,10,9.3,9.6,9.45,NA
180,2025-09-25,10,10,7.9,8.95,NA
180,2025-10-01,10,7.1,8.8,7.95,NA
180,2025-10-08,15,6.8,6.7,6.75,NA
180,2025-10-15,15,9.9,9.3,9.600000000000001,NA
180,2025-10-21,20,5.2,5.2,5.2,NA
180,2025-10-27,75,5.3,5.9,5.6,NA
180,2025-11-04,100,NA,NA,NA,NA
181,2025-09-03,5,10.3,11.5,10.9,NA
181,2025-09-10,5,10.5,14.6,12.55,NA
181,2025-09-17,5,9.8,9.8,9.8,NA
181,2025-09-25,5,10.5,11.5,11,NA
181,2025-10-01,5,10,9.4,9.7,NA
181,2025-10-08,10,9,9.5,9.25,NA
181,2025-10-15,10,7.6,7.5,7.55,NA
181,2025-10-21,15,7,7.1,7.05,NA
181,2025-10-27,20,6.1,7.4,6.75,NA
181,2025-11-04,95,5.3,4.6,4.949999999999999,NA
184,2025-09-03,10,7.3,9.6,8.45,NA
184,2025-09-10,10,11.6,11.7,11.649999999999999,NA
184,2025-09-17,15,7.7,8,7.85,NA
184,2025-09-25,20,8,6.1,7.05,NA
184,2025-10-01,30,7.4,9,8.2,NA
184,2025-10-08,50,5.6,7,6.3,NA
184,2025-10-15,50,7.8,8,7.9,NA
184,2025-10-21,55,5.1,7.1,6.1,NA
184,2025-10-27,65,8.6,5.7,7.15,NA
184,2025-11-04,98,NA,NA,NA,NA
193,2025-09-03,100,NA,NA,NA,Scorching
193,2025-09-10,100,NA,NA,NA,NA
193,2025-09-17,100,NA,NA,NA,NA
193,2025-09-25,100,NA,NA,NA,NA
193,2025-10-01,100,NA,NA,NA,NA
193,2025-10-08,100,NA,NA,NA,NA
193,2025-10-15,100,NA,NA,NA,NA
193,2025-10-21,100,NA,NA,NA,NA
193,2025-10-27,100,NA,NA,NA,NA
193,2025-11-04,100,NA,NA,NA,NA
194,2025-09-03,95,9,8,8.5,Scorching
194,2025-09-10,95,7.5,6.4,6.95,NA
194,2025-09-17,98,NA,NA,NA,NA
194,2025-09-25,98,NA,NA,NA,NA
194,2025-10-01,98,NA,NA,NA,NA
194,2025-10-08,98,NA,NA,NA,NA
194,2025-10-15,100,NA,NA,NA,NA
194,2025-10-21,100,NA,NA,NA,NA
194,2025-10-27,100,NA,NA,NA,NA
194,2025-11-04,100,NA,NA,NA,NA
195,2025-09-03,100,NA,NA,NA,Scorching
195,2025-09-10,100,NA,NA,NA,NA
195,2025-09-17,100,NA,NA,NA,NA
195,2025-09-25,100,NA,NA,NA,NA
195,2025-10-01,100,NA,NA,NA,NA
195,2025-10-08,100,NA,NA,NA,NA
195,2025-10-15,100,NA,NA,NA,NA
195,2025-10-21,100,NA,NA,NA,NA
195,2025-10-27,100,NA,NA,NA,NA
195,2025-11-04,100,NA,NA,NA,NA
196,2025-09-03,100,NA,NA,NA,Scorching
196,2025-09-10,100,NA,NA,NA,NA
196,2025-09-17,100,NA,NA,NA,NA
196,2025-09-25,100,NA,NA,NA,NA
196,2025-10-01,100,NA,NA,NA,NA
196,2025-10-08,100,NA,NA,NA,NA
196,2025-10-15,100,NA,NA,NA,NA
196,2025-10-21,100,NA,NA,NA,NA
196,2025-10-27,100,NA,NA,NA,NA
196,2025-11-04,100,NA,NA,NA,NA
197,2025-09-03,100,NA,NA,NA,Scorching
197,2025-09-10,100,NA,NA,NA,NA
197,2025-09-17,100,NA,NA,NA,NA
197,2025-09-25,100,NA,NA,NA,NA
197,2025-10-01,100,NA,NA,NA,NA
197,2025-10-08,100,NA,NA,NA,NA
197,2025-10-15,100,NA,NA,NA,NA
197,2025-10-21,100,NA,NA,NA,NA
197,2025-10-27,10,NA,NA,NA,NA
197,2025-11-04,100,NA,NA,NA,NA
198,2025-09-03,90,5.3,7.7,6.5,Scorching
198,2025-09-10,95,7.5,7.2,7.35,NA
198,2025-09-17,98,NA,NA,NA,NA
198,2025-09-25,98,NA,NA,NA,NA
198,2025-10-01,98,NA,NA,NA,Reflush
198,2025-10-08,98,NA,NA,NA,NA
198,2025-10-15,98,NA,NA,NA,NA
198,2025-10-21,100,NA,NA,NA,NA
198,2025-10-27,100,NA,NA,NA,NA
198,2025-11-04,100,NA,NA,NA,NA
199,2025-09-03,100,NA,NA,NA,Scorching
199,2025-09-10,100,NA,NA,NA,NA
199,2025-09-17,100,NA,NA,NA,NA
199,2025-09-25,100,NA,NA,NA,NA
199,2025-10-01,100,NA,NA,NA,NA
199,2025-10-08,100,NA,NA,NA,NA
199,2025-10-15,100,NA,NA,NA,NA
199,2025-10-21,100,NA,NA,NA,NA
199,2025-10-27,100,NA,NA,NA,NA
199,2025-11-04,100,NA,NA,NA,NA
200,2025-09-03,100,NA,NA,NA,Scorching
200,2025-09-10,100,NA,NA,NA,NA
200,2025-09-17,100,NA,NA,NA,NA
200,2025-09-25,100,NA,NA,NA,NA
200,2025-10-01,100,NA,NA,NA,NA
200,2025-10-08,100,NA,NA,NA,NA
200,2025-10-15,100,NA,NA,NA,NA
200,2025-10-21,100,NA,NA,NA,NA
200,2025-10-27,100,NA,NA,NA,NA
200,2025-11-04,100,NA,NA,NA,NA
201,2025-09-03,5,13.4,14.6,14,NA
201,2025-09-10,5,13.7,14,13.85,NA
201,2025-09-17,5,12.3,13.8,13.05,NA
201,2025-09-25,5,12.9,13.5,13.2,NA
201,2025-10-01,5,12.2,10.1,11.149999999999999,NA
201,2025-10-08,10,9.4,11.4,10.4,NA
201,2025-10-15,20,9.9,8,8.95,NA
201,2025-10-21,30,5.5,7.4,6.45,NA
201,2025-10-27,45,7.8,4.8,6.3,NA
201,2025-11-04,100,NA,NA,NA,NA
202,2025-09-03,5,15.6,13.4,14.5,NA
202,2025-09-10,5,15.5,14.9,15.2,NA
202,2025-09-17,5,13.1,14.5,13.8,NA
202,2025-09-25,5,17.4,16.1,16.75,NA
202,2025-10-01,5,14.4,13.3,13.850000000000001,NA
202,2025-10-08,15,12.2,11.4,11.8,NA
202,2025-10-15,20,9.9,9.2,9.55,NA
202,2025-10-21,30,8.2,10.2,9.2,NA
202,2025-10-27,50,4.7,8.1,6.4,NA
202,2025-11-04,100,NA,NA,NA,NA
203,2025-09-03,5,14.2,10.4,12.3,NA
203,2025-09-10,5,13.4,13.1,13.25,NA
203,2025-09-17,5,10.8,12.3,11.55,NA
203,2025-09-25,5,8,12.2,10.1,NA
203,2025-10-01,5,8.2,12.8,10.5,NA
203,2025-10-08,10,9.8,8.6,9.2,NA
203,2025-10-15,10,7.3,9.4,8.35,NA
203,2025-10-21,15,5.3,5.8,5.55,NA
203,2025-10-27,25,5.5,4.8,5.15,NA
203,2025-11-04,95,5.5,5,5.25,NA
204,2025-09-03,5,15.9,14.1,15,NA
204,2025-09-10,5,11.8,15,13.4,NA
204,2025-09-17,5,15.2,13.4,14.3,NA
204,2025-09-25,5,8.5,14.5,11.5,NA
204,2025-10-01,5,15.7,12.8,14.25,NA
204,2025-10-08,10,14.4,13.3,13.850000000000001,NA
204,2025-10-15,10,10,10.8,10.4,NA
204,2025-10-21,15,9.6,10,9.8,NA
204,2025-10-27,25,7.1,5,6.05,NA
204,2025-11-04,95,6.2,5,5.6,NA
205,2025-09-03,5,17,19,18,NA
205,2025-09-10,5,19.2,18.9,19.049999999999997,NA
205,2025-09-17,5,18.6,15.6,17.1,NA
205,2025-09-25,5,17.6,17.2,17.4,NA
205,2025-10-01,5,19.6,19.4,19.5,NA
205,2025-10-08,5,14.8,16.5,15.65,NA
205,2025-10-15,5,16,17.8,16.9,NA
205,2025-10-21,5,14.6,17.5,16.05,NA
205,2025-10-27,10,14,14,14,NA
205,2025-11-04,35,15,13.6,14.3,NA
206,2025-09-03,5,11.5,13.8,12.65,NA
206,2025-09-10,5,14,11.5,12.75,NA
206,2025-09-17,5,9.9,12.5,11.2,NA
206,2025-09-25,5,13.1,10.8,11.95,NA
206,2025-10-01,5,10.4,10.2,10.3,NA
206,2025-10-08,10,8.9,9.7,9.3,NA
206,2025-10-15,10,8,9.3,8.65,NA
206,2025-10-21,15,6.2,10.4,8.3,NA
206,2025-10-27,25,7.5,7,7.25,NA
206,2025-11-04,90,7.5,4.4,5.95,NA
207,2025-09-03,5,11.6,10.5,11.05,NA
207,2025-09-10,5,12.2,13.7,12.95,NA
207,2025-09-17,5,8.5,9.3,8.9,NA
207,2025-09-25,10,13.9,10.5,12.2,NA
207,2025-10-01,10,10.6,11.1,10.85,NA
207,2025-10-08,15,10,8.7,9.35,NA
207,2025-10-15,15,8.7,8.6,8.649999999999999,NA
207,2025-10-21,15,6.8,8.7,7.75,NA
207,2025-10-27,30,5.3,7.5,6.4,NA
207,2025-11-04,98,NA,NA,NA,NA
208,2025-09-03,5,12.9,12.8,12.850000000000001,NA
208,2025-09-10,5,13.4,12,12.7,NA
208,2025-09-17,5,13.4,13.9,13.65,NA
208,2025-09-25,5,10.9,11.8,11.350000000000001,NA
208,2025-10-01,5,11.3,11.7,11.5,NA
208,2025-10-08,15,10,9.4,9.7,NA
208,2025-10-15,20,11.6,9.4,10.5,NA
208,2025-10-21,30,7,9.4,8.2,NA
208,2025-10-27,75,7,4.3,5.65,NA
208,2025-11-04,100,NA,NA,NA,NA
209,2025-09-03,100,NA,NA,NA,Scorching
209,2025-09-10,100,NA,NA,NA,NA
209,2025-09-17,100,NA,NA,NA,NA
209,2025-09-25,100,NA,NA,NA,NA
209,2025-10-01,100,NA,NA,NA,NA
209,2025-10-08,100,NA,NA,NA,NA
209,2025-10-15,100,NA,NA,NA,NA
209,2025-10-21,100,NA,NA,NA,NA
209,2025-10-27,100,NA,NA,NA,NA
209,2025-11-04,100,NA,NA,NA,NA
212,2025-09-03,100,NA,NA,NA,Scorching
212,2025-09-10,100,NA,NA,NA,NA
212,2025-09-17,100,NA,NA,NA,NA
212,2025-09-25,100,NA,NA,NA,NA
212,2025-10-01,100,NA,NA,NA,NA
212,2025-10-08,100,NA,NA,NA,NA
212,2025-10-15,100,NA,NA,NA,NA
212,2025-10-21,100,NA,NA,NA,NA
212,2025-10-27,100,NA,NA,NA,NA
212,2025-11-04,100,NA,NA,NA,NA
213,2025-09-03,100,NA,NA,NA,Scorching
213,2025-09-10,100,NA,NA,NA,NA
213,2025-09-17,100,NA,NA,NA,NA
213,2025-09-25,100,NA,NA,NA,NA
213,2025-10-01,100,NA,NA,NA,NA
213,2025-10-08,100,NA,NA,NA,NA
213,2025-10-15,100,NA,NA,NA,NA
213,2025-10-21,100,NA,NA,NA,NA
213,2025-10-27,100,NA,NA,NA,NA
213,2025-11-04,100,NA,NA,NA,NA
216,2025-09-03,100,NA,NA,NA,Scorching
216,2025-09-10,100,NA,NA,NA,NA
216,2025-09-17,100,NA,NA,NA,NA
216,2025-09-25,100,NA,NA,NA,NA
216,2025-10-01,100,NA,NA,NA,NA
216,2025-10-08,100,NA,NA,NA,NA
216,2025-10-15,100,NA,NA,NA,NA
216,2025-10-21,100,NA,NA,NA,NA
216,2025-10-27,100,NA,NA,NA,NA
216,2025-11-04,100,NA,NA,NA,NA
217,2025-09-03,5,17.9,18,17.95,NA
217,2025-09-10,5,18.5,14.1,16.3,NA
217,2025-09-17,5,18.3,17.8,18.05,NA
217,2025-09-25,5,16.3,16.7,16.5,NA
217,2025-10-01,10,13,18,15.5,NA
217,2025-10-08,15,17.4,14.1,15.75,NA
217,2025-10-15,15,14,16.5,15.25,NA
217,2025-10-21,15,13.3,11.1,12.2,NA
217,2025-10-27,20,9.4,9,9.2,NA
217,2025-11-04,90,4,8.5,6.25,NA
220,2025-09-03,5,14.1,13,13.55,NA
220,2025-09-10,5,14.7,13.1,13.899999999999999,NA
220,2025-09-17,5,11.6,11.6,11.6,NA
220,2025-09-25,5,14.4,15.1,14.75,NA
220,2025-10-01,5,15,11.5,13.25,NA
220,2025-10-08,5,10.8,10.5,10.65,NA
220,2025-10-15,10,10.2,8.7,9.45,NA
220,2025-10-21,15,10.5,10.4,10.45,NA
220,2025-10-27,20,10.8,9,9.9,NA
220,2025-11-04,90,4,5.6,4.8,NA
221,2025-09-03,5,11.9,11.8,11.850000000000001,NA
221,2025-09-10,5,10.9,13.8,12.350000000000001,NA
221,2025-09-17,5,7.7,10.5,9.1,NA
221,2025-09-25,5,11.5,10.5,11,NA
221,2025-10-01,5,11.2,11.5,11.35,NA
221,2025-10-08,10,8.5,10.8,9.65,NA
221,2025-10-15,15,9.2,9.3,9.25,NA
221,2025-10-21,20,8.7,7.4,8.05,NA
221,2025-10-27,50,7,8,7.5,NA
221,2025-11-04,100,NA,NA,NA,NA
224,2025-09-03,5,14.2,17.8,16,NA
224,2025-09-10,5,14.7,11.5,13.1,NA
224,2025-09-17,5,11.7,12.5,12.1,NA
224,2025-09-25,5,11.9,12,11.95,NA
224,2025-10-01,10,12.3,11.5,11.9,NA
224,2025-10-08,15,9.9,8.1,9,NA
224,2025-10-15,25,7.9,13,10.45,NA
224,2025-10-21,25,10.8,6.5,8.65,NA
224,2025-10-27,55,9.2,10,9.6,NA
224,2025-11-04,85,5,8.2,6.6,NA
225,2025-09-03,40,7.6,10.4,9,Scorching
225,2025-09-10,40,5.9,10.3,8.100000000000001,NA
225,2025-09-17,65,10.6,8.2,9.399999999999999,NA
225,2025-09-25,70,7.3,6.7,7,NA
225,2025-10-01,70,6.8,8.1,7.449999999999999,NA
225,2025-10-08,75,6.6,6.1,6.35,NA
225,2025-10-15,80,7.4,7.1,7.25,NA
225,2025-10-21,85,7.7,3.1,5.4,NA
225,2025-10-27,95,NA,NA,NA,NA
225,2025-11-04,100,NA,NA,NA,NA
226,2025-09-03,70,13.7,13.6,13.649999999999999,Scorching
226,2025-09-10,75,10.3,12.8,11.55,NA
226,2025-09-17,75,9.7,8.3,9,NA
226,2025-09-25,80,8.7,11,9.85,NA
226,2025-10-01,85,12.6,7.9,10.25,NA
226,2025-10-08,90,7.4,10.1,8.75,NA
226,2025-10-15,95,7.4,6.5,6.95,NA
226,2025-10-21,98,NA,NA,NA,NA
226,2025-10-27,100,NA,NA,NA,NA
226,2025-11-04,100,NA,NA,NA,NA
227,2025-09-03,45,11.1,9.9,10.5,Scorching
227,2025-09-10,45,8.6,8.5,8.55,NA
227,2025-09-17,70,8.4,8.7,8.55,NA
227,2025-09-25,75,6.9,6.5,6.7,NA
227,2025-10-01,75,6.1,6,6.05,NA
227,2025-10-08,80,6,4.6,5.3,NA
227,2025-10-15,85,6.2,5.9,6.050000000000001,NA
227,2025-10-21,95,1.9,2.5,2.2,NA
227,2025-10-27,98,NA,NA,NA,NA
227,2025-11-04,100,NA,NA,NA,NA
228,2025-09-03,70,6.9,7,6.95,Scorching
228,2025-09-10,70,8.5,6.3,7.4,NA
228,2025-09-17,75,6.6,5.7,6.15,NA
228,2025-09-25,85,5.8,6,5.9,NA
228,2025-10-01,85,6.2,5.2,5.7,NA
228,2025-10-08,90,3.5,4.4,3.95,NA
228,2025-10-15,95,2.7,5.4,4.050000000000001,NA
228,2025-10-21,95,1.6,2.5,2.05,NA
228,2025-10-27,100,NA,NA,NA,NA
228,2025-11-04,100,NA,NA,NA,NA
229,2025-09-03,75,7.5,6.4,6.95,Scorching
229,2025-09-10,80,6.1,7.2,6.65,NA
229,2025-09-17,80,6.6,5.4,6,NA
229,2025-09-25,90,5,5.4,5.2,NA
229,2025-10-01,90,5.4,6,5.7,NA
229,2025-10-08,90,4,4.8,4.4,NA
229,2025-10-15,95,4.2,4.3,4.25,NA
229,2025-10-21,98,NA,NA,NA,NA
229,2025-10-27,100,NA,NA,NA,NA
229,2025-11-04,100,NA,NA,NA,NA
230,2025-09-03,85,10.2,9.8,10,Scorching
230,2025-09-10,85,NA,NA,NA,NA
230,2025-09-17,95,NA,NA,NA,NA
230,2025-09-25,98,NA,NA,NA,NA
230,2025-10-01,98,NA,NA,NA,NA
230,2025-10-08,98,NA,NA,NA,NA
230,2025-10-15,98,NA,NA,NA,NA
230,2025-10-21,98,NA,NA,NA,NA
230,2025-10-27,100,NA,NA,NA,NA
230,2025-11-04,100,NA,NA,NA,NA
231,2025-09-03,70,10.8,10.6,10.7,Scorching
231,2025-09-10,70,10.9,9,9.95,NA
231,2025-09-17,95,NA,NA,NA,NA
231,2025-09-25,95,NA,NA,NA,NA
231,2025-10-01,95,8.9,10,9.45,NA
231,2025-10-08,95,8.5,8.9,8.7,NA
231,2025-10-15,95,6.4,8.7,7.55,NA
231,2025-10-21,95,2.3,5.3,3.8,NA
231,2025-10-27,100,NA,NA,NA,NA
231,2025-11-04,100,NA,NA,NA,NA
232,2025-09-03,95,11.3,10.8,11.05,Scorching
232,2025-09-10,98,NA,NA,NA,NA
232,2025-09-17,98,NA,NA,NA,NA
232,2025-09-25,98,NA,NA,NA,NA
232,2025-10-01,98,NA,NA,NA,NA
232,2025-10-08,100,NA,NA,NA,NA
232,2025-10-15,100,NA,NA,NA,NA
232,2025-10-21,100,NA,NA,NA,NA
232,2025-10-27,100,NA,NA,NA,NA
232,2025-11-04,100,NA,NA,NA,NA
233,2025-09-03,98,11,11.5,11.25,NA
233,2025-09-10,98,NA,NA,NA,NA
233,2025-09-17,95,9.6,8.8,9.2,NA
233,2025-09-25,98,NA,NA,NA,NA
233,2025-10-01,98,NA,NA,NA,NA
233,2025-10-08,100,NA,NA,NA,NA
233,2025-10-15,100,NA,NA,NA,NA
233,2025-10-21,100,NA,NA,NA,NA
233,2025-10-27,100,NA,NA,NA,NA
233,2025-11-04,100,NA,NA,NA,NA
236,2025-09-03,95,10.7,10.4,10.55,NA
236,2025-09-10,98,9.9,9.9,9.9,NA
236,2025-09-17,100,NA,NA,NA,NA
236,2025-09-25,100,NA,NA,NA,NA
236,2025-10-01,98,NA,NA,NA,NA
236,2025-10-08,98,NA,NA,NA,NA
236,2025-10-15,98,NA,NA,NA,NA
236,2025-10-21,100,NA,NA,NA,NA
236,2025-10-27,100,NA,NA,NA,NA
236,2025-11-04,100,NA,NA,NA,NA
237,2025-09-03,98,NA,NA,NA,NA
237,2025-09-10,98,NA,NA,NA,NA
237,2025-09-17,100,NA,NA,NA,NA
237,2025-09-25,100,NA,NA,NA,NA
237,2025-10-01,100,NA,NA,NA,NA
237,2025-10-08,100,NA,NA,NA,NA
237,2025-10-15,100,NA,NA,NA,NA
237,2025-10-21,100,NA,NA,NA,NA
237,2025-10-27,100,NA,NA,NA,NA
237,2025-11-04,100,NA,NA,NA,NA
240,2025-09-03,100,NA,NA,NA,NA
240,2025-09-10,100,NA,NA,NA,NA
240,2025-09-17,100,NA,NA,NA,NA
240,2025-09-25,100,NA,NA,NA,NA
240,2025-10-01,100,NA,NA,NA,NA
240,2025-10-08,100,NA,NA,NA,NA
240,2025-10-15,100,NA,NA,NA,NA
240,2025-10-21,100,NA,NA,NA,NA
240,2025-10-27,100,NA,NA,NA,NA
240,2025-11-04,100,NA,NA,NA,NA
241,2025-09-03,10,16.8,13.2,15,NA
241,2025-09-10,15,15.3,16.1,15.700000000000001,NA
241,2025-09-17,15,11.1,11,11.05,NA
241,2025-09-25,15,17,18.3,17.65,NA
241,2025-10-01,10,10.7,13.6,12.149999999999999,NA
241,2025-10-08,15,13.7,12.7,13.2,NA
241,2025-10-15,25,7.4,11.5,9.45,NA
241,2025-10-21,30,11.4,11.1,11.25,NA
241,2025-10-27,70,9.4,10.8,10.100000000000001,NA
241,2025-11-04,95,5.7,6.6,6.15,NA
244,2025-09-03,5,10.5,15.5,13,NA
244,2025-09-10,5,15.4,11.2,13.3,NA
244,2025-09-17,5,10.1,9.9,10,NA
244,2025-09-25,5,14.6,11.3,12.95,NA
244,2025-10-01,5,9,10.6,9.8,NA
244,2025-10-08,5,8.8,9.6,9.2,NA
244,2025-10-15,5,8.8,12.6,10.7,NA
244,2025-10-21,5,7,8,7.5,NA
244,2025-10-27,30,8,9.8,8.9,NA
244,2025-11-04,95,7.5,8.8,8.15,NA
245,2025-09-03,10,11.6,16.8,14.2,NA
245,2025-09-10,10,15.7,15.8,15.75,NA
245,2025-09-17,10,11,9.6,10.3,NA
245,2025-09-25,10,9.8,6.9,8.350000000000001,NA
245,2025-10-01,10,10,11.6,10.8,NA
245,2025-10-08,25,9.1,11.2,10.149999999999999,NA
245,2025-10-15,30,9.3,9.1,9.2,NA
245,2025-10-21,35,3.6,8.2,5.8999999999999995,NA
245,2025-10-27,70,7.2,4.6,5.9,NA
245,2025-11-04,98,NA,NA,NA,NA
248,2025-09-03,10,12.2,10.8,11.5,NA
248,2025-09-10,10,11.5,11,11.25,NA
248,2025-09-17,10,9.8,10.3,10.05,NA
248,2025-09-25,15,9.5,5.4,7.45,NA
248,2025-10-01,15,9.6,10.2,9.899999999999999,NA
248,2025-10-08,25,8.6,9.6,9.1,NA
248,2025-10-15,30,8.1,8.8,8.45,NA
248,2025-10-21,30,7,8.2,7.6,NA
248,2025-10-27,45,5.3,5.5,5.4,NA
248,2025-11-04,95,3.1,5.7,4.4,NA
273,2025-09-03,2,9.9,11.5,10.7,NA
273,2025-09-10,2,10.5,12.7,11.6,NA
273,2025-09-17,2,7.1,7.2,7.15,NA
273,2025-09-25,5,9.9,7.8,8.85,NA
273,2025-10-01,5,8.3,7.8,8.05,NA
273,2025-10-08,20,7.4,9.8,8.600000000000001,NA
273,2025-10-15,35,6.5,6.8,6.65,NA
273,2025-10-21,45,2.9,5.8,4.35,NA
273,2025-10-27,90,NA,NA,NA,NA
273,2025-11-04,100,NA,NA,NA,NA
274,2025-09-03,5,13.8,16.6,15.200000000000001,NA
274,2025-09-10,5,15.2,15.6,15.399999999999999,NA
274,2025-09-17,5,13,15.3,14.15,NA
274,2025-09-25,5,13.8,12.5,13.15,NA
274,2025-10-01,5,14.2,8.1,11.149999999999999,NA
274,2025-10-08,20,11.4,10.9,11.15,NA
274,2025-10-15,40,9.3,9.7,9.5,NA
274,2025-10-21,70,8,5.4,6.7,NA
274,2025-10-27,95,NA,NA,NA,NA
274,2025-11-04,100,NA,NA,NA,NA
275,2025-09-03,2,14.9,13.9,14.4,NA
275,2025-09-10,2,13.1,12.2,12.649999999999999,NA
275,2025-09-17,2,12.2,11.8,12,NA
275,2025-09-25,2,6.5,10.2,8.35,NA
275,2025-10-01,5,12.5,10.5,11.5,NA
275,2025-10-08,15,10.8,9.9,10.350000000000001,NA
275,2025-10-15,20,10.7,8.5,9.6,NA
275,2025-10-21,35,7.7,8.7,8.2,NA
275,2025-10-27,75,5.6,2.8,4.199999999999999,NA
275,2025-11-04,10,NA,NA,NA,NA
276,2025-09-03,5,14,18.1,16.05,NA
276,2025-09-10,5,9.6,18.9,14.25,NA
276,2025-09-17,5,13.1,16.3,14.7,NA
276,2025-09-25,5,14.9,15.6,15.25,NA
276,2025-10-01,5,11.9,14,12.95,NA
276,2025-10-08,15,11.4,12.8,12.100000000000001,NA
276,2025-10-15,15,11.2,14.6,12.899999999999999,NA
276,2025-10-21,15,9.5,6.6,8.05,NA
276,2025-10-27,20,4.7,7.3,6,NA
276,2025-11-04,95,6.5,5.8,6.15,NA
277,2025-09-03,5,12.6,14.2,13.399999999999999,NA
277,2025-09-10,5,11.3,14.3,12.8,NA
277,2025-09-17,5,11.5,12.9,12.2,NA
277,2025-09-25,5,9.9,12.3,11.100000000000001,NA
277,2025-10-01,5,11.9,10.4,11.15,NA
277,2025-10-08,15,9.9,9.7,9.8,NA
277,2025-10-15,20,9.7,10,9.85,NA
277,2025-10-21,30,8.4,7.9,8.15,NA
277,2025-10-27,55,6,5.3,5.65,NA
277,2025-11-04,100,NA,NA,NA,NA
278,2025-09-03,2,12.3,16,14.15,NA
278,2025-09-10,2,15.2,11.3,13.25,NA
278,2025-09-17,2,10.9,10.9,10.9,NA
278,2025-09-25,2,13.8,12.8,13.3,NA
278,2025-10-01,5,12,11.7,11.85,NA
278,2025-10-08,5,12.2,12.9,12.55,NA
278,2025-10-15,10,11.7,10.6,11.149999999999999,NA
278,2025-10-21,10,11.7,9.2,10.45,NA
278,2025-10-27,25,6.2,5.3,5.75,NA
278,2025-11-04,90,6.6,3.8,5.199999999999999,NA
279,2025-09-03,5,11,12.5,11.75,NA
279,2025-09-10,5,10.8,11.1,10.95,NA
279,2025-09-17,5,9.7,8.5,9.1,NA
279,2025-09-25,5,11,8.6,9.8,NA
279,2025-10-01,5,12,10.5,11.25,NA
279,2025-10-08,15,9.4,6.9,8.15,NA
279,2025-10-15,20,9,9.1,9.05,NA
279,2025-10-21,30,7,5.6,6.3,NA
279,2025-10-27,80,5,4.8,4.9,NA
279,2025-11-04,100,NA,NA,NA,NA
280,2025-09-03,2,7.4,8,7.7,NA
280,2025-09-10,5,7.9,10.4,9.15,NA
280,2025-09-17,5,7.7,9.5,8.6,NA
280,2025-09-25,5,8.5,7.5,8,NA
280,2025-10-01,10,6.3,8,7.15,NA
280,2025-10-08,30,5.7,6.8,6.25,NA
280,2025-10-15,35,5.4,6,5.7,NA
280,2025-10-21,40,4.8,4.8,4.8,NA
280,2025-10-27,50,4.3,5.2,4.75,NA
280,2025-11-04,95,4.3,4.4,4.35,NA
297,2025-09-03,100,NA,NA,NA,Scorching
297,2025-09-10,100,NA,NA,NA,NA
297,2025-09-17,100,NA,NA,NA,NA
297,2025-09-25,100,NA,NA,NA,NA
297,2025-10-01,100,NA,NA,NA,NA
297,2025-10-08,100,NA,NA,NA,NA
297,2025-10-15,100,NA,NA,NA,NA
297,2025-10-21,100,NA,NA,NA,NA
297,2025-10-27,100,NA,NA,NA,NA
297,2025-11-04,100,NA,NA,NA,NA
300,2025-09-03,100,NA,NA,NA,Scorching
300,2025-09-10,100,NA,NA,NA,NA
300,2025-09-17,100,NA,NA,NA,NA
300,2025-09-25,100,NA,NA,NA,NA
300,2025-10-01,100,NA,NA,NA,NA
300,2025-10-08,100,NA,NA,NA,NA
300,2025-10-15,100,NA,NA,NA,NA
300,2025-10-21,100,NA,NA,NA,NA
300,2025-10-27,100,NA,NA,NA,NA
300,2025-11-04,100,NA,NA,NA,NA
301,2025-09-03,100,NA,NA,NA,Scorching
301,2025-09-10,100,NA,NA,NA,NA
301,2025-09-17,100,NA,NA,NA,NA
301,2025-09-25,100,NA,NA,NA,NA
301,2025-10-01,100,NA,NA,NA,NA
301,2025-10-08,100,NA,NA,NA,NA
301,2025-10-15,100,NA,NA,NA,NA
301,2025-10-21,100,NA,NA,NA,NA
301,2025-10-27,100,NA,NA,NA,NA
301,2025-11-04,100,NA,NA,NA,NA
304,2025-09-03,100,NA,NA,NA,Scorching
304,2025-09-10,100,NA,NA,NA,NA
304,2025-09-17,100,NA,NA,NA,NA
304,2025-09-25,100,NA,NA,NA,NA
304,2025-10-01,100,NA,NA,NA,NA
304,2025-10-08,100,NA,NA,NA,NA
304,2025-10-15,100,NA,NA,NA,NA
304,2025-10-21,100,NA,NA,NA,NA
304,2025-10-27,100,NA,NA,NA,NA
304,2025-11-04,100,NA,NA,NA,NA
305,2025-09-03,2,19.4,20,19.7,NA
305,2025-09-10,5,18.3,19.9,19.1,NA
305,2025-09-17,5,17.8,19.7,18.75,NA
305,2025-09-25,5,17,18.9,17.95,NA
305,2025-10-01,5,15.8,17.7,16.75,NA
305,2025-10-08,10,16.8,13.5,15.15,NA
305,2025-10-15,15,12.9,15.8,14.350000000000001,NA
305,2025-10-21,25,15.1,10.6,12.85,NA
305,2025-10-27,30,10.3,11.5,10.9,NA
305,2025-11-04,90,6.1,8.8,7.45,NA
306,2025-09-03,2,11.8,12.2,12,NA
306,2025-09-10,2,12.6,13.3,12.95,NA
306,2025-09-17,2,11.9,9.8,10.850000000000001,NA
306,2025-09-25,5,13.3,9.5,11.4,NA
306,2025-10-01,15,10.9,10.1,10.5,NA
306,2025-10-08,20,9.1,8.7,8.899999999999999,NA
306,2025-10-15,25,5.1,7.9,6.5,NA
306,2025-10-21,30,5.7,6.8,6.25,NA
306,2025-10-27,75,5,3.9,4.45,NA
306,2025-11-04,100,NA,NA,NA,NA
307,2025-09-03,2,12.2,10.1,11.149999999999999,NA
307,2025-09-10,2,11,11.5,11.25,NA
307,2025-09-17,2,10.6,11.4,11,NA
307,2025-09-25,2,9.6,11,10.3,NA
307,2025-10-01,5,6.8,9.3,8.05,NA
307,2025-10-08,15,7.4,9.3,8.350000000000001,NA
307,2025-10-15,15,6.1,8.3,7.2,NA
307,2025-10-21,20,4.5,6.7,5.6,NA
307,2025-10-27,30,4.7,5.3,5,NA
307,2025-11-04,95,4.3,3.1,3.7,NA
308,2025-09-03,2,12,8,10,NA
308,2025-09-10,2,10.5,12,11.25,NA
308,2025-09-17,2,8.1,11.4,9.75,NA
308,2025-09-25,2,10.8,11.5,11.15,NA
308,2025-10-01,2,10,8.2,9.1,NA
308,2025-10-08,5,6.8,4.9,5.85,NA
308,2025-10-15,5,9.3,8.5,8.9,NA
308,2025-10-21,10,7.5,4.8,6.15,NA
308,2025-10-27,60,2.8,1.7,2.25,NA
308,2025-11-04,100,NA,NA,NA,NA
309,2025-09-03,2,11.7,10,10.85,NA
309,2025-09-10,2,10.7,10.9,10.8,NA
309,2025-09-17,2,10.1,9.9,10,NA
309,2025-09-25,2,9.6,8,8.8,NA
309,2025-10-01,2,9.9,11.5,10.7,NA
309,2025-10-08,5,8.3,9,8.65,NA
309,2025-10-15,5,6.7,9.1,7.9,NA
309,2025-10-21,10,8.5,7.4,7.95,NA
309,2025-10-27,25,5.4,4.4,4.9,NA
309,2025-11-04,98,NA,NA,NA,NA
310,2025-09-03,2,10.6,10,10.3,NA
310,2025-09-10,2,10.9,10.5,10.7,NA
310,2025-09-17,2,9,8.4,8.7,NA
310,2025-09-25,2,7.8,8.4,8.1,NA
310,2025-10-01,2,8.8,9.1,8.95,NA
310,2025-10-08,5,9.5,8.2,8.85,NA
310,2025-10-15,10,7.6,8.2,7.8999999999999995,NA
310,2025-10-21,15,6.5,7.4,6.95,NA
310,2025-10-27,35,6.3,5.7,6,NA
310,2025-11-04,100,NA,NA,NA,NA
311,2025-09-03,5,11.5,10.6,11.05,NA
311,2025-09-10,5,11.3,9.9,10.600000000000001,NA
311,2025-09-17,5,7.6,8,7.8,NA
311,2025-09-25,5,8.8,6.9,7.8500000000000005,NA
311,2025-10-01,5,10.1,9.3,9.7,NA
311,2025-10-08,30,10,8,9,NA
311,2025-10-15,35,7.6,7.6,7.6,NA
311,2025-10-21,45,6.1,2.7,4.4,NA
311,2025-10-27,95,NA,NA,NA,NA
311,2025-11-04,100,NA,NA,NA,NA
312,2025-09-03,5,10.6,10.1,10.35,NA
312,2025-09-10,5,9,5,7,NA
312,2025-09-17,5,10.4,9.7,10.05,NA
312,2025-09-25,10,8.2,9.9,9.05,NA
312,2025-10-01,10,9,10,9.5,NA
312,2025-10-08,40,8.3,9.3,8.8,NA
312,2025-10-15,40,8.8,8,8.4,NA
312,2025-10-21,40,7.3,5.7,6.5,NA
312,2025-10-27,55,5.7,7,6.35,NA
312,2025-11-04,95,4.6,3.6,4.1,NA
321,2025-09-03,2,8.4,8.5,8.45,NA
321,2025-09-10,2,7.6,8.3,7.95,NA
321,2025-09-17,5,8.5,7.7,8.1,NA
321,2025-09-25,5,7.5,7.3,7.4,NA
321,2025-10-01,10,8.3,6.5,7.4,NA
321,2025-10-08,40,6.5,7.7,7.1,NA
321,2025-10-15,45,5.5,6.5,6,NA
321,2025-10-21,55,3.6,3.6,3.6,NA
321,2025-10-27,95,NA,NA,NA,NA
321,2025-11-04,100,NA,NA,NA,NA
322,2025-09-03,5,7.6,6.4,7,NA
322,2025-09-10,5,7.6,5.3,6.449999999999999,NA
322,2025-09-17,10,6.6,6.5,6.55,NA
322,2025-09-25,10,6.3,6.6,6.449999999999999,NA
322,2025-10-01,20,6.1,5.1,5.6,NA
322,2025-10-08,50,4.3,4.6,4.449999999999999,NA
322,2025-10-15,50,4.8,4,4.4,NA
322,2025-10-21,65,2.4,3.7,3.05,NA
322,2025-10-27,90,4.8,4.3,4.55,NA
322,2025-11-04,100,NA,NA,NA,NA
323,2025-09-03,5,6.7,8.2,7.449999999999999,NA
323,2025-09-10,5,5.8,6.7,6.25,NA
323,2025-09-17,5,9.9,7.3,8.6,NA
323,2025-09-25,10,8.5,8.4,8.45,NA
323,2025-10-01,15,7.5,6.9,7.2,NA
323,2025-10-08,55,7.9,7.1,7.5,NA
323,2025-10-15,55,9.6,7,8.3,NA
323,2025-10-21,60,7.4,4.2,5.800000000000001,NA
323,2025-10-27,80,7.2,9,8.1,NA
323,2025-11-04,90,7.1,7.5,7.3,NA
324,2025-09-03,2,7.3,7.9,7.6,NA
324,2025-09-10,2,8.6,6.9,7.75,NA
324,2025-09-17,10,8.5,8.7,8.6,NA
324,2025-09-25,10,7.2,8.5,7.85,NA
324,2025-10-01,10,8,5.8,6.9,NA
324,2025-10-08,20,5.1,5.8,5.449999999999999,NA
324,2025-10-15,25,6.4,5.1,5.75,NA
324,2025-10-21,45,2.9,3.9,3.4,NA
324,2025-10-27,90,4.6,2.9,3.75,NA
324,2025-11-04,100,NA,NA,NA,NA
325,2025-09-03,5,8.4,8.2,8.3,NA
325,2025-09-10,5,8.6,7.2,7.9,NA
325,2025-09-17,10,8.2,5.6,6.8999999999999995,NA
325,2025-09-25,15,3.4,5.3,4.35,NA
325,2025-10-01,35,6.6,6,6.3,NA
325,2025-10-08,60,5.3,6.4,5.85,NA
325,2025-10-15,65,4.4,4.4,4.4,NA
325,2025-10-21,80,3.9,3.8,3.8499999999999996,NA
325,2025-10-27,98,NA,NA,NA,NA
325,2025-11-04,100,NA,NA,NA,NA
326,2025-09-03,2,13.2,11.5,12.35,NA
326,2025-09-10,2,12.6,15.6,14.1,NA
326,2025-09-17,5,13,12.7,12.85,NA
326,2025-09-25,5,8,6.2,7.1,NA
326,2025-10-01,5,6.8,6.2,6.5,NA
326,2025-10-08,10,7.6,10.1,8.85,NA
326,2025-10-15,10,7.4,11.9,9.65,NA
326,2025-10-21,15,5.8,9,7.4,NA
326,2025-10-27,20,7.7,8,7.85,NA
326,2025-11-04,90,5.9,5.6,5.75,NA
327,2025-09-03,2,10.4,10,10.2,NA
327,2025-09-10,2,8.8,9.6,9.2,NA
327,2025-09-17,5,10.2,8.5,9.35,NA
327,2025-09-25,5,8.4,8.8,8.600000000000001,NA
327,2025-10-01,5,9.5,8.6,9.05,NA
327,2025-10-08,15,7.8,7.7,7.75,NA
327,2025-10-15,15,8.1,6.8,7.449999999999999,NA
327,2025-10-21,25,6,6.2,6.1,NA
327,2025-10-27,90,4.6,3.6,4.1,NA
327,2025-11-04,100,NA,NA,NA,NA
328,2025-09-03,5,12.8,11.5,12.15,NA
328,2025-09-10,5,12,12.3,12.15,NA
328,2025-09-17,5,12.6,7.9,10.25,NA
328,2025-09-25,10,7.4,10.6,9,NA
328,2025-10-01,15,7.1,12.5,9.8,NA
328,2025-10-08,35,7.2,9.7,8.45,NA
328,2025-10-15,40,9.3,7.6,8.45,NA
328,2025-10-21,65,5.2,5.4,5.300000000000001,NA
328,2025-10-27,90,7.6,1.7,4.6499999999999995,NA
328,2025-11-04,100,NA,NA,NA,NA
337,2025-09-03,5,10.3,12,11.15,NA
337,2025-09-10,10,8.7,10.1,9.399999999999999,NA
337,2025-09-17,10,7.2,8.6,7.9,NA
337,2025-09-25,5,11.6,9.1,10.35,NA
337,2025-10-01,15,9.1,8,8.55,NA
337,2025-10-08,30,5.6,8.2,6.8999999999999995,NA
337,2025-10-15,30,7.5,8,7.75,NA
337,2025-10-21,35,7.8,7.4,7.6,NA
337,2025-10-27,55,4.6,5.5,5.05,NA
337,2025-11-04,85,5,4.8,4.9,NA
340,2025-09-03,5,15.4,16.8,16.1,Reflush
340,2025-09-10,10,14.9,14.6,14.75,NA
340,2025-09-17,10,15.2,13.9,14.55,NA
340,2025-09-25,5,14.9,9.9,12.4,NA
340,2025-10-01,5,14.3,14,14.15,NA
340,2025-10-08,10,13.4,12.9,13.15,NA
340,2025-10-15,15,13.4,5.9,9.65,NA
340,2025-10-21,20,9.5,10.8,10.15,NA
340,2025-10-27,45,7,7.8,7.4,NA
340,2025-11-04,95,7.1,7,7.05,NA
341,2025-09-03,5,10.7,11.3,11,NA
341,2025-09-10,5,13.8,11,12.4,NA
341,2025-09-17,10,10.4,9.8,10.100000000000001,NA
341,2025-09-25,10,10.5,9.2,9.85,NA
341,2025-10-01,10,9.7,9.9,9.8,NA
341,2025-10-08,25,7.8,9,8.4,NA
341,2025-10-15,20,7.9,7.7,7.800000000000001,NA
341,2025-10-21,30,6.4,6.1,6.25,NA
341,2025-10-27,60,3.1,3,3.05,NA
341,2025-11-04,100,NA,NA,NA,NA
344,2025-09-03,10,9.9,12.2,11.05,NA
344,2025-09-10,15,10.8,11.1,10.95,NA
344,2025-09-17,15,9.8,11.5,10.65,NA
344,2025-09-25,15,8.4,9,8.7,NA
344,2025-10-01,20,9.3,9,9.15,NA
344,2025-10-08,40,8.5,7.4,7.95,NA
344,2025-10-15,50,3.1,9.4,6.25,NA
344,2025-10-21,75,3.1,6.8,4.95,NA
344,2025-10-27,98,NA,NA,NA,NA
344,2025-11-04,100,NA,NA,NA,NA
345,2025-09-03,95,NA,NA,NA,Scorching
345,2025-09-10,98,NA,NA,NA,NA
345,2025-09-17,98,NA,NA,NA,NA
345,2025-09-25,98,NA,NA,NA,NA
345,2025-10-01,98,NA,NA,NA,NA
345,2025-10-08,98,NA,NA,NA,NA
345,2025-10-15,98,NA,NA,NA,NA
345,2025-10-21,98,NA,NA,NA,NA
345,2025-10-27,100,NA,NA,NA,NA
345,2025-11-04,100,NA,NA,NA,NA
346,2025-09-03,98,NA,NA,NA,Reflush - Scorching
346,2025-09-10,98,NA,NA,NA,NA
346,2025-09-17,98,NA,NA,NA,NA
346,2025-09-25,98,NA,NA,NA,NA
346,2025-10-01,100,NA,NA,NA,NA
346,2025-10-08,100,NA,NA,NA,NA
346,2025-10-15,100,NA,NA,NA,NA
346,2025-10-21,100,NA,NA,NA,NA
346,2025-10-27,100,NA,NA,NA,NA
346,2025-11-04,100,NA,NA,NA,NA
347,2025-09-03,98,NA,NA,NA,Reflush - Scorching
347,2025-09-10,98,NA,NA,NA,NA
347,2025-09-17,98,NA,NA,NA,NA
347,2025-09-25,98,NA,NA,NA,NA
347,2025-10-01,98,NA,NA,NA,NA
347,2025-10-08,98,NA,NA,NA,NA
347,2025-10-15,98,NA,NA,NA,NA
347,2025-10-21,98,NA,NA,NA,NA
347,2025-10-27,100,NA,NA,NA,NA
347,2025-11-04,100,NA,NA,NA,NA
348,2025-09-03,100,NA,NA,NA,Reflush - Scorching
348,2025-09-10,100,NA,NA,NA,NA
348,2025-09-17,100,NA,NA,NA,NA
348,2025-09-25,100,NA,NA,NA,NA
348,2025-10-01,100,NA,NA,NA,NA
348,2025-10-08,100,NA,NA,NA,NA
348,2025-10-15,100,NA,NA,NA,NA
348,2025-10-21,100,NA,NA,NA,NA
348,2025-10-27,100,NA,NA,NA,NA
348,2025-11-04,100,NA,NA,NA,NA
349,2025-09-03,100,NA,NA,NA,Scorching
349,2025-09-10,100,NA,NA,NA,NA
349,2025-09-17,100,NA,NA,NA,NA
349,2025-09-25,100,NA,NA,NA,NA
349,2025-10-01,100,NA,NA,NA,NA
349,2025-10-08,100,NA,NA,NA,NA
349,2025-10-15,100,NA,NA,NA,NA
349,2025-10-21,100,NA,NA,NA,NA
349,2025-10-27,100,NA,NA,NA,NA
349,2025-11-04,100,NA,NA,NA,NA
350,2025-09-03,100,NA,NA,NA,Scorching
350,2025-09-10,100,NA,NA,NA,NA
350,2025-09-17,100,NA,NA,NA,NA
350,2025-09-25,100,NA,NA,NA,NA
350,2025-10-01,100,NA,NA,NA,NA
350,2025-10-08,100,NA,NA,NA,NA
350,2025-10-15,100,NA,NA,NA,NA
350,2025-10-21,100,NA,NA,NA,NA
350,2025-10-27,100,NA,NA,NA,NA
350,2025-11-04,100,NA,NA,NA,NA
351,2025-09-03,98,NA,NA,NA,Reflush - Scorching
351,2025-09-10,100,NA,NA,NA,NA
351,2025-09-17,100,NA,NA,NA,NA
351,2025-09-25,100,NA,NA,NA,NA
351,2025-10-01,100,NA,NA,NA,NA
351,2025-10-08,100,NA,NA,NA,NA
351,2025-10-15,100,NA,NA,NA,NA
351,2025-10-21,100,NA,NA,NA,NA
351,2025-10-27,100,NA,NA,NA,NA
351,2025-11-04,100,NA,NA,NA,NA
352,2025-09-03,100,NA,NA,NA,Scorching
352,2025-09-10,100,NA,NA,NA,NA
352,2025-09-17,100,NA,NA,NA,NA
352,2025-09-25,100,NA,NA,NA,NA
352,2025-10-01,100,NA,NA,NA,NA
352,2025-10-08,100,NA,NA,NA,NA
352,2025-10-15,100,NA,NA,NA,NA
352,2025-10-21,100,NA,NA,NA,NA
352,2025-10-27,100,NA,NA,NA,NA
352,2025-11-04,100,NA,NA,NA,NA
353,2025-09-03,100,NA,NA,NA,Scorching
353,2025-09-10,100,NA,NA,NA,NA
353,2025-09-17,100,NA,NA,NA,NA
353,2025-09-25,100,NA,NA,NA,NA
353,2025-10-01,100,NA,NA,NA,NA
353,2025-10-08,100,NA,NA,NA,NA
353,2025-10-15,100,NA,NA,NA,NA
353,2025-10-21,100,NA,NA,NA,NA
353,2025-10-27,100,NA,NA,NA,NA
353,2025-11-04,100,NA,NA,NA,NA
354,2025-09-03,15,10.4,11,10.7,Scorching
354,2025-09-10,40,11.6,10.8,11.2,NA
354,2025-09-17,60,11.9,9.1,10.5,NA
354,2025-09-25,60,9.2,9.8,9.5,NA
354,2025-10-01,60,10.7,11.1,10.899999999999999,NA
354,2025-10-08,65,9.5,9,9.25,NA
354,2025-10-15,65,9.3,10.3,9.8,NA
354,2025-10-21,70,7.3,5.7,6.5,NA
354,2025-10-27,80,6.3,2.5,4.4,NA
354,2025-11-04,100,NA,NA,NA,NA
355,2025-09-03,75,4.6,5.3,4.949999999999999,Scorching
355,2025-09-10,75,3.8,3.9,3.8499999999999996,NA
355,2025-09-17,95,3.4,4.4,3.9000000000000004,NA
355,2025-09-25,95,3.7,3.9,3.8,NA
355,2025-10-01,95,NA,NA,NA,NA
355,2025-10-08,95,NA,NA,NA,NA
355,2025-10-15,95,NA,NA,NA,NA
355,2025-10-21,98,NA,NA,NA,NA
355,2025-10-27,100,NA,NA,NA,NA
355,2025-11-04,100,NA,NA,NA,NA
356,2025-09-03,80,10.8,7.2,9,Reflush - Scorching
356,2025-09-10,80,9.9,6.8,8.35,NA
356,2025-09-17,80,9.9,7.6,8.75,NA
356,2025-09-25,90,6.7,3.8,5.25,NA
356,2025-10-01,90,6.6,8,7.3,NA
356,2025-10-08,95,5.8,8,6.9,NA
356,2025-10-15,95,6.3,8,7.15,NA
356,2025-10-21,98,NA,NA,NA,NA
356,2025-10-27,98,NA,NA,NA,NA
356,2025-11-04,100,NA,NA,NA,NA
357,2025-09-03,100,NA,NA,NA,Reflush - Scorching
357,2025-09-10,100,NA,NA,NA,NA
357,2025-09-17,100,NA,NA,NA,Reflush
357,2025-09-25,100,NA,NA,NA,NA
357,2025-10-01,98,NA,NA,NA,NA
357,2025-10-08,98,NA,NA,NA,NA
357,2025-10-15,98,NA,NA,NA,NA
357,2025-10-21,100,NA,NA,NA,NA
357,2025-10-27,100,NA,NA,NA,NA
357,2025-11-04,100,NA,NA,NA,NA
358,2025-09-03,98,NA,NA,NA,Scorching
358,2025-09-10,98,NA,NA,NA,NA
358,2025-09-17,100,NA,NA,NA,Reflush
358,2025-09-25,100,NA,NA,NA,NA
358,2025-10-01,98,NA,NA,NA,NA
358,2025-10-08,98,NA,NA,NA,NA
358,2025-10-15,98,NA,NA,NA,NA
358,2025-10-21,100,NA,NA,NA,NA
358,2025-10-27,100,NA,NA,NA,NA
358,2025-11-04,100,NA,NA,NA,NA
359,2025-09-03,100,NA,NA,NA,Scorching
359,2025-09-10,100,NA,NA,NA,NA
359,2025-09-17,100,NA,NA,NA,Reflush
359,2025-09-25,100,NA,NA,NA,NA
359,2025-10-01,98,NA,NA,NA,NA
359,2025-10-08,100,NA,NA,NA,NA
359,2025-10-15,100,NA,NA,NA,NA
359,2025-10-21,100,NA,NA,NA,NA
359,2025-10-27,100,NA,NA,NA,NA
359,2025-11-04,100,NA,NA,NA,NA
360,2025-09-03,95,4.1,4.1,4.1,Scorching
360,2025-09-10,95,4.5,5.9,5.2,NA
360,2025-09-17,98,NA,NA,NA,NA
360,2025-09-25,98,NA,NA,NA,NA
360,2025-10-01,98,NA,NA,NA,NA
360,2025-10-08,98,NA,NA,NA,NA
360,2025-10-15,98,NA,NA,NA,NA
360,2025-10-21,100,NA,NA,NA,NA
360,2025-10-27,100,NA,NA,NA,NA
360,2025-11-04,100,NA,NA,NA,NA
361,2025-09-03,2,15.1,11.1,13.1,NA
361,2025-09-10,2,18.9,20.3,19.6,NA
361,2025-09-17,5,14.4,17,15.7,NA
361,2025-09-25,5,13,18.2,15.6,NA
361,2025-10-01,10,14.7,17,15.85,NA
361,2025-10-08,15,14,13.3,13.65,NA
361,2025-10-15,15,19,14.9,16.95,NA
361,2025-10-21,15,13.4,16.3,14.850000000000001,NA
361,2025-10-27,20,12.3,12.4,12.350000000000001,NA
361,2025-11-04,65,10.3,10.7,10.5,NA
364,2025-09-03,5,10.9,8.8,9.850000000000001,NA
364,2025-09-10,5,8.9,7.6,8.25,NA
364,2025-09-17,5,8.5,9,8.75,NA
364,2025-09-25,5,8.3,9.4,8.850000000000001,NA
364,2025-10-01,5,6,9,7.5,NA
364,2025-10-08,10,8.2,9.3,8.75,NA
364,2025-10-15,10,7.7,7.5,7.6,NA
364,2025-10-21,15,7.1,9.4,8.25,NA
364,2025-10-27,35,6.2,8,7.1,NA
364,2025-11-04,75,5.5,7.5,6.5,NA
365,2025-09-03,2,15.6,11.7,13.649999999999999,NA
365,2025-09-10,2,14,15.8,14.9,NA
365,2025-09-17,5,6.7,5.1,5.9,NA
365,2025-09-25,5,9.1,14,11.55,NA
365,2025-10-01,5,11,9.9,10.45,NA
365,2025-10-08,15,8,11.2,9.6,NA
365,2025-10-15,15,6.9,7.6,7.25,NA
365,2025-10-21,30,3.9,8,5.95,NA
365,2025-10-27,95,4.9,6.2,5.550000000000001,NA
365,2025-11-04,100,NA,NA,NA,NA
368,2025-09-03,5,13.9,15.4,14.65,NA
368,2025-09-10,5,15.6,12.2,13.899999999999999,NA
368,2025-09-17,5,11.5,11.7,11.6,NA
368,2025-09-25,10,12.9,11.4,12.15,NA
368,2025-10-01,15,12,10.8,11.4,NA
368,2025-10-08,25,11.4,13,12.2,NA
368,2025-10-15,30,12.6,6.1,9.35,NA
368,2025-10-21,35,9.9,9.3,9.600000000000001,NA
368,2025-10-27,85,8.2,7.6,7.8999999999999995,NA
368,2025-11-04,100,NA,NA,NA,NA
369,2025-09-03,85,13.2,12.3,12.75,Scorching
369,2025-09-10,90,9.9,9.9,9.9,NA
369,2025-09-17,95,10.4,10,10.2,NA
369,2025-09-25,95,9.7,10.2,9.95,NA
369,2025-10-01,95,10.6,10.6,10.6,NA
369,2025-10-08,95,12.2,8,10.1,NA
369,2025-10-15,95,9.7,8.5,9.1,NA
369,2025-10-21,95,7.4,4,5.7,NA
369,2025-10-27,98,NA,NA,NA,NA
369,2025-11-04,100,NA,NA,NA,NA
372,2025-09-03,90,6.8,5.8,6.3,Scorching
372,2025-09-10,90,6,6.8,6.4,NA
372,2025-09-17,95,6.7,5.5,6.1,NA
372,2025-09-25,95,6.4,6.6,6.5,NA
372,2025-10-01,95,NA,NA,NA,NA
372,2025-10-08,95,5.7,4.6,5.15,NA
372,2025-10-15,95,6.1,5.4,5.75,NA
372,2025-10-21,98,NA,NA,NA,NA
372,2025-10-27,100,NA,NA,NA,NA
372,2025-11-04,100,NA,NA,NA,NA
373,2025-09-03,90,5.2,5.3,5.25,Scorching
373,2025-09-10,95,5,5.7,5.35,NA
373,2025-09-17,98,NA,5.7,5.7,NA
373,2025-09-25,98,NA,NA,NA,NA
373,2025-10-01,98,NA,NA,NA,NA
373,2025-10-08,98,NA,NA,NA,NA
373,2025-10-15,98,NA,NA,NA,NA
373,2025-10-21,100,NA,NA,NA,NA
373,2025-10-27,100,NA,NA,NA,NA
373,2025-11-04,100,NA,NA,NA,NA
376,2025-09-03,90,8.9,11.3,10.100000000000001,Scorching
376,2025-09-10,95,12.1,10.3,11.2,NA
376,2025-09-17,98,NA,NA,NA,NA
376,2025-09-25,98,NA,NA,NA,NA
376,2025-10-01,98,NA,NA,NA,NA
376,2025-10-08,98,NA,NA,NA,NA
376,2025-10-15,98,NA,NA,NA,NA
376,2025-10-21,98,NA,NA,NA,NA
376,2025-10-27,98,NA,NA,NA,NA
376,2025-11-04,100,NA,NA,NA,NA
385,2025-09-03,65,5.6,9.9,7.75,Reflush - Scorching
385,2025-09-10,65,5.6,12.7,9.149999999999999,NA
385,2025-09-17,90,5.7,8.9,7.300000000000001,NA
385,2025-09-25,90,5,5.5,5.25,NA
385,2025-10-01,90,5.8,8.4,7.1,NA
385,2025-10-08,90,5,5.4,5.2,NA
385,2025-10-15,90,5.3,7.1,6.199999999999999,NA
385,2025-10-21,90,3.8,4.1,3.9499999999999997,NA
385,2025-10-27,98,NA,NA,NA,NA
385,2025-11-04,100,NA,NA,NA,NA
386,2025-09-03,80,7.4,4.7,6.050000000000001,Reflush - Scorching
386,2025-09-10,85,NA,NA,NA,NA
386,2025-09-17,95,NA,NA,NA,NA
386,2025-09-25,95,NA,NA,NA,NA
386,2025-10-01,95,NA,NA,NA,NA
386,2025-10-08,95,NA,NA,NA,NA
386,2025-10-15,95,NA,NA,NA,NA
386,2025-10-21,95,NA,NA,NA,NA
386,2025-10-27,98,NA,NA,NA,NA
386,2025-11-04,100,NA,NA,NA,NA
387,2025-09-03,70,5.3,7.4,6.35,Reflush - Scorching
387,2025-09-10,75,4.3,4.4,4.35,NA
387,2025-09-17,95,NA,NA,NA,NA
387,2025-09-25,95,NA,NA,NA,NA
387,2025-10-01,95,NA,NA,NA,NA
387,2025-10-08,95,NA,NA,NA,NA
387,2025-10-15,95,NA,NA,NA,NA
387,2025-10-21,95,NA,NA,NA,NA
387,2025-10-27,98,NA,NA,NA,NA
387,2025-11-04,100,NA,NA,NA,NA
388,2025-09-03,80,6.3,5.8,6.05,Reflush - Scorching
388,2025-09-10,80,6.4,6.8,6.6,NA
388,2025-09-17,95,6.6,5.9,6.25,NA
388,2025-09-25,95,5.9,6.2,6.050000000000001,NA
388,2025-10-01,95,NA,NA,NA,NA
388,2025-10-08,95,NA,NA,NA,NA
388,2025-10-15,95,NA,NA,NA,NA
388,2025-10-21,95,NA,NA,NA,NA
388,2025-10-27,98,NA,NA,NA,NA
388,2025-11-04,98,NA,NA,NA,NA
389,2025-09-03,80,7.2,8.2,7.699999999999999,Reflush - Scorching
389,2025-09-10,80,9.2,7,8.1,NA
389,2025-09-17,95,NA,NA,NA,NA
389,2025-09-25,95,NA,NA,NA,NA
389,2025-10-01,95,NA,NA,NA,NA
389,2025-10-08,95,NA,NA,NA,NA
389,2025-10-15,95,NA,NA,NA,NA
389,2025-10-21,98,NA,NA,NA,NA
389,2025-10-27,100,NA,NA,NA,NA
389,2025-11-04,100,NA,NA,NA,NA
390,2025-09-03,90,5.6,5.8,5.699999999999999,Reflush - Scorching
390,2025-09-10,90,NA,NA,NA,NA
390,2025-09-17,98,NA,NA,NA,NA
390,2025-09-25,98,NA,NA,NA,NA
390,2025-10-01,98,NA,NA,NA,NA
390,2025-10-08,98,NA,NA,NA,NA
390,2025-10-15,98,NA,NA,NA,NA
390,2025-10-21,98,NA,NA,NA,NA
390,2025-10-27,100,NA,NA,NA,NA
390,2025-11-04,100,NA,NA,NA,NA
391,2025-09-03,100,NA,NA,NA,Scorching
391,2025-09-10,100,NA,NA,NA,NA
391,2025-09-17,100,NA,NA,NA,NA
391,2025-09-25,100,NA,NA,NA,NA
391,2025-10-01,100,NA,NA,NA,NA
391,2025-10-08,100,NA,NA,NA,NA
391,2025-10-15,100,NA,NA,NA,NA
391,2025-10-21,100,NA,NA,NA,NA
391,2025-10-27,100,NA,NA,NA,NA
391,2025-11-04,100,NA,NA,NA,NA
392,2025-09-03,100,NA,NA,NA,Scorching
392,2025-09-10,100,NA,NA,NA,NA
392,2025-09-17,100,NA,NA,NA,NA
392,2025-09-25,100,NA,NA,NA,NA
392,2025-10-01,100,NA,NA,NA,NA
392,2025-10-08,100,NA,NA,NA,NA
392,2025-10-15,100,NA,NA,NA,NA
392,2025-10-21,100,NA,NA,NA,NA
392,2025-10-27,100,NA,NA,NA,NA
392,2025-11-04,100,NA,NA,NA,NA
401,2025-09-03,2,13,13.8,13.4,NA
401,2025-09-10,2,14,12,13,NA
401,2025-09-17,5,11.9,14,12.95,NA
401,2025-09-25,5,8.8,14.2,11.5,NA
401,2025-10-01,5,12,9.7,10.85,NA
401,2025-10-08,10,9.9,10.8,10.350000000000001,NA
401,2025-10-15,10,8,8.1,8.05,NA
401,2025-10-21,10,7.9,10.2,9.05,NA
401,2025-10-27,35,8.4,5.9,7.15,NA
401,2025-11-04,85,8,6.3,7.15,NA
404,2025-09-03,2,10.8,9.8,10.3,NA
404,2025-09-10,2,13.4,9.3,11.350000000000001,NA
404,2025-09-17,5,9.8,11,10.4,NA
404,2025-09-25,5,10.3,9,9.65,NA
404,2025-10-01,5,8.5,10.2,9.35,NA
404,2025-10-08,5,8.9,9.6,9.25,NA
404,2025-10-15,10,8.9,7.5,8.2,NA
404,2025-10-21,10,6.2,6.8,6.5,NA
404,2025-10-27,40,2.8,5.8,4.3,NA
404,2025-11-04,100,NA,NA,NA,NA
405,2025-09-03,2,12.6,14.1,13.35,NA
405,2025-09-10,5,12.2,10.1,11.149999999999999,NA
405,2025-09-17,5,11.5,10.5,11,NA
405,2025-09-25,5,11.1,10.9,11,NA
405,2025-10-01,5,12.2,12.8,12.5,NA
405,2025-10-08,15,10.6,9.9,10.25,NA
405,2025-10-15,15,10.9,9.9,10.4,NA
405,2025-10-21,20,7.5,10,8.75,NA
405,2025-10-27,75,3.1,6.2,4.65,NA
405,2025-11-04,98,NA,NA,NA,NA
408,2025-09-03,5,8,8.8,8.4,NA
408,2025-09-10,5,9.8,9,9.4,NA
408,2025-09-17,10,9,8.3,8.65,NA
408,2025-09-25,15,8.2,8,8.1,NA
408,2025-10-01,15,6.9,9,7.95,NA
408,2025-10-08,40,7.1,8.8,7.95,NA
408,2025-10-15,45,5.7,7.4,6.550000000000001,NA
408,2025-10-21,65,7.6,5.3,6.449999999999999,NA
408,2025-10-27,85,2.7,2.7,2.7,NA
408,2025-11-04,100,NA,NA,NA,NA
409,2025-09-03,100,NA,NA,NA,Scorching
409,2025-09-10,100,NA,NA,NA,NA
409,2025-09-17,100,NA,NA,NA,NA
409,2025-09-25,100,NA,NA,NA,NA
409,2025-10-01,100,NA,NA,NA,NA
409,2025-10-08,100,NA,NA,NA,NA
409,2025-10-15,100,NA,NA,NA,NA
409,2025-10-21,100,NA,NA,NA,NA
409,2025-10-27,100,NA,NA,NA,NA
409,2025-11-04,100,NA,NA,NA,NA
412,2025-09-03,100,NA,NA,NA,Scorching
412,2025-09-10,100,NA,NA,NA,NA
412,2025-09-17,100,NA,NA,NA,NA
412,2025-09-25,100,NA,NA,NA,NA
412,2025-10-01,100,NA,NA,NA,NA
412,2025-10-08,100,NA,NA,NA,NA
412,2025-10-15,100,NA,NA,NA,NA
412,2025-10-21,100,NA,NA,NA,NA
412,2025-10-27,100,NA,NA,NA,NA
412,2025-11-04,100,NA,NA,NA,NA
413,2025-09-03,100,NA,NA,NA,Scorching
413,2025-09-10,100,NA,NA,NA,NA
413,2025-09-17,100,NA,NA,NA,NA
413,2025-09-25,100,NA,NA,NA,NA
413,2025-10-01,100,NA,NA,NA,NA
413,2025-10-08,100,NA,NA,NA,NA
413,2025-10-15,100,NA,NA,NA,NA
413,2025-10-21,100,NA,NA,NA,NA
413,2025-10-27,100,NA,NA,NA,NA
413,2025-11-04,100,NA,NA,NA,NA
416,2025-09-03,100,NA,NA,NA,Scorching
416,2025-09-10,100,NA,NA,NA,NA
416,2025-09-17,100,NA,NA,NA,NA
416,2025-09-25,100,NA,NA,NA,NA
416,2025-10-01,100,NA,NA,NA,NA
416,2025-10-08,100,NA,NA,NA,NA
416,2025-10-15,100,NA,NA,NA,NA
416,2025-10-21,100,NA,NA,NA,NA
416,2025-10-27,100,NA,NA,NA,NA
416,2025-11-04,100,NA,NA,NA,NA
417,2025-09-03,2,9.8,8.3,9.05,NA
417,2025-09-10,2,8.4,10.2,9.3,NA
417,2025-09-17,5,8.7,8,8.35,NA
417,2025-09-25,5,11.2,11.5,11.35,NA
417,2025-10-01,10,8.5,8.1,8.3,NA
417,2025-10-08,35,8,7,7.5,NA
417,2025-10-15,45,7.9,3.9,5.9,NA
417,2025-10-21,75,5.4,2.4,3.9000000000000004,NA
417,2025-10-27,95,2.7,3.3,3,NA
417,2025-11-04,100,NA,NA,NA,NA
418,2025-09-03,2,10.4,9.1,9.75,NA
418,2025-09-10,2,15.3,10.5,12.9,NA
418,2025-09-17,5,8.4,11.2,9.8,NA
418,2025-09-25,5,12.4,10,11.2,NA
418,2025-10-01,5,9.2,7.5,8.35,NA
418,2025-10-08,20,8.1,10.7,9.399999999999999,NA
418,2025-10-15,25,6.8,9.1,7.949999999999999,NA
418,2025-10-21,35,8.2,9.4,8.8,NA
418,2025-10-27,40,6.1,3.3,4.699999999999999,NA
418,2025-11-04,100,NA,NA,NA,NA
419,2025-09-03,5,9.9,9.9,9.9,NA
419,2025-09-10,5,9.6,9.3,9.45,NA
419,2025-09-17,20,5.7,7.1,6.4,NA
419,2025-09-25,30,6.8,8.2,7.5,NA
419,2025-10-01,35,8.4,6.8,7.6,NA
419,2025-10-08,50,6.9,5.4,6.15,NA
419,2025-10-15,50,6.7,4.4,5.550000000000001,NA
419,2025-10-21,80,5,6.3,5.65,NA
419,2025-10-27,98,1.7,3.1,2.4,NA
419,2025-11-04,100,NA,NA,NA,NA
420,2025-09-03,5,12.8,12.2,12.5,NA
420,2025-09-10,5,12.2,14,13.1,NA
420,2025-09-17,15,9.5,10.9,10.2,NA
420,2025-09-25,20,12.9,11.5,12.2,NA
420,2025-10-01,20,9.4,8.4,8.9,NA
420,2025-10-08,30,9.6,8.1,8.85,NA
420,2025-10-15,35,7.7,6.3,7,NA
420,2025-10-21,40,3.4,8.4,5.9,NA
420,2025-10-27,45,5.1,3.1,4.1,NA
420,2025-11-04,100,NA,NA,NA,NA
421,2025-09-03,5,8.2,10.1,9.149999999999999,NA
421,2025-09-10,5,12.5,10.4,11.45,NA
421,2025-09-17,10,8.1,7.9,8,NA
421,2025-09-25,20,10,6.5,8.25,NA
421,2025-10-01,10,7.7,6.8,7.25,NA
421,2025-10-08,50,5.9,7,6.45,NA
421,2025-10-15,55,5.2,5.3,5.25,NA
421,2025-10-21,75,2.6,3.2,2.9000000000000004,NA
421,2025-10-27,100,NA,NA,NA,NA
421,2025-11-04,100,NA,NA,NA,NA
422,2025-09-03,5,9.9,10.8,10.350000000000001,NA
422,2025-09-10,5,10.4,11.5,10.95,NA
422,2025-09-17,5,9,9.7,9.35,NA
422,2025-09-25,5,9.2,8.7,8.95,NA
422,2025-10-01,5,9.1,9.5,9.3,NA
422,2025-10-08,15,9.3,7.2,8.25,NA
422,2025-10-15,15,9.8,8.1,8.95,NA
422,2025-10-21,15,7.1,8.2,7.6499999999999995,NA
422,2025-10-27,35,4.1,5.4,4.75,NA
422,2025-11-04,100,NA,NA,NA,NA
423,2025-09-03,2,7.8,6.9,7.35,NA
423,2025-09-10,5,8.4,9.4,8.9,NA
423,2025-09-17,15,6,7.4,6.7,NA
423,2025-09-25,15,9.3,6.7,8,NA
423,2025-10-01,15,6.9,7.4,7.15,NA
423,2025-10-08,50,6.3,5.5,5.9,NA
423,2025-10-15,50,6.1,6,6.05,NA
423,2025-10-21,70,2.8,4.8,3.8,NA
423,2025-10-27,98,NA,NA,NA,NA
423,2025-11-04,98,NA,NA,NA,NA
424,2025-09-03,2,8.5,7.4,7.95,NA
424,2025-09-10,5,7.4,8.8,8.100000000000001,NA
424,2025-09-17,10,6.3,6.4,6.35,NA
424,2025-09-25,15,6,5.3,5.65,NA
424,2025-10-01,20,5.8,6.9,6.35,NA
424,2025-10-08,40,5.3,5.4,5.35,NA
424,2025-10-15,40,5.5,5.6,5.55,NA
424,2025-10-21,45,4.3,4.6,4.449999999999999,NA
424,2025-10-27,90,3.1,4.4,3.75,NA
424,2025-11-04,100,NA,NA,NA,NA
425,2025-09-03,100,NA,NA,NA,Scorching
425,2025-09-10,100,NA,NA,NA,NA
425,2025-09-17,100,NA,NA,NA,NA
425,2025-09-25,100,NA,NA,NA,NA
425,2025-10-01,100,NA,NA,NA,NA
425,2025-10-08,100,NA,NA,NA,NA
425,2025-10-15,100,NA,NA,NA,NA
425,2025-10-21,100,NA,NA,NA,NA
425,2025-10-27,100,NA,NA,NA,NA
425,2025-11-04,100,NA,NA,NA,NA
428,2025-09-03,100,NA,NA,NA,Scorching
428,2025-09-10,100,NA,NA,NA,NA
428,2025-09-17,100,NA,NA,NA,NA
428,2025-09-25,100,NA,NA,NA,NA
428,2025-10-01,100,NA,NA,NA,NA
428,2025-10-08,100,NA,NA,NA,NA
428,2025-10-15,100,NA,NA,NA,NA
428,2025-10-21,100,NA,NA,NA,NA
428,2025-10-27,100,NA,NA,NA,NA
428,2025-11-04,100,NA,NA,NA,NA
429,2025-09-03,80,7.1,8.4,7.75,Scorching
429,2025-09-10,80,6.9,7.1,7,NA
429,2025-09-17,95,6.7,8.9,7.800000000000001,NA
429,2025-09-25,95,6.7,6.5,6.6,NA
429,2025-10-01,95,NA,NA,NA,NA
429,2025-10-08,95,NA,NA,NA,NA
429,2025-10-15,95,NA,NA,NA,NA
429,2025-10-21,95,NA,NA,NA,NA
429,2025-10-27,98,NA,NA,NA,NA
429,2025-11-04,100,NA,NA,NA,NA
432,2025-09-03,95,5.5,7.2,6.35,Scorching
432,2025-09-10,95,5.3,5.8,5.55,NA
432,2025-09-17,95,5.1,5.3,5.199999999999999,NA
432,2025-09-25,98,5.7,4.2,4.95,NA
432,2025-10-01,98,NA,NA,NA,NA
432,2025-10-08,98,NA,NA,NA,NA
432,2025-10-15,98,NA,NA,NA,NA
432,2025-10-21,100,NA,NA,NA,NA
432,2025-10-27,100,NA,NA,NA,NA
432,2025-11-04,100,NA,NA,NA,NA
433,2025-09-03,5,14.8,12.1,13.45,NA
433,2025-09-10,5,15.3,14.5,14.9,NA
433,2025-09-17,10,14.2,11.7,12.95,NA
433,2025-09-25,10,15.6,12.1,13.85,NA
433,2025-10-01,10,13.5,11.7,12.6,NA
433,2025-10-08,25,11.1,9,10.05,NA
433,2025-10-15,25,9.4,9.4,9.4,NA
433,2025-10-21,35,6.6,6.5,6.55,NA
433,2025-10-27,80,5.9,3.2,4.550000000000001,NA
433,2025-11-04,98,NA,NA,NA,NA
436,2025-09-03,5,14.3,16.2,15.25,NA
436,2025-09-10,5,15.5,12.9,14.2,NA
436,2025-09-17,10,13.1,11.8,12.45,NA
436,2025-09-25,15,15.4,12.7,14.05,NA
436,2025-10-01,15,13.5,12.8,13.15,NA
436,2025-10-08,25,9.7,12.7,11.2,NA
436,2025-10-15,25,10.7,9,9.85,NA
436,2025-10-21,25,7.5,7.8,7.65,NA
436,2025-10-27,35,4.9,4.5,4.7,NA
436,2025-11-04,90,2.8,3.3,3.05,NA
437,2025-09-03,5,14.1,13.5,13.8,NA
437,2025-09-10,5,12.5,12.5,12.5,NA
437,2025-09-17,10,10.5,11.8,11.15,NA
437,2025-09-25,10,10.6,11.9,11.25,NA
437,2025-10-01,10,12,10.3,11.15,NA
437,2025-10-08,15,7.1,11.2,9.149999999999999,NA
437,2025-10-15,15,11.9,9.4,10.65,NA
437,2025-10-21,20,10.4,10.6,10.5,NA
437,2025-10-27,30,7.6,7.9,7.75,NA
437,2025-11-04,98,NA,NA,NA,NA
440,2025-09-03,10,11,12.4,11.7,NA
440,2025-09-10,10,12.9,12.2,12.55,NA
440,2025-09-17,15,12.7,11.4,12.05,NA
440,2025-09-25,15,10.3,10.5,10.4,NA
440,2025-10-01,15,10.8,12.4,11.600000000000001,NA
440,2025-10-08,35,10.1,9.4,9.75,NA
440,2025-10-15,35,11.7,10.4,11.05,NA
440,2025-10-21,45,9.3,9.7,9.5,NA
440,2025-10-27,50,8.2,4.8,6.5,NA
440,2025-11-04,98,NA,NA,NA,NA
457,2025-09-03,5,7.3,8,7.65,NA
457,2025-09-10,5,7.2,6.3,6.75,NA
457,2025-09-17,10,7.8,7,7.4,NA
457,2025-09-25,15,6.7,6.7,6.7,NA
457,2025-10-01,20,6.5,7.4,6.95,NA
457,2025-10-08,40,5.4,5.7,5.550000000000001,NA
457,2025-10-15,40,5.4,5.8,5.6,NA
457,2025-10-21,45,5.5,5,5.25,NA
457,2025-10-27,60,4.9,3.8,4.35,NA
457,2025-11-04,98,NA,NA,NA,NA
458,2025-09-03,5,11.9,11.2,11.55,NA
458,2025-09-10,5,12.4,10.2,11.3,NA
458,2025-09-17,5,10,10.5,10.25,NA
458,2025-09-25,5,10.5,10.5,10.5,NA
458,2025-10-01,5,9,10.2,9.6,NA
458,2025-10-08,10,9.7,9,9.35,NA
458,2025-10-15,10,9.7,10,9.85,NA
458,2025-10-21,15,9,6.3,7.65,NA
458,2025-10-27,45,7.4,5.6,6.5,NA
458,2025-11-04,100,NA,NA,NA,NA
459,2025-09-03,5,9.1,9.3,9.2,NA
459,2025-09-10,5,6.9,10.1,8.5,NA
459,2025-09-17,5,8.1,9.4,8.75,NA
459,2025-09-25,10,7.8,8.1,7.949999999999999,NA
459,2025-10-01,10,8.7,9.5,9.1,NA
459,2025-10-08,20,8.3,9,8.65,NA
459,2025-10-15,20,6.3,7.7,7,NA
459,2025-10-21,25,7,5.8,6.4,NA
459,2025-10-27,30,4.9,4.9,4.9,NA
459,2025-11-04,98,NA,NA,NA,NA
460,2025-09-03,15,6.2,5.9,6.050000000000001,NA
460,2025-09-10,15,5.8,5.2,5.5,NA
460,2025-09-17,15,5.1,5.5,5.3,NA
460,2025-09-25,15,5.3,4.6,4.949999999999999,NA
460,2025-10-01,15,4.7,5.3,5,NA
460,2025-10-08,40,4.5,4.5,4.5,NA
460,2025-10-15,45,3.4,5.9,4.65,NA
460,2025-10-21,65,3.5,1.4,2.45,NA
460,2025-10-27,85,3.9,4.8,4.35,NA
460,2025-11-04,100,NA,NA,NA,NA
461,2025-09-03,10,8,8.5,8.25,NA
461,2025-09-10,10,10.2,11.1,10.649999999999999,NA
461,2025-09-17,10,7.2,7,7.1,NA
461,2025-09-25,10,8.2,10.7,9.45,NA
461,2025-10-01,15,6.3,9.5,7.9,NA
461,2025-10-08,30,5.6,6.9,6.25,NA
461,2025-10-15,35,8.3,8.9,8.600000000000001,NA
461,2025-10-21,40,7.4,7.1,7.25,NA
461,2025-10-27,55,5.1,7.9,6.5,NA
461,2025-11-04,98,NA,NA,NA,NA
462,2025-09-03,10,9.3,10.2,9.75,NA
462,2025-09-10,10,11.5,10.8,11.15,NA
462,2025-09-17,10,9.9,9.2,9.55,NA
462,2025-09-25,15,7,8.3,7.65,NA
462,2025-10-01,20,7.5,7.5,7.5,NA
462,2025-10-08,40,6.7,6,6.35,NA
462,2025-10-15,40,7.9,6.6,7.25,NA
462,2025-10-21,45,6.2,7.7,6.95,NA
462,2025-10-27,65,9.4,4.8,7.1,NA
462,2025-11-04,98,NA,NA,NA,NA
463,2025-09-03,10,8,12.8,10.4,NA
463,2025-09-10,10,11,13.1,12.05,NA
463,2025-09-17,10,10.4,12,11.2,NA
463,2025-09-25,15,9.2,12,10.6,NA
463,2025-10-01,20,10.9,9.9,10.4,NA
463,2025-10-08,40,10.5,7.1,8.8,NA
463,2025-10-15,45,4.9,6.1,5.5,NA
463,2025-10-21,60,3.9,6.8,5.35,NA
463,2025-10-27,95,NA,NA,NA,NA
463,2025-11-04,100,NA,NA,NA,NA
464,2025-09-03,5,7.7,10.3,9,NA
464,2025-09-10,5,6.4,8.7,7.55,NA
464,2025-09-17,5,6.3,5.4,5.85,NA
464,2025-09-25,10,7.9,5.9,6.9,NA
464,2025-10-01,15,7.6,6.3,6.949999999999999,NA
464,2025-10-08,30,6.8,4.9,5.85,NA
464,2025-10-15,35,6.8,6.5,6.65,NA
464,2025-10-21,50,5.4,3.8,4.6,NA
464,2025-10-27,95,NA,NA,NA,NA
464,2025-11-04,100,NA,NA,NA,NA
473,2025-09-03,55,12.3,9.1,10.7,Scorching
473,2025-09-10,55,13.1,8.9,11,NA
473,2025-09-17,60,13,9.1,11.05,NA
473,2025-09-25,60,13,8.4,10.7,NA
473,2025-10-01,60,9,13.4,11.2,NA
473,2025-10-08,65,8,8,8,NA
473,2025-10-15,70,6,4.4,5.2,NA
473,2025-10-21,75,3,6.1,4.55,NA
473,2025-10-27,95,NA,NA,NA,NA
473,2025-11-04,100,NA,NA,NA,NA
474,2025-09-03,80,5.6,7.5,6.55,Scorching
474,2025-09-10,80,9,5.1,7.05,NA
474,2025-09-17,95,NA,NA,NA,NA
474,2025-09-25,95,NA,NA,NA,NA
474,2025-10-01,95,NA,NA,NA,NA
474,2025-10-08,95,NA,NA,NA,NA
474,2025-10-15,95,NA,NA,NA,NA
474,2025-10-21,95,NA,NA,NA,NA
474,2025-10-27,98,NA,NA,NA,NA
474,2025-11-04,100,NA,NA,NA,NA
475,2025-09-03,85,9.8,9.6,9.7,Reflush - Scorching
475,2025-09-10,85,8.2,5.9,7.05,NA
475,2025-09-17,95,NA,NA,NA,NA
475,2025-09-25,95,NA,NA,NA,NA
475,2025-10-01,95,NA,NA,NA,NA
475,2025-10-08,95,NA,NA,NA,NA
475,2025-10-15,98,NA,NA,NA,NA
475,2025-10-21,98,NA,NA,NA,NA
475,2025-10-27,98,NA,NA,NA,NA
475,2025-11-04,100,NA,NA,NA,NA
476,2025-09-03,95,9.4,8.9,9.15,Scorching
476,2025-09-10,98,NA,NA,NA,NA
476,2025-09-17,98,NA,NA,NA,NA
476,2025-09-25,98,NA,NA,NA,NA
476,2025-10-01,98,NA,NA,NA,NA
476,2025-10-08,98,NA,NA,NA,NA
476,2025-10-15,100,NA,NA,NA,NA
476,2025-10-21,100,NA,NA,NA,NA
476,2025-10-27,100,NA,NA,NA,NA
476,2025-11-04,100,NA,NA,NA,NA
477,2025-09-03,70,8.5,8.9,8.7,Scorching
477,2025-09-10,70,10.2,8.3,9.25,NA
477,2025-09-17,80,9.4,9.9,9.65,NA
477,2025-09-25,80,9.3,6.8,8.05,NA
477,2025-10-01,80,9.9,9.9,9.9,NA
477,2025-10-08,85,7,9.6,8.3,NA
477,2025-10-15,85,6.9,6.2,6.550000000000001,NA
477,2025-10-21,95,4.5,5.9,5.2,NA
477,2025-10-27,98,NA,NA,NA,NA
477,2025-11-04,100,NA,NA,NA,NA
478,2025-09-03,95,10.3,8.6,9.45,Scorching
478,2025-09-10,95,9.8,6.9,8.350000000000001,NA
478,2025-09-17,98,NA,NA,NA,NA
478,2025-09-25,98,NA,NA,NA,NA
478,2025-10-01,98,NA,NA,NA,NA
478,2025-10-08,98,NA,NA,NA,NA
478,2025-10-15,98,NA,NA,NA,NA
478,2025-10-21,98,NA,NA,NA,NA
478,2025-10-27,100,NA,NA,NA,NA
478,2025-11-04,100,NA,NA,NA,NA
479,2025-09-03,100,NA,NA,NA,Scorching
479,2025-09-10,100,NA,NA,NA,NA
479,2025-09-17,98,NA,NA,NA,NA
479,2025-09-25,100,NA,NA,NA,NA
479,2025-10-01,100,NA,NA,NA,NA
479,2025-10-08,100,NA,NA,NA,NA
479,2025-10-15,100,NA,NA,NA,NA
479,2025-10-21,100,NA,NA,NA,NA
479,2025-10-27,100,NA,NA,NA,NA
479,2025-11-04,100,NA,NA,NA,NA
480,2025-09-03,90,4.9,5.8,5.35,Reflush - Scorching
480,2025-09-10,90,5.5,6.2,5.85,NA
480,2025-09-17,98,NA,NA,NA,NA
480,2025-09-25,98,NA,NA,NA,NA
480,2025-10-01,98,NA,NA,NA,NA
480,2025-10-08,98,NA,NA,NA,NA
480,2025-10-15,98,NA,NA,NA,NA
480,2025-10-21,98,NA,NA,NA,NA
480,2025-10-27,100,NA,NA,NA,NA
480,2025-11-04,100,NA,NA,NA,NA
481,2025-09-03,2,7.2,8.5,7.85,NA
481,2025-09-10,2,9.9,8.4,9.15,NA
481,2025-09-17,5,7.6,6.2,6.9,NA
481,2025-09-25,5,6.4,8.7,7.55,NA
481,2025-10-01,5,6.8,5.6,6.199999999999999,NA
481,2025-10-08,15,6.5,5.3,5.9,NA
481,2025-10-15,15,5.2,6.4,5.800000000000001,NA
481,2025-10-21,15,4.8,3.6,4.2,NA
481,2025-10-27,50,5.3,4.9,5.1,NA
481,2025-11-04,95,3.9,3.2,3.55,NA
482,2025-09-03,2,9.5,9.1,9.3,NA
482,2025-09-10,2,10.7,12.6,11.649999999999999,NA
482,2025-09-17,5,11.7,7.6,9.649999999999999,NA
482,2025-09-25,5,10.1,12.5,11.3,NA
482,2025-10-01,5,8.4,11.1,9.75,NA
482,2025-10-08,10,8.3,9.4,8.850000000000001,NA
482,2025-10-15,10,12.8,8.9,10.850000000000001,NA
482,2025-10-21,15,7.6,11,9.3,NA
482,2025-10-27,45,4,5.3,4.65,NA
482,2025-11-04,80,4.8,5,4.9,NA
483,2025-09-03,2,11.2,10.9,11.05,NA
483,2025-09-10,2,10.8,9.9,10.350000000000001,NA
483,2025-09-17,10,10.3,8.4,9.350000000000001,NA
483,2025-09-25,10,8.3,7.3,7.800000000000001,NA
483,2025-10-01,10,9,9.6,9.3,NA
483,2025-10-08,25,9.2,6.5,7.85,NA
483,2025-10-15,35,7.3,7.8,7.55,NA
483,2025-10-21,45,8.1,6.7,7.4,NA
483,2025-10-27,95,NA,NA,NA,NA
483,2025-11-04,100,NA,NA,NA,NA
484,2025-09-03,5,9.3,9.5,9.4,NA
484,2025-09-10,5,11.2,9.8,10.5,NA
484,2025-09-17,5,11.2,9.3,10.25,NA
484,2025-09-25,5,10.8,10.3,10.55,NA
484,2025-10-01,5,11,10.8,10.9,NA
484,2025-10-08,10,9.9,9,9.45,NA
484,2025-10-15,10,11.5,10.6,11.05,NA
484,2025-10-21,10,6.8,8.8,7.800000000000001,NA
484,2025-10-27,15,3.5,6.4,4.95,NA
484,2025-11-04,95,5.3,4.1,4.699999999999999,NA
485,2025-09-03,5,12.7,9.9,11.3,NA
485,2025-09-10,5,8.9,9,8.95,NA
485,2025-09-17,5,8.1,9.9,9,NA
485,2025-09-25,15,7.2,10.2,8.7,NA
485,2025-10-01,15,7.9,8.9,8.4,NA
485,2025-10-08,30,8.7,7.7,8.2,NA
485,2025-10-15,30,9.6,9.9,9.75,NA
485,2025-10-21,30,5.5,7.6,6.55,NA
485,2025-10-27,35,12.9,7.9,10.4,NA
485,2025-11-04,98,NA,NA,NA,NA
486,2025-09-03,5,8.8,8.8,8.8,NA
486,2025-09-10,5,10,6.4,8.2,NA
486,2025-09-17,5,7.4,8,7.7,NA
486,2025-09-25,5,8.4,8.2,8.3,NA
486,2025-10-01,5,7.4,8,7.7,NA
486,2025-10-08,10,8.6,6.4,7.5,NA
486,2025-10-15,10,6.2,8.3,7.25,NA
486,2025-10-21,15,5.3,5.8,5.55,NA
486,2025-10-27,30,1.8,5.2,3.5,NA
486,2025-11-04,98,NA,NA,NA,NA
487,2025-09-03,10,8.6,8.9,8.75,NA
487,2025-09-10,5,12.1,9.9,11,NA
487,2025-09-17,5,8.9,9.1,9,NA
487,2025-09-25,15,10.2,10,10.1,NA
487,2025-10-01,15,7.5,9.6,8.55,NA
487,2025-10-08,40,6.7,8.1,7.4,NA
487,2025-10-15,45,6.7,7.1,6.9,NA
487,2025-10-21,60,3.1,5.9,4.5,NA
487,2025-10-27,98,NA,NA,NA,NA
487,2025-11-04,100,NA,NA,NA,NA
488,2025-09-03,5,9.9,8.1,9,NA
488,2025-09-10,5,14.8,13.3,14.05,NA
488,2025-09-17,15,7.2,6.8,7,NA
488,2025-09-25,15,6.8,8.3,7.550000000000001,NA
488,2025-10-01,15,6.7,7.1,6.9,NA
488,2025-10-08,30,6.4,7,6.7,NA
488,2025-10-15,30,9.3,5.3,7.300000000000001,NA
488,2025-10-21,40,5.2,4.4,4.800000000000001,NA
488,2025-10-27,75,5.1,4,4.55,NA
488,2025-11-04,100,NA,NA,NA,NA
497,2025-09-03,10,16.1,17.3,16.700000000000003,NA
497,2025-09-10,10,17.7,19.3,18.5,NA
497,2025-09-17,10,13.9,13,13.45,NA
497,2025-09-25,10,14.2,13.4,13.8,NA
497,2025-10-01,10,11.5,13.3,12.4,NA
497,2025-10-08,15,12.8,8.8,10.8,NA
497,2025-10-15,20,10.4,12,11.2,NA
497,2025-10-21,25,6.8,9,7.9,NA
497,2025-10-27,40,10.8,11.5,11.15,NA
497,2025-11-04,98,NA,NA,NA,NA
500,2025-09-03,15,11.7,12.1,11.899999999999999,NA
500,2025-09-10,15,12.7,11.4,12.05,NA
500,2025-09-17,15,11.3,8.6,9.95,NA
500,2025-09-25,20,11.1,11.3,11.2,NA
500,2025-10-01,20,8.8,8.3,8.55,NA
500,2025-10-08,25,9.9,9.8,9.850000000000001,NA
500,2025-10-15,25,8.2,10.7,9.45,NA
500,2025-10-21,30,6.9,8,7.45,NA
500,2025-10-27,45,8,7.2,7.6,NA
500,2025-11-04,95,6.5,5.8,6.15,NA
501,2025-09-03,5,20,20.4,20.2,NA
501,2025-09-10,5,18.6,20.8,19.700000000000003,NA
501,2025-09-17,5,18.5,12.1,15.3,NA
501,2025-09-25,5,18.9,17.5,18.2,NA
501,2025-10-01,5,17,15.7,16.35,NA
501,2025-10-08,5,15.5,16.9,16.2,NA
501,2025-10-15,5,14.3,15.4,14.850000000000001,NA
501,2025-10-21,10,15,12.4,13.7,NA
501,2025-10-27,15,5.5,13.4,9.45,NA
501,2025-11-04,65,10.9,9.9,10.4,NA
504,2025-09-03,5,10.3,11.9,11.100000000000001,NA
504,2025-09-10,5,11,12.9,11.95,NA
504,2025-09-17,10,10.3,8.9,9.600000000000001,NA
504,2025-09-25,15,8,8.4,8.2,NA
504,2025-10-01,15,8.7,9.5,9.1,NA
504,2025-10-08,25,7.8,7.8,7.8,NA
504,2025-10-15,25,8,8.9,8.45,NA
504,2025-10-21,25,6.1,7.1,6.6,NA
504,2025-10-27,30,3.6,5.9,4.75,NA
504,2025-11-04,65,4.5,7,5.75,NA
506,2025-09-03,100,NA,NA,NA,Scorching
506,2025-09-10,100,NA,NA,NA,NA
506,2025-09-17,100,NA,NA,NA,NA
506,2025-09-25,100,NA,NA,NA,NA
506,2025-10-01,100,NA,NA,NA,NA
506,2025-10-08,100,NA,NA,NA,NA
506,2025-10-15,100,NA,NA,NA,NA
506,2025-10-21,100,NA,NA,NA,NA
506,2025-10-27,100,NA,NA,NA,NA
506,2025-11-04,100,NA,NA,NA,NA
507,2025-09-03,100,NA,NA,NA,Scorching
507,2025-09-10,100,NA,NA,NA,NA
507,2025-09-17,100,NA,NA,NA,NA
507,2025-09-25,100,NA,NA,NA,NA
507,2025-10-01,100,NA,NA,NA,NA
507,2025-10-08,100,NA,NA,NA,NA
507,2025-10-15,100,NA,NA,NA,NA
507,2025-10-21,100,NA,NA,NA,NA
507,2025-10-27,100,NA,NA,NA,NA
507,2025-11-04,100,NA,NA,NA,NA
510,2025-09-03,100,NA,NA,NA,Scorching
510,2025-09-10,100,NA,NA,NA,NA
510,2025-09-17,100,NA,NA,NA,NA
510,2025-09-25,100,NA,NA,NA,NA
510,2025-10-01,100,NA,NA,NA,NA
510,2025-10-08,100,NA,NA,NA,NA
510,2025-10-15,100,NA,NA,NA,NA
510,2025-10-21,100,NA,NA,NA,NA
510,2025-10-27,100,NA,NA,NA,NA
510,2025-11-04,100,NA,NA,NA,NA
511,2025-09-03,100,NA,NA,NA,Scorching
511,2025-09-10,100,NA,NA,NA,NA
511,2025-09-17,100,NA,NA,NA,NA
511,2025-09-25,100,NA,NA,NA,NA
511,2025-10-01,100,NA,NA,NA,NA
511,2025-10-08,100,NA,NA,NA,NA
511,2025-10-15,100,NA,NA,NA,NA
511,2025-10-21,100,NA,NA,NA,NA
511,2025-10-27,100,NA,NA,NA,NA
511,2025-11-04,100,NA,NA,NA,NA
521,2025-09-03,100,NA,NA,NA,Scorching
521,2025-09-10,100,NA,NA,NA,NA
521,2025-09-17,100,NA,NA,NA,NA
521,2025-09-25,100,NA,NA,NA,NA
521,2025-10-01,100,NA,NA,NA,NA
521,2025-10-08,100,NA,NA,NA,NA
521,2025-10-15,100,NA,NA,NA,NA
521,2025-10-21,100,NA,NA,NA,NA
521,2025-10-27,100,NA,NA,NA,NA
521,2025-11-04,100,NA,NA,NA,NA
522,2025-09-03,100,NA,NA,NA,Scorching
522,2025-09-10,100,NA,NA,NA,NA
522,2025-09-17,100,NA,NA,NA,NA
522,2025-09-25,100,NA,NA,NA,NA
522,2025-10-01,100,NA,NA,NA,NA
522,2025-10-08,100,NA,NA,NA,NA
522,2025-10-15,100,NA,NA,NA,NA
522,2025-10-21,100,NA,NA,NA,NA
522,2025-10-27,100,NA,NA,NA,NA
522,2025-11-04,100,NA,NA,NA,NA
523,2025-09-03,100,NA,NA,NA,Scorching
523,2025-09-10,100,NA,NA,NA,NA
523,2025-09-17,100,NA,NA,NA,NA
523,2025-09-25,100,NA,NA,NA,NA
523,2025-10-01,100,NA,NA,NA,NA
523,2025-10-08,100,NA,NA,NA,NA
523,2025-10-15,100,NA,NA,NA,NA
523,2025-10-21,100,NA,NA,NA,NA
523,2025-10-27,100,NA,NA,NA,NA
523,2025-11-04,100,NA,NA,NA,NA
524,2025-09-03,100,NA,NA,NA,Scorching
524,2025-09-10,100,NA,NA,NA,NA
524,2025-09-17,100,NA,NA,NA,NA
524,2025-09-25,100,NA,NA,NA,NA
524,2025-10-01,100,NA,NA,NA,NA
524,2025-10-08,100,NA,NA,NA,NA
524,2025-10-15,100,NA,NA,NA,NA
524,2025-10-21,100,NA,NA,NA,NA
524,2025-10-27,100,NA,NA,NA,NA
524,2025-11-04,100,NA,NA,NA,NA
525,2025-09-03,100,NA,NA,NA,Scorching
525,2025-09-10,100,NA,NA,NA,NA
525,2025-09-17,100,NA,NA,NA,NA
525,2025-09-25,100,NA,NA,NA,NA
525,2025-10-01,100,NA,NA,NA,NA
525,2025-10-08,100,NA,NA,NA,NA
525,2025-10-15,100,NA,NA,NA,NA
525,2025-10-21,100,NA,NA,NA,NA
525,2025-10-27,100,NA,NA,NA,NA
525,2025-11-04,100,NA,NA,NA,NA
526,2025-09-03,100,NA,NA,NA,Scorching
526,2025-09-10,100,NA,NA,NA,NA
526,2025-09-17,100,NA,NA,NA,NA
526,2025-09-25,100,NA,NA,NA,NA
526,2025-10-01,100,NA,NA,NA,NA
526,2025-10-08,100,NA,NA,NA,NA
526,2025-10-15,100,NA,NA,NA,NA
526,2025-10-21,100,NA,NA,NA,NA
526,2025-10-27,100,NA,NA,NA,NA
526,2025-11-04,100,NA,NA,NA,NA
527,2025-09-03,100,NA,NA,NA,Scorching
527,2025-09-10,100,NA,NA,NA,NA
527,2025-09-17,100,NA,NA,NA,NA
527,2025-09-25,100,NA,NA,NA,NA
527,2025-10-01,100,NA,NA,NA,NA
527,2025-10-08,100,NA,NA,NA,NA
527,2025-10-15,100,NA,NA,NA,NA
527,2025-10-21,100,NA,NA,NA,NA
527,2025-10-27,100,NA,NA,NA,NA
527,2025-11-04,100,NA,NA,NA,NA
528,2025-09-03,100,NA,NA,NA,Scorching
528,2025-09-10,100,NA,NA,NA,NA
528,2025-09-17,100,NA,NA,NA,NA
528,2025-09-25,100,NA,NA,NA,NA
528,2025-10-01,100,NA,NA,NA,NA
528,2025-10-08,100,NA,NA,NA,NA
528,2025-10-15,100,NA,NA,NA,NA
528,2025-10-21,100,NA,NA,NA,NA
528,2025-10-27,100,NA,NA,NA,NA
528,2025-11-04,100,NA,NA,NA,NA
529,2025-09-03,100,NA,NA,NA,Scorching
529,2025-09-10,100,NA,NA,NA,NA
529,2025-09-17,100,NA,NA,NA,NA
529,2025-09-25,100,NA,NA,NA,NA
529,2025-10-01,100,NA,NA,NA,NA
529,2025-10-08,100,NA,NA,NA,NA
529,2025-10-15,100,NA,NA,NA,NA
529,2025-10-21,100,NA,NA,NA,NA
529,2025-10-27,100,NA,NA,NA,NA
529,2025-11-04,100,NA,NA,NA,NA
530,2025-09-03,98,NA,NA,NA,Scorching
530,2025-09-10,100,NA,NA,NA,NA
530,2025-09-17,100,NA,NA,NA,NA
530,2025-09-25,100,NA,NA,NA,NA
530,2025-10-01,100,NA,NA,NA,NA
530,2025-10-08,100,NA,NA,NA,NA
530,2025-10-15,100,NA,NA,NA,NA
530,2025-10-21,100,NA,NA,NA,NA
530,2025-10-27,100,NA,NA,NA,NA
530,2025-11-04,100,NA,NA,NA,NA
531,2025-09-03,95,NA,NA,NA,Scorching
531,2025-09-10,98,NA,NA,NA,NA
531,2025-09-17,100,NA,NA,NA,NA
531,2025-09-25,100,NA,NA,NA,NA
531,2025-10-01,100,NA,NA,NA,NA
531,2025-10-08,100,NA,NA,NA,NA
531,2025-10-15,100,NA,NA,NA,NA
531,2025-10-21,100,NA,NA,NA,NA
531,2025-10-27,100,NA,NA,NA,NA
531,2025-11-04,100,NA,NA,NA,NA
532,2025-09-03,100,NA,NA,NA,Scorching
532,2025-09-10,100,NA,NA,NA,NA
532,2025-09-17,100,NA,NA,NA,NA
532,2025-09-25,100,NA,NA,NA,NA
532,2025-10-01,100,NA,NA,NA,NA
532,2025-10-08,100,NA,NA,NA,NA
532,2025-10-15,100,NA,NA,NA,NA
532,2025-10-21,100,NA,NA,NA,NA
532,2025-10-27,100,NA,NA,NA,NA
532,2025-11-04,100,NA,NA,NA,NA
533,2025-09-03,95,NA,NA,NA,Scorching
533,2025-09-10,98,NA,NA,NA,NA
533,2025-09-17,98,NA,NA,NA,NA
533,2025-09-25,98,NA,NA,NA,NA
533,2025-10-01,98,NA,NA,NA,NA
533,2025-10-08,98,NA,NA,NA,NA
533,2025-10-15,98,NA,NA,NA,NA
533,2025-10-21,100,NA,NA,NA,NA
533,2025-10-27,100,NA,NA,NA,NA
533,2025-11-04,100,NA,NA,NA,NA
534,2025-09-03,95,NA,NA,NA,Scorching
534,2025-09-10,100,NA,NA,NA,NA
534,2025-09-17,100,NA,NA,NA,NA
534,2025-09-25,100,NA,NA,NA,NA
534,2025-10-01,100,NA,NA,NA,NA
534,2025-10-08,100,NA,NA,NA,NA
534,2025-10-15,100,NA,NA,NA,NA
534,2025-10-21,100,NA,NA,NA,NA
534,2025-10-27,100,NA,NA,NA,NA
534,2025-11-04,100,NA,NA,NA,NA
535,2025-09-03,70,14,10.9,12.45,Scorching
535,2025-09-10,70,15.9,12.2,14.05,NA
535,2025-09-17,90,NA,NA,NA,NA
535,2025-09-25,90,NA,NA,NA,NA
535,2025-10-01,90,12.9,13.3,13.100000000000001,NA
535,2025-10-08,90,12.8,13.5,13.15,NA
535,2025-10-15,95,13,11.5,12.25,NA
535,2025-10-21,95,9.2,7.8,8.5,NA
535,2025-10-27,98,NA,NA,NA,NA
535,2025-11-04,100,NA,NA,NA,NA
536,2025-09-03,95,NA,NA,NA,Scorching
536,2025-09-10,98,NA,NA,NA,NA
536,2025-09-17,100,NA,NA,NA,NA
536,2025-09-25,100,NA,NA,NA,NA
536,2025-10-01,100,NA,NA,NA,NA
536,2025-10-08,100,NA,NA,NA,NA
536,2025-10-15,100,NA,NA,NA,NA
536,2025-10-21,100,NA,NA,NA,NA
536,2025-10-27,100,NA,NA,NA,NA
536,2025-11-04,100,NA,NA,NA,NA
545,2025-09-03,10,16.2,18.5,17.35,NA
545,2025-09-10,15,17.3,16.1,16.700000000000003,NA
545,2025-09-17,20,15.8,16.2,16,NA
545,2025-09-25,25,15.7,14.4,15.05,NA
545,2025-10-01,35,13.9,15,14.45,NA
545,2025-10-08,55,14.6,16.5,15.55,NA
545,2025-10-15,55,13.2,15.4,14.3,NA
545,2025-10-21,60,7.7,9.6,8.65,NA
545,2025-10-27,65,8.4,9,8.7,NA
545,2025-11-04,98,NA,NA,NA,NA
548,2025-09-03,15,14.3,9.7,12,NA
548,2025-09-10,15,12.5,9.3,10.9,NA
548,2025-09-17,15,11.7,11,11.35,NA
548,2025-09-25,15,11.2,12.1,11.649999999999999,NA
548,2025-10-01,15,8.4,11.1,9.75,NA
548,2025-10-08,25,9.3,8,8.65,NA
548,2025-10-15,25,10.2,10.8,10.5,NA
548,2025-10-21,30,6.6,8.6,7.6,NA
548,2025-10-27,30,6.4,5,5.7,NA
548,2025-11-04,95,7.6,4.1,5.85,NA
549,2025-09-03,15,9,9.6,9.3,NA
549,2025-09-10,20,8.4,7,7.7,NA
549,2025-09-17,20,7.7,7.1,7.4,NA
549,2025-09-25,40,6.1,6.8,6.449999999999999,NA
549,2025-10-01,50,7.7,8.1,7.9,NA
549,2025-10-08,75,4,5.5,4.75,NA
549,2025-10-15,80,6.9,7.6,7.25,NA
549,2025-10-21,85,7.4,5.8,6.6,NA
549,2025-10-27,90,5.4,5.3,5.35,NA
549,2025-11-04,95,5.3,4,4.65,NA
552,2025-09-03,20,11.7,12.2,11.95,NA
552,2025-09-10,20,12,11.7,11.85,NA
552,2025-09-17,20,13.5,14.4,13.95,NA
552,2025-09-25,40,10.7,10.5,10.6,NA
552,2025-10-01,50,11.1,11.5,11.3,NA
552,2025-10-08,75,5.9,9.1,7.5,NA
552,2025-10-15,80,11.3,12.8,12.05,NA
552,2025-10-21,85,6.8,8.2,7.5,NA
552,2025-10-27,90,9,10.2,9.6,NA
552,2025-11-04,98,NA,NA,NA,NA
553,2025-09-03,5,11.9,15.1,13.5,NA
553,2025-09-10,10,14.2,12.6,13.399999999999999,NA
553,2025-09-17,10,9.3,9.3,9.3,NA
553,2025-09-25,15,11.3,11.9,11.600000000000001,NA
553,2025-10-01,15,11.5,10.2,10.85,NA
553,2025-10-08,25,9.7,8.4,9.05,NA
553,2025-10-15,30,7.6,8.5,8.05,NA
553,2025-10-21,40,5.3,6.5,5.9,NA
553,2025-10-27,60,5.7,4.6,5.15,NA
553,2025-11-04,90,5,5.6,5.3,NA
554,2025-09-03,5,12.7,13.8,13.25,NA
554,2025-09-10,5,16.5,14.7,15.6,NA
554,2025-09-17,10,13,12,12.5,NA
554,2025-09-25,10,16.4,13.6,15,NA
554,2025-10-01,10,13,13.9,13.45,NA
554,2025-10-08,20,10.6,11.7,11.149999999999999,NA
554,2025-10-15,20,12.2,10.1,11.149999999999999,NA
554,2025-10-21,25,9.4,7.7,8.55,NA
554,2025-10-27,30,5.5,10.4,7.95,NA
554,2025-11-04,85,7.4,7.4,7.4,NA
555,2025-09-03,5,12.8,12.2,12.5,NA
555,2025-09-10,5,15.4,13.8,14.600000000000001,NA
555,2025-09-17,5,12.6,14.2,13.399999999999999,NA
555,2025-09-25,5,11.3,12.8,12.05,NA
555,2025-10-01,5,13.6,8,10.8,NA
555,2025-10-08,10,9.7,6.1,7.8999999999999995,NA
555,2025-10-15,10,10.6,9.5,10.05,NA
555,2025-10-21,10,8.2,8.9,8.55,NA
555,2025-10-27,20,5.5,8.9,7.2,NA
555,2025-11-04,80,7.5,5.8,6.65,NA
556,2025-09-03,5,15.4,16.9,16.15,NA
556,2025-09-10,5,19,19.6,19.3,NA
556,2025-09-17,5,15.5,20.1,17.8,NA
556,2025-09-25,5,17.9,13.5,15.7,NA
556,2025-10-01,5,15.6,16.7,16.15,NA
556,2025-10-08,5,14.4,15.1,14.75,NA
556,2025-10-15,5,6.8,16,11.4,NA
556,2025-10-21,10,10,8,9,NA
556,2025-10-27,70,3.1,7.4,5.25,NA
556,2025-11-04,100,NA,NA,NA,NA
557,2025-09-03,5,16.5,12.6,14.55,NA
557,2025-09-10,5,13.2,14.6,13.899999999999999,NA
557,2025-09-17,5,15.1,14.4,14.75,NA
557,2025-09-25,5,12.6,16.1,14.350000000000001,NA
557,2025-10-01,5,11.5,15.1,13.3,NA
557,2025-10-08,10,14.2,11.3,12.75,NA
557,2025-10-15,10,13.7,13.3,13.5,NA
557,2025-10-21,10,8.6,11.5,10.05,NA
557,2025-10-27,25,5.9,6.3,6.1,NA
557,2025-11-04,95,6.6,4.8,5.699999999999999,NA
558,2025-09-03,5,12.8,14.7,13.75,NA
558,2025-09-10,5,12.3,15,13.65,NA
558,2025-09-17,5,10.7,11.6,11.149999999999999,NA
558,2025-09-25,5,11.3,10.7,11,NA
558,2025-10-01,10,12.2,11.5,11.85,NA
558,2025-10-08,10,10.3,13.7,12,NA
558,2025-10-15,10,10.1,11.5,10.8,NA
558,2025-10-21,15,9.2,12.5,10.85,NA
558,2025-10-27,25,9.4,6,7.7,NA
558,2025-11-04,85,6.6,6.7,6.65,NA
559,2025-09-03,10,8.6,10.6,9.6,NA
559,2025-09-10,15,9.4,9,9.2,NA
559,2025-09-17,15,6.9,9.9,8.4,NA
559,2025-09-25,20,8.3,7.8,8.05,NA
559,2025-10-01,30,7.7,8.4,8.05,NA
559,2025-10-08,40,5.2,6.1,5.65,NA
559,2025-10-15,45,6.3,5.2,5.75,NA
559,2025-10-21,50,3.5,6.4,4.95,NA
559,2025-10-27,65,8.4,6.3,7.35,NA
559,2025-11-04,90,8,4.8,6.4,NA
560,2025-09-03,5,15,14.6,14.8,NA
560,2025-09-10,5,14,13,13.5,NA
560,2025-09-17,10,12.2,11.4,11.8,NA
560,2025-09-25,15,11.3,11.9,11.600000000000001,NA
560,2025-10-01,20,13.3,12.8,13.05,NA
560,2025-10-08,30,12,11.4,11.7,NA
560,2025-10-15,30,11.8,9.9,10.850000000000001,NA
560,2025-10-21,30,9.4,8.4,8.9,NA
560,2025-10-27,40,8.8,8.8,8.8,NA
560,2025-11-04,90,6.7,8.4,7.550000000000001,NA
561,2025-09-03,90,12.7,12.7,12.7,Scorching
561,2025-09-10,95,11.5,12.1,11.8,NA
561,2025-09-17,98,NA,NA,NA,NA
561,2025-09-25,98,NA,NA,NA,NA
561,2025-10-01,98,NA,NA,NA,NA
561,2025-10-08,98,NA,NA,NA,NA
561,2025-10-15,100,NA,NA,NA,NA
561,2025-10-21,100,NA,NA,NA,NA
561,2025-10-27,100,NA,NA,NA,NA
561,2025-11-04,100,NA,NA,NA,NA
564,2025-09-03,100,NA,NA,NA,Scorching
564,2025-09-10,100,NA,NA,NA,NA
564,2025-09-17,100,NA,NA,NA,NA
564,2025-09-25,100,NA,NA,NA,NA
564,2025-10-01,100,NA,NA,NA,NA
564,2025-10-08,100,NA,NA,NA,NA
564,2025-10-15,100,NA,NA,NA,NA
564,2025-10-21,100,NA,NA,NA,NA
564,2025-10-27,100,NA,NA,NA,NA
564,2025-11-04,100,NA,NA,NA,NA
565,2025-09-03,100,NA,NA,NA,Scorching
565,2025-09-10,100,NA,NA,NA,NA
565,2025-09-17,100,NA,NA,NA,NA
565,2025-09-25,100,NA,NA,NA,NA
565,2025-10-01,100,NA,NA,NA,NA
565,2025-10-08,100,NA,NA,NA,NA
565,2025-10-15,100,NA,NA,NA,NA
565,2025-10-21,100,NA,NA,NA,NA
565,2025-10-27,100,NA,NA,NA,NA
565,2025-11-04,100,NA,NA,NA,NA
568,2025-09-03,100,NA,NA,NA,Scorching
568,2025-09-10,100,NA,NA,NA,NA
568,2025-09-17,100,NA,NA,NA,NA
568,2025-09-25,100,NA,NA,NA,NA
568,2025-10-01,100,NA,NA,NA,NA
568,2025-10-08,100,NA,NA,NA,NA
568,2025-10-15,100,NA,NA,NA,NA
568,2025-10-21,100,NA,NA,NA,NA
568,2025-10-27,100,NA,NA,NA,NA
568,2025-11-04,100,NA,NA,NA,NA
