id_number,stage1,stage2,stage3,stage4,doy_s1,doy_s2,doy_s3,doy_s4
1,2025-04-18T00:00:00Z,2025-04-23T00:00:00Z,2025-04-25T00:00:00Z,2025-05-02T00:00:00Z,108,113,115,122
2,2025-04-23T00:00:00Z,NA,2025-04-29T00:00:00Z,2025-05-02T00:00:00Z,113,116,119,122
3,2025-04-15T00:00:00Z,NA,2025-04-23T00:00:00Z,2025-04-29T00:00:00Z,105,109,113,119
4,2025-04-18T00:00:00Z,2025-04-23T00:00:00Z,2025-04-25T00:00:00Z,2025-05-02T00:00:00Z,108,113,115,122
5,2025-04-15T00:00:00Z,2025-04-18T00:00:00Z,2025-04-23T00:00:00Z,2025-04-29T00:00:00Z,105,108,113,119
6,2025-04-18T00:00:00Z,2025-04-23T00:00:00Z,2025-04-29T00:00:00Z,2025-05-02T00:00:00Z,108,113,119,122
7,2025-04-15T00:00:00Z,2025-04-23T00:00:00Z,2025-04-29T00:00:00Z,2025-05-02T00:00:00Z,105,113,119,122
8,2025-04-15T00:00:00Z,NA,2025-04-23T00:00:00Z,2025-04-29T00:00:00Z,105,109,113,119
9,2025-04-15T00:00:00Z,NA,2025-04-23T00:00:00Z,2025-04-29T00:00:00Z,105,109,113,119
10,2025-04-15T00:00:00Z,2025-04-23T00:00:00Z,NA,2025-05-02T00:00:00Z,105,113,117.5,122
11,2025-04-23T00:00:00Z,2025-04-25T00:00:00Z,2025-05-06T00:00:00Z,2025-05-13T00:00:00Z,113,115,126,133
12,2025-04-15T00:00:00Z,2025-04-23T00:00:00Z,2025-04-29T00:00:00Z,2025-05-02T00:00:00Z,105,113,119,122
13,2025-04-15T00:00:00Z,2025-04-18T00:00:00Z,2025-04-25T00:00:00Z,2025-05-02T00:00:00Z,105,108,115,122
14,2025-04-23T00:00:00Z,NA,2025-05-02T00:00:00Z,2025-05-06T00:00:00Z,113,117.5,122,126
15,2025-04-08T00:00:00Z,2025-04-15T00:00:00Z,NA,2025-05-02T00:00:00Z,98,105,113.5,122
16,2025-04-15T00:00:00Z,2025-04-18T00:00:00Z,2025-04-23T00:00:00Z,2025-04-29T00:00:00Z,105,108,113,119
17,2025-04-15T00:00:00Z,2025-04-18T00:00:00Z,2025-04-23T00:00:00Z,2025-04-29T00:00:00Z,105,108,113,119
18,2025-04-15T00:00:00Z,2025-04-18T00:00:00Z,2025-05-06T00:00:00Z,2025-05-13T00:00:00Z,105,108,126,133
19,2025-04-15T00:00:00Z,2025-04-23T00:00:00Z,NA,2025-05-02T00:00:00Z,105,113,117.5,122
20,2025-04-15T00:00:00Z,2025-04-23T00:00:00Z,2025-04-25T00:00:00Z,2025-04-29T00:00:00Z,105,113,115,119
21,2025-04-25T00:00:00Z,2025-04-29T00:00:00Z,2025-05-02T00:00:00Z,2025-05-06T00:00:00Z,115,119,122,126
22,2025-04-08T00:00:00Z,2025-04-18T00:00:00Z,2025-04-29T00:00:00Z,2025-05-02T00:00:00Z,98,108,119,122
23,2025-04-15T00:00:00Z,2025-04-23T00:00:00Z,2025-04-29T00:00:00Z,2025-05-02T00:00:00Z,105,113,119,122
24,2025-04-11T00:00:00Z,2025-04-15T00:00:00Z,2025-04-29T00:00:00Z,2025-05-02T00:00:00Z,101,105,119,122
25,2025-04-15T00:00:00Z,2025-05-02T00:00:00Z,2025-05-06T00:00:00Z,2025-05-16T00:00:00Z,105,122,126,136
26,2025-04-29T00:00:00Z,2025-05-06T00:00:00Z,2025-05-13T00:00:00Z,2025-05-16T00:00:00Z,119,126,133,136
27,2025-05-02T00:00:00Z,2025-05-06T00:00:00Z,2025-05-13T00:00:00Z,2025-05-16T00:00:00Z,122,126,133,136
28,2025-04-15T00:00:00Z,2025-04-23T00:00:00Z,2025-05-02T00:00:00Z,2025-05-06T00:00:00Z,105,113,122,126
29,2025-04-23T00:00:00Z,2025-04-29T00:00:00Z,2025-05-02T00:00:00Z,2025-05-06T00:00:00Z,113,119,122,126
30,2025-04-23T00:00:00Z,2025-04-29T00:00:00Z,2025-05-02T00:00:00Z,2025-05-06T00:00:00Z,113,119,122,126
31,2025-05-02T00:00:00Z,2025-05-06T00:00:00Z,2025-05-13T00:00:00Z,2025-05-16T00:00:00Z,122,126,133,136
32,2025-04-18T00:00:00Z,2025-05-02T00:00:00Z,2025-05-06T00:00:00Z,2025-05-13T00:00:00Z,108,122,126,133
33,2025-04-01T00:00:00Z,2025-04-15T00:00:00Z,2025-04-23T00:00:00Z,2025-04-29T00:00:00Z,91,105,113,119
34,2025-04-23T00:00:00Z,2025-05-02T00:00:00Z,NA,2025-05-06T00:00:00Z,113,122,124,126
35,2025-04-01T00:00:00Z,2025-04-15T00:00:00Z,2025-04-23T00:00:00Z,2025-04-25T00:00:00Z,91,105,113,115
36,2025-04-08T00:00:00Z,2025-04-23T00:00:00Z,2025-04-29T00:00:00Z,2025-05-02T00:00:00Z,98,113,119,122
37,2025-04-04T00:00:00Z,2025-04-15T00:00:00Z,2025-04-18T00:00:00Z,2025-04-25T00:00:00Z,94,105,108,115
38,2025-04-08T00:00:00Z,2025-04-23T00:00:00Z,2025-04-29T00:00:00Z,2025-05-02T00:00:00Z,98,113,119,122
39,2025-04-08T00:00:00Z,NA,2025-04-23T00:00:00Z,2025-05-02T00:00:00Z,98,105.5,113,122
40,2025-04-01T00:00:00Z,2025-04-15T00:00:00Z,2025-04-18T00:00:00Z,2025-04-29T00:00:00Z,91,105,108,119
41,2025-04-23T00:00:00Z,2025-04-29T00:00:00Z,2025-05-02T00:00:00Z,2025-05-06T00:00:00Z,113,119,122,126
42,2025-04-29T00:00:00Z,2025-05-06T00:00:00Z,2025-05-09T00:00:00Z,2025-05-13T00:00:00Z,119,126,129,133
43,2025-04-04T00:00:00Z,2025-04-15T00:00:00Z,2025-04-23T00:00:00Z,2025-05-02T00:00:00Z,94,105,113,122
44,2025-04-15T00:00:00Z,NA,2025-04-23T00:00:00Z,2025-05-02T00:00:00Z,105,109,113,122
45,2025-04-23T00:00:00Z,2025-05-02T00:00:00Z,2025-05-06T00:00:00Z,2025-05-09T00:00:00Z,113,122,126,129
46,2025-04-08T00:00:00Z,2025-04-15T00:00:00Z,2025-04-23T00:00:00Z,2025-04-29T00:00:00Z,98,105,113,119
47,2025-04-04T00:00:00Z,2025-04-15T00:00:00Z,2025-04-18T00:00:00Z,2025-04-29T00:00:00Z,94,105,108,119
48,2025-04-15T00:00:00Z,2025-04-25T00:00:00Z,2025-04-29T00:00:00Z,2025-05-02T00:00:00Z,105,115,119,122
49,2025-04-11T00:00:00Z,2025-04-15T00:00:00Z,2025-04-23T00:00:00Z,2025-04-25T00:00:00Z,101,105,113,115
50,2025-04-11T00:00:00Z,2025-04-15T00:00:00Z,2025-04-18T00:00:00Z,2025-04-23T00:00:00Z,101,105,108,113
51,2025-04-18T00:00:00Z,2025-04-23T00:00:00Z,2025-04-29T00:00:00Z,2025-05-02T00:00:00Z,108,113,119,122
52,2025-04-15T00:00:00Z,2025-04-23T00:00:00Z,2025-04-29T00:00:00Z,2025-05-02T00:00:00Z,105,113,119,122
53,2025-04-08T00:00:00Z,2025-04-18T00:00:00Z,2025-04-29T00:00:00Z,2025-05-02T00:00:00Z,98,108,119,122
54,2025-04-23T00:00:00Z,2025-04-29T00:00:00Z,2025-05-02T00:00:00Z,2025-05-06T00:00:00Z,113,119,122,126
55,2025-04-11T00:00:00Z,2025-04-15T00:00:00Z,2025-04-23T00:00:00Z,2025-04-25T00:00:00Z,101,105,113,115
56,2025-04-11T00:00:00Z,2025-04-15T00:00:00Z,2025-04-18T00:00:00Z,2025-04-23T00:00:00Z,101,105,108,113
57,2025-04-29T00:00:00Z,2025-05-02T00:00:00Z,2025-05-13T00:00:00Z,2025-05-16T00:00:00Z,119,122,133,136
58,2025-04-23T00:00:00Z,NA,2025-05-02T00:00:00Z,2025-05-13T00:00:00Z,113,117.5,122,133
59,2025-04-01T00:00:00Z,2025-04-04T00:00:00Z,2025-04-18T00:00:00Z,2025-04-29T00:00:00Z,91,94,108,119
60,2025-04-25T00:00:00Z,2025-05-02T00:00:00Z,2025-05-06T00:00:00Z,2025-05-13T00:00:00Z,115,122,126,133
61,2025-05-02T00:00:00Z,2025-05-06T00:00:00Z,2025-05-13T00:00:00Z,2025-05-20T00:00:00Z,122,126,133,140
62,2025-04-15T00:00:00Z,2025-04-29T00:00:00Z,2025-05-02T00:00:00Z,2025-05-06T00:00:00Z,105,119,122,126
63,2025-04-23T00:00:00Z,2025-05-02T00:00:00Z,2025-05-06T00:00:00Z,2025-05-13T00:00:00Z,113,122,126,133
64,2025-04-23T00:00:00Z,2025-05-02T00:00:00Z,2025-05-06T00:00:00Z,2025-05-13T00:00:00Z,113,122,126,133
65,2025-04-23T00:00:00Z,2025-05-02T00:00:00Z,2025-05-06T00:00:00Z,2025-05-13T00:00:00Z,113,122,126,133
66,2025-04-08T00:00:00Z,2025-04-15T00:00:00Z,2025-04-18T00:00:00Z,2025-04-29T00:00:00Z,98,105,108,119
67,2025-04-18T00:00:00Z,2025-04-23T00:00:00Z,2025-05-02T00:00:00Z,2025-05-06T00:00:00Z,108,113,122,126
68,2025-04-11T00:00:00Z,2025-04-15T00:00:00Z,2025-04-18T00:00:00Z,2025-05-02T00:00:00Z,101,105,108,122
69,2025-04-08T00:00:00Z,2025-04-15T00:00:00Z,2025-05-02T00:00:00Z,2025-05-06T00:00:00Z,98,105,122,126
70,2025-04-15T00:00:00Z,2025-04-25T00:00:00Z,2025-04-29T00:00:00Z,2025-05-02T00:00:00Z,105,115,119,122
71,2025-04-04T00:00:00Z,2025-04-15T00:00:00Z,2025-04-18T00:00:00Z,2025-04-25T00:00:00Z,94,105,108,115
72,2025-04-01T00:00:00Z,2025-04-08T00:00:00Z,2025-04-15T00:00:00Z,2025-04-25T00:00:00Z,91,98,105,115
73,2025-04-11T00:00:00Z,2025-04-15T00:00:00Z,2025-04-23T00:00:00Z,2025-04-29T00:00:00Z,101,105,113,119
74,2025-04-23T00:00:00Z,2025-04-29T00:00:00Z,2025-05-02T00:00:00Z,2025-05-06T00:00:00Z,113,119,122,126
75,2025-04-15T00:00:00Z,2025-04-23T00:00:00Z,2025-04-29T00:00:00Z,2025-05-02T00:00:00Z,105,113,119,122
76,2025-04-23T00:00:00Z,2025-04-25T00:00:00Z,2025-04-29T00:00:00Z,2025-05-02T00:00:00Z,113,115,119,122
77,2025-04-15T00:00:00Z,NA,2025-04-23T00:00:00Z,2025-04-29T00:00:00Z,105,109,113,119
78,2025-04-23T00:00:00Z,2025-04-29T00:00:00Z,2025-05-02T00:00:00Z,2025-05-06T00:00:00Z,113,119,122,126
79,2025-04-15T00:00:00Z,2025-04-25T00:00:00Z,2025-04-29T00:00:00Z,2025-05-02T00:00:00Z,105,115,119,122
80,2025-04-15T00:00:00Z,2025-04-23T00:00:00Z,2025-04-29T00:00:00Z,2025-05-02T00:00:00Z,105,113,119,122
81,2025-04-15T00:00:00Z,2025-04-23T00:00:00Z,2025-04-29T00:00:00Z,2025-05-02T00:00:00Z,105,113,119,122
82,2025-04-04T00:00:00Z,2025-04-15T00:00:00Z,2025-04-29T00:00:00Z,2025-05-02T00:00:00Z,94,105,119,122
83,2025-04-15T00:00:00Z,2025-04-23T00:00:00Z,2025-05-02T00:00:00Z,2025-05-06T00:00:00Z,105,113,122,126
84,2025-04-15T00:00:00Z,NA,2025-04-23T00:00:00Z,2025-04-29T00:00:00Z,105,109,113,119
85,2025-04-15T00:00:00Z,2025-04-18T00:00:00Z,2025-04-23T00:00:00Z,2025-04-29T00:00:00Z,105,108,113,119
86,2025-04-08T00:00:00Z,2025-04-15T00:00:00Z,2025-04-18T00:00:00Z,2025-04-29T00:00:00Z,98,105,108,119
87,2025-04-08T00:00:00Z,2025-04-15T00:00:00Z,2025-04-18T00:00:00Z,2025-04-25T00:00:00Z,98,105,108,115
88,2025-04-15T00:00:00Z,2025-04-23T00:00:00Z,2025-04-25T00:00:00Z,2025-05-02T00:00:00Z,105,113,115,122
89,2025-04-15T00:00:00Z,2025-04-25T00:00:00Z,2025-04-29T00:00:00Z,2025-05-02T00:00:00Z,105,115,119,122
90,2025-04-18T00:00:00Z,NA,2025-04-29T00:00:00Z,2025-05-02T00:00:00Z,108,113.5,119,122
91,2025-04-15T00:00:00Z,2025-04-23T00:00:00Z,2025-04-25T00:00:00Z,2025-05-02T00:00:00Z,105,113,115,122
92,2025-04-29T00:00:00Z,NA,2025-05-02T00:00:00Z,2025-05-06T00:00:00Z,119,120.5,122,126
93,2025-04-15T00:00:00Z,2025-04-18T00:00:00Z,2025-04-23T00:00:00Z,2025-04-25T00:00:00Z,105,108,113,115
94,2025-04-15T00:00:00Z,2025-04-23T00:00:00Z,2025-04-29T00:00:00Z,2025-05-02T00:00:00Z,105,113,119,122
95,2025-04-15T00:00:00Z,NA,2025-04-23T00:00:00Z,2025-04-29T00:00:00Z,105,109,113,119
96,2025-04-11T00:00:00Z,2025-04-15T00:00:00Z,2025-04-23T00:00:00Z,2025-04-29T00:00:00Z,101,105,113,119
97,2025-04-15T00:00:00Z,2025-04-29T00:00:00Z,2025-05-02T00:00:00Z,2025-05-06T00:00:00Z,105,119,122,126
98,2025-04-15T00:00:00Z,2025-04-25T00:00:00Z,2025-05-02T00:00:00Z,2025-05-06T00:00:00Z,105,115,122,126
99,2025-04-15T00:00:00Z,2025-04-25T00:00:00Z,2025-05-02T00:00:00Z,2025-05-06T00:00:00Z,105,115,122,126
100,2025-04-23T00:00:00Z,2025-04-25T00:00:00Z,2025-05-02T00:00:00Z,2025-05-06T00:00:00Z,113,115,122,126
101,2025-04-15T00:00:00Z,NA,2025-04-23T00:00:00Z,2025-04-29T00:00:00Z,105,109,113,119
102,2025-04-15T00:00:00Z,2025-04-23T00:00:00Z,2025-05-02T00:00:00Z,2025-05-06T00:00:00Z,105,113,122,126
103,2025-04-04T00:00:00Z,2025-04-15T00:00:00Z,2025-04-23T00:00:00Z,2025-04-29T00:00:00Z,94,105,113,119
104,2025-04-18T00:00:00Z,2025-04-23T00:00:00Z,2025-04-29T00:00:00Z,2025-05-02T00:00:00Z,108,113,119,122
105,2025-04-15T00:00:00Z,2025-04-18T00:00:00Z,2025-04-23T00:00:00Z,2025-04-29T00:00:00Z,105,108,113,119
106,2025-04-11T00:00:00Z,2025-04-15T00:00:00Z,2025-04-18T00:00:00Z,2025-04-25T00:00:00Z,101,105,108,115
107,2025-04-18T00:00:00Z,2025-04-23T00:00:00Z,2025-04-29T00:00:00Z,2025-05-02T00:00:00Z,108,113,119,122
108,2025-04-15T00:00:00Z,2025-04-23T00:00:00Z,2025-04-25T00:00:00Z,2025-04-29T00:00:00Z,105,113,115,119
109,2025-04-23T00:00:00Z,2025-04-25T00:00:00Z,2025-04-29T00:00:00Z,2025-05-02T00:00:00Z,113,115,119,122
110,2025-04-11T00:00:00Z,2025-04-15T00:00:00Z,2025-04-23T00:00:00Z,2025-04-25T00:00:00Z,101,105,113,115
111,2025-04-15T00:00:00Z,NA,2025-04-23T00:00:00Z,2025-04-29T00:00:00Z,105,109,113,119
112,2025-04-15T00:00:00Z,2025-04-18T00:00:00Z,2025-04-23T00:00:00Z,2025-04-29T00:00:00Z,105,108,113,119
113,2025-04-18T00:00:00Z,2025-05-02T00:00:00Z,2025-05-06T00:00:00Z,2025-05-13T00:00:00Z,108,122,126,133
114,2025-04-04T00:00:00Z,2025-04-15T00:00:00Z,2025-04-18T00:00:00Z,2025-05-02T00:00:00Z,94,105,108,122
115,2025-05-06T00:00:00Z,2025-05-13T00:00:00Z,2025-05-20T00:00:00Z,2025-05-27T00:00:00Z,126,133,140,147
116,2025-04-18T00:00:00Z,2025-04-29T00:00:00Z,2025-05-02T00:00:00Z,2025-05-06T00:00:00Z,108,119,122,126
117,2025-04-23T00:00:00Z,2025-05-02T00:00:00Z,2025-05-06T00:00:00Z,2025-05-13T00:00:00Z,113,122,126,133
118,2025-04-18T00:00:00Z,2025-04-29T00:00:00Z,2025-05-02T00:00:00Z,2025-05-06T00:00:00Z,108,119,122,126
119,2025-04-08T00:00:00Z,2025-04-23T00:00:00Z,2025-04-29T00:00:00Z,2025-05-02T00:00:00Z,98,113,119,122
120,2025-04-04T00:00:00Z,2025-04-23T00:00:00Z,2025-04-29T00:00:00Z,2025-05-02T00:00:00Z,94,113,119,122
121,2025-04-15T00:00:00Z,2025-04-23T00:00:00Z,2025-04-25T00:00:00Z,2025-04-29T00:00:00Z,105,113,115,119
122,2025-04-08T00:00:00Z,2025-04-23T00:00:00Z,2025-05-02T00:00:00Z,2025-05-06T00:00:00Z,98,113,122,126
123,2025-04-08T00:00:00Z,2025-04-18T00:00:00Z,2025-04-29T00:00:00Z,2025-05-02T00:00:00Z,98,108,119,122
124,2025-04-23T00:00:00Z,NA,2025-04-29T00:00:00Z,2025-05-02T00:00:00Z,113,116,119,122
125,2025-04-11T00:00:00Z,2025-04-15T00:00:00Z,2025-04-23T00:00:00Z,2025-04-25T00:00:00Z,101,105,113,115
126,2025-04-15T00:00:00Z,2025-04-23T00:00:00Z,2025-04-29T00:00:00Z,2025-05-02T00:00:00Z,105,113,119,122
127,2025-04-01T00:00:00Z,2025-04-15T00:00:00Z,2025-04-18T00:00:00Z,2025-04-25T00:00:00Z,91,105,108,115
128,2025-04-15T00:00:00Z,2025-04-18T00:00:00Z,2025-04-23T00:00:00Z,2025-04-29T00:00:00Z,105,108,113,119
129,2025-04-11T00:00:00Z,2025-04-23T00:00:00Z,2025-04-29T00:00:00Z,2025-05-02T00:00:00Z,101,113,119,122
130,2025-04-29T00:00:00Z,2025-05-06T00:00:00Z,2025-05-13T00:00:00Z,2025-05-16T00:00:00Z,119,126,133,136
131,2025-05-06T00:00:00Z,2025-05-16T00:00:00Z,2025-05-20T00:00:00Z,2025-05-23T00:00:00Z,126,136,140,143
132,2025-05-02T00:00:00Z,2025-05-13T00:00:00Z,2025-05-20T00:00:00Z,2025-05-23T00:00:00Z,122,133,140,143
133,2025-04-18T00:00:00Z,NA,2025-05-02T00:00:00Z,2025-05-06T00:00:00Z,108,115,122,126
134,2025-04-29T00:00:00Z,2025-05-02T00:00:00Z,2025-05-06T00:00:00Z,2025-05-13T00:00:00Z,119,122,126,133
135,2025-04-11T00:00:00Z,2025-04-23T00:00:00Z,2025-04-29T00:00:00Z,2025-05-02T00:00:00Z,101,113,119,122
136,2025-04-15T00:00:00Z,2025-04-23T00:00:00Z,2025-04-29T00:00:00Z,2025-05-02T00:00:00Z,105,113,119,122
137,2025-04-15T00:00:00Z,2025-04-23T00:00:00Z,2025-04-29T00:00:00Z,2025-05-02T00:00:00Z,105,113,119,122
138,2025-04-11T00:00:00Z,2025-04-15T00:00:00Z,2025-04-25T00:00:00Z,2025-04-29T00:00:00Z,101,105,115,119
139,2025-04-18T00:00:00Z,2025-05-02T00:00:00Z,2025-05-06T00:00:00Z,2025-05-13T00:00:00Z,108,122,126,133
140,2025-04-11T00:00:00Z,2025-04-15T00:00:00Z,2025-04-18T00:00:00Z,2025-04-23T00:00:00Z,101,105,108,113
141,2025-04-15T00:00:00Z,2025-04-18T00:00:00Z,2025-04-23T00:00:00Z,2025-04-29T00:00:00Z,105,108,113,119
142,2025-04-08T00:00:00Z,2025-04-15T00:00:00Z,2025-04-25T00:00:00Z,2025-05-02T00:00:00Z,98,105,115,122
143,2025-04-18T00:00:00Z,2025-04-25T00:00:00Z,2025-05-02T00:00:00Z,2025-05-06T00:00:00Z,108,115,122,126
144,2025-04-15T00:00:00Z,NA,2025-04-23T00:00:00Z,2025-04-29T00:00:00Z,105,109,113,119
145,2025-04-18T00:00:00Z,2025-04-25T00:00:00Z,2025-04-29T00:00:00Z,2025-05-02T00:00:00Z,108,115,119,122
146,2025-04-08T00:00:00Z,2025-04-15T00:00:00Z,2025-04-18T00:00:00Z,2025-04-23T00:00:00Z,98,105,108,113
147,2025-04-15T00:00:00Z,NA,2025-05-02T00:00:00Z,2025-05-06T00:00:00Z,105,113.5,122,126
148,2025-04-08T00:00:00Z,2025-04-11T00:00:00Z,2025-04-15T00:00:00Z,2025-04-18T00:00:00Z,98,101,105,108
149,2025-04-15T00:00:00Z,2025-04-25T00:00:00Z,2025-04-29T00:00:00Z,2025-05-02T00:00:00Z,105,115,119,122
150,2025-04-15T00:00:00Z,2025-04-23T00:00:00Z,2025-04-29T00:00:00Z,2025-05-02T00:00:00Z,105,113,119,122
151,2025-04-23T00:00:00Z,2025-04-29T00:00:00Z,NA,2025-05-02T00:00:00Z,113,119,120.5,122
152,2025-04-15T00:00:00Z,NA,2025-04-23T00:00:00Z,2025-04-29T00:00:00Z,105,109,113,119
153,2025-04-15T00:00:00Z,2025-04-29T00:00:00Z,2025-05-02T00:00:00Z,2025-05-06T00:00:00Z,105,119,122,126
154,2025-04-15T00:00:00Z,2025-04-25T00:00:00Z,2025-05-02T00:00:00Z,2025-05-06T00:00:00Z,105,115,122,126
155,2025-04-01T00:00:00Z,2025-04-08T00:00:00Z,2025-04-18T00:00:00Z,2025-04-29T00:00:00Z,91,98,108,119
156,2025-04-18T00:00:00Z,2025-04-23T00:00:00Z,2025-05-02T00:00:00Z,2025-05-06T00:00:00Z,108,113,122,126
157,2025-04-08T00:00:00Z,2025-04-15T00:00:00Z,2025-04-18T00:00:00Z,2025-04-29T00:00:00Z,98,105,108,119
158,2025-04-11T00:00:00Z,2025-04-23T00:00:00Z,2025-04-29T00:00:00Z,2025-05-06T00:00:00Z,101,113,119,126
159,2025-04-08T00:00:00Z,2025-04-15T00:00:00Z,2025-04-18T00:00:00Z,2025-05-02T00:00:00Z,98,105,108,122
160,2025-04-15T00:00:00Z,2025-04-23T00:00:00Z,2025-04-29T00:00:00Z,2025-05-02T00:00:00Z,105,113,119,122
161,2025-04-29T00:00:00Z,NA,2025-05-02T00:00:00Z,2025-05-06T00:00:00Z,119,120.5,122,126
162,2025-04-15T00:00:00Z,2025-04-18T00:00:00Z,2025-04-23T00:00:00Z,2025-04-25T00:00:00Z,105,108,113,115
163,2025-04-08T00:00:00Z,2025-04-15T00:00:00Z,2025-04-18T00:00:00Z,2025-04-23T00:00:00Z,98,105,108,113
164,2025-04-18T00:00:00Z,2025-04-23T00:00:00Z,2025-04-29T00:00:00Z,2025-05-02T00:00:00Z,108,113,119,122
165,2025-04-25T00:00:00Z,NA,2025-05-02T00:00:00Z,2025-05-06T00:00:00Z,115,118.5,122,126
166,2025-04-15T00:00:00Z,2025-04-23T00:00:00Z,2025-04-29T00:00:00Z,2025-05-02T00:00:00Z,105,113,119,122
167,2025-04-25T00:00:00Z,2025-04-29T00:00:00Z,2025-05-02T00:00:00Z,2025-05-06T00:00:00Z,115,119,122,126
168,2025-04-11T00:00:00Z,NA,2025-04-15T00:00:00Z,2025-04-18T00:00:00Z,101,103,105,108
169,2025-04-23T00:00:00Z,2025-05-02T00:00:00Z,2025-05-06T00:00:00Z,2025-05-13T00:00:00Z,113,122,126,133
170,2025-04-15T00:00:00Z,2025-04-23T00:00:00Z,2025-05-02T00:00:00Z,2025-05-06T00:00:00Z,105,113,122,126
171,2025-04-15T00:00:00Z,2025-04-23T00:00:00Z,2025-05-02T00:00:00Z,2025-05-06T00:00:00Z,105,113,122,126
172,2025-04-15T00:00:00Z,2025-04-23T00:00:00Z,2025-05-02T00:00:00Z,2025-05-06T00:00:00Z,105,113,122,126
173,2025-04-15T00:00:00Z,2025-04-23T00:00:00Z,2025-04-29T00:00:00Z,2025-05-02T00:00:00Z,105,113,119,122
174,2025-04-08T00:00:00Z,2025-04-23T00:00:00Z,2025-04-29T00:00:00Z,2025-05-02T00:00:00Z,98,113,119,122
175,2025-04-15T00:00:00Z,2025-04-25T00:00:00Z,2025-05-02T00:00:00Z,2025-05-06T00:00:00Z,105,115,122,126
176,2025-04-15T00:00:00Z,2025-04-23T00:00:00Z,2025-04-29T00:00:00Z,2025-05-02T00:00:00Z,105,113,119,122
177,2025-04-15T00:00:00Z,2025-04-23T00:00:00Z,2025-04-29T00:00:00Z,2025-05-02T00:00:00Z,105,113,119,122
178,2025-04-08T00:00:00Z,2025-04-23T00:00:00Z,2025-05-02T00:00:00Z,2025-05-06T00:00:00Z,98,113,122,126
179,2025-04-08T00:00:00Z,2025-04-25T00:00:00Z,2025-04-29T00:00:00Z,2025-05-02T00:00:00Z,98,115,119,122
180,2025-04-15T00:00:00Z,NA,2025-04-23T00:00:00Z,2025-04-29T00:00:00Z,105,109,113,119
181,2025-04-15T00:00:00Z,NA,2025-04-23T00:00:00Z,2025-04-29T00:00:00Z,105,109,113,119
182,2025-04-08T00:00:00Z,2025-04-15T00:00:00Z,2025-04-18T00:00:00Z,2025-04-29T00:00:00Z,98,105,108,119
183,2025-04-08T00:00:00Z,2025-04-15T00:00:00Z,2025-04-25T00:00:00Z,2025-04-29T00:00:00Z,98,105,115,119
184,2025-04-15T00:00:00Z,NA,2025-04-23T00:00:00Z,2025-04-29T00:00:00Z,105,109,113,119
185,2025-04-15T00:00:00Z,2025-04-29T00:00:00Z,2025-05-02T00:00:00Z,2025-05-06T00:00:00Z,105,119,122,126
186,2025-04-29T00:00:00Z,2025-05-06T00:00:00Z,2025-05-09T00:00:00Z,2025-05-13T00:00:00Z,119,126,129,133
187,2025-04-18T00:00:00Z,2025-04-29T00:00:00Z,2025-05-02T00:00:00Z,2025-05-06T00:00:00Z,108,119,122,126
188,2025-04-15T00:00:00Z,2025-04-18T00:00:00Z,2025-05-02T00:00:00Z,2025-05-06T00:00:00Z,105,108,122,126
189,2025-05-02T00:00:00Z,2025-05-06T00:00:00Z,2025-05-13T00:00:00Z,2025-05-16T00:00:00Z,122,126,133,136
190,2025-04-15T00:00:00Z,2025-04-23T00:00:00Z,2025-05-02T00:00:00Z,2025-05-06T00:00:00Z,105,113,122,126
191,2025-04-15T00:00:00Z,2025-04-23T00:00:00Z,2025-04-29T00:00:00Z,2025-05-02T00:00:00Z,105,113,119,122
192,2025-04-15T00:00:00Z,2025-04-23T00:00:00Z,2025-04-29T00:00:00Z,2025-05-02T00:00:00Z,105,113,119,122
193,2025-04-08T00:00:00Z,NA,2025-04-15T00:00:00Z,2025-04-23T00:00:00Z,98,101.5,105,113
194,2025-04-15T00:00:00Z,2025-04-18T00:00:00Z,2025-04-23T00:00:00Z,2025-04-29T00:00:00Z,105,108,113,119
195,2025-04-15T00:00:00Z,2025-04-23T00:00:00Z,2025-04-29T00:00:00Z,2025-05-02T00:00:00Z,105,113,119,122
196,2025-04-11T00:00:00Z,2025-04-15T00:00:00Z,2025-04-18T00:00:00Z,2025-04-25T00:00:00Z,101,105,108,115
197,2025-04-18T00:00:00Z,2025-04-23T00:00:00Z,2025-04-29T00:00:00Z,2025-05-02T00:00:00Z,108,113,119,122
198,2025-04-15T00:00:00Z,NA,2025-04-23T00:00:00Z,2025-04-29T00:00:00Z,105,109,113,119
199,2025-04-15T00:00:00Z,2025-04-18T00:00:00Z,2025-04-23T00:00:00Z,2025-04-25T00:00:00Z,105,108,113,115
200,2025-04-18T00:00:00Z,2025-04-23T00:00:00Z,2025-04-25T00:00:00Z,2025-05-02T00:00:00Z,108,113,115,122
201,2025-04-23T00:00:00Z,2025-04-25T00:00:00Z,2025-04-29T00:00:00Z,2025-05-02T00:00:00Z,113,115,119,122
202,2025-04-15T00:00:00Z,NA,2025-04-23T00:00:00Z,2025-04-25T00:00:00Z,105,109,113,115
203,2025-04-11T00:00:00Z,2025-04-15T00:00:00Z,2025-04-18T00:00:00Z,2025-04-25T00:00:00Z,101,105,108,115
204,2025-04-15T00:00:00Z,2025-04-23T00:00:00Z,2025-04-25T00:00:00Z,2025-05-02T00:00:00Z,105,113,115,122
205,2025-04-08T00:00:00Z,2025-04-15T00:00:00Z,2025-04-23T00:00:00Z,2025-04-25T00:00:00Z,98,105,113,115
206,2025-04-15T00:00:00Z,2025-04-23T00:00:00Z,2025-04-25T00:00:00Z,2025-04-29T00:00:00Z,105,113,115,119
207,2025-04-11T00:00:00Z,NA,2025-04-23T00:00:00Z,2025-04-29T00:00:00Z,101,107,113,119
208,2025-04-18T00:00:00Z,2025-04-23T00:00:00Z,2025-04-29T00:00:00Z,2025-05-02T00:00:00Z,108,113,119,122
209,2025-04-15T00:00:00Z,2025-04-23T00:00:00Z,2025-04-29T00:00:00Z,2025-05-02T00:00:00Z,105,113,119,122
210,2025-04-08T00:00:00Z,2025-04-15T00:00:00Z,2025-04-29T00:00:00Z,2025-05-02T00:00:00Z,98,105,119,122
211,2025-04-18T00:00:00Z,2025-04-25T00:00:00Z,2025-05-02T00:00:00Z,2025-05-06T00:00:00Z,108,115,122,126
212,2025-04-15T00:00:00Z,2025-04-23T00:00:00Z,2025-04-29T00:00:00Z,2025-05-02T00:00:00Z,105,113,119,122
213,2025-04-15T00:00:00Z,2025-04-23T00:00:00Z,2025-04-25T00:00:00Z,2025-05-02T00:00:00Z,105,113,115,122
214,2025-04-04T00:00:00Z,2025-04-15T00:00:00Z,2025-04-25T00:00:00Z,2025-05-02T00:00:00Z,94,105,115,122
215,2025-04-04T00:00:00Z,2025-04-15T00:00:00Z,2025-04-23T00:00:00Z,2025-04-29T00:00:00Z,94,105,113,119
216,2025-04-11T00:00:00Z,NA,2025-04-23T00:00:00Z,2025-04-29T00:00:00Z,101,107,113,119
217,2025-04-15T00:00:00Z,NA,2025-04-23T00:00:00Z,2025-04-29T00:00:00Z,105,109,113,119
218,2025-04-15T00:00:00Z,2025-04-23T00:00:00Z,2025-04-29T00:00:00Z,2025-05-02T00:00:00Z,105,113,119,122
219,2025-04-25T00:00:00Z,2025-05-02T00:00:00Z,2025-05-06T00:00:00Z,2025-05-13T00:00:00Z,115,122,126,133
220,2025-04-15T00:00:00Z,2025-04-25T00:00:00Z,2025-04-29T00:00:00Z,2025-05-02T00:00:00Z,105,115,119,122
221,2025-04-15T00:00:00Z,2025-04-23T00:00:00Z,2025-04-29T00:00:00Z,2025-05-02T00:00:00Z,105,113,119,122
222,2025-04-08T00:00:00Z,2025-04-15T00:00:00Z,2025-04-23T00:00:00Z,2025-05-02T00:00:00Z,98,105,113,122
223,2025-04-04T00:00:00Z,2025-04-08T00:00:00Z,2025-04-11T00:00:00Z,2025-04-25T00:00:00Z,94,98,101,115
224,2025-04-15T00:00:00Z,2025-04-23T00:00:00Z,2025-04-25T00:00:00Z,2025-05-02T00:00:00Z,105,113,115,122
225,2025-04-25T00:00:00Z,2025-04-29T00:00:00Z,2025-05-02T00:00:00Z,2025-05-06T00:00:00Z,115,119,122,126
226,2025-04-15T00:00:00Z,2025-04-25T00:00:00Z,2025-04-29T00:00:00Z,2025-05-02T00:00:00Z,105,115,119,122
227,2025-04-15T00:00:00Z,2025-04-18T00:00:00Z,2025-04-23T00:00:00Z,2025-04-25T00:00:00Z,105,108,113,115
228,2025-04-23T00:00:00Z,2025-04-25T00:00:00Z,2025-05-02T00:00:00Z,2025-05-06T00:00:00Z,113,115,122,126
229,2025-04-15T00:00:00Z,2025-04-23T00:00:00Z,2025-04-25T00:00:00Z,2025-05-02T00:00:00Z,105,113,115,122
230,2025-04-15T00:00:00Z,2025-04-18T00:00:00Z,2025-04-23T00:00:00Z,2025-04-29T00:00:00Z,105,108,113,119
231,2025-04-11T00:00:00Z,2025-04-15T00:00:00Z,2025-04-18T00:00:00Z,2025-04-25T00:00:00Z,101,105,108,115
232,2025-04-15T00:00:00Z,2025-04-18T00:00:00Z,2025-04-23T00:00:00Z,2025-04-29T00:00:00Z,105,108,113,119
233,2025-04-18T00:00:00Z,2025-04-29T00:00:00Z,2025-05-02T00:00:00Z,2025-05-06T00:00:00Z,108,119,122,126
234,2025-04-15T00:00:00Z,2025-04-25T00:00:00Z,2025-05-02T00:00:00Z,2025-05-06T00:00:00Z,105,115,122,126
235,2025-04-23T00:00:00Z,2025-05-02T00:00:00Z,NA,2025-05-06T00:00:00Z,113,122,124,126
236,2025-04-15T00:00:00Z,2025-04-25T00:00:00Z,2025-04-29T00:00:00Z,2025-05-02T00:00:00Z,105,115,119,122
237,2025-04-15T00:00:00Z,NA,2025-04-23T00:00:00Z,2025-04-29T00:00:00Z,105,109,113,119
238,2025-04-01T00:00:00Z,2025-04-15T00:00:00Z,2025-04-18T00:00:00Z,2025-04-25T00:00:00Z,91,105,108,115
239,2025-04-18T00:00:00Z,2025-04-25T00:00:00Z,2025-05-02T00:00:00Z,2025-05-06T00:00:00Z,108,115,122,126
240,2025-04-15T00:00:00Z,2025-04-23T00:00:00Z,2025-04-25T00:00:00Z,2025-05-02T00:00:00Z,105,113,115,122
241,2025-04-11T00:00:00Z,2025-04-15T00:00:00Z,2025-04-23T00:00:00Z,2025-04-25T00:00:00Z,101,105,113,115
242,2025-04-01T00:00:00Z,2025-04-08T00:00:00Z,2025-04-18T00:00:00Z,2025-04-29T00:00:00Z,91,98,108,119
243,2025-04-04T00:00:00Z,2025-04-15T00:00:00Z,2025-04-18T00:00:00Z,2025-04-29T00:00:00Z,94,105,108,119
244,2025-04-15T00:00:00Z,2025-04-23T00:00:00Z,2025-04-29T00:00:00Z,2025-05-02T00:00:00Z,105,113,119,122
245,2025-04-11T00:00:00Z,2025-04-15T00:00:00Z,2025-04-18T00:00:00Z,2025-04-25T00:00:00Z,101,105,108,115
246,2025-04-15T00:00:00Z,2025-04-23T00:00:00Z,2025-04-29T00:00:00Z,2025-05-06T00:00:00Z,105,113,119,126
247,2025-04-04T00:00:00Z,2025-04-11T00:00:00Z,2025-04-18T00:00:00Z,2025-04-25T00:00:00Z,94,101,108,115
248,2025-04-23T00:00:00Z,2025-04-25T00:00:00Z,2025-04-29T00:00:00Z,2025-05-02T00:00:00Z,113,115,119,122
249,2025-05-02T00:00:00Z,2025-05-06T00:00:00Z,2025-05-16T00:00:00Z,2025-05-20T00:00:00Z,122,126,136,140
250,2025-05-02T00:00:00Z,2025-05-06T00:00:00Z,2025-05-13T00:00:00Z,2025-05-16T00:00:00Z,122,126,133,136
251,2025-04-23T00:00:00Z,2025-05-02T00:00:00Z,2025-05-06T00:00:00Z,2025-05-09T00:00:00Z,113,122,126,129
252,2025-04-15T00:00:00Z,2025-04-23T00:00:00Z,NA,2025-05-02T00:00:00Z,105,113,117.5,122
253,2025-04-04T00:00:00Z,2025-04-15T00:00:00Z,2025-04-25T00:00:00Z,2025-05-02T00:00:00Z,94,105,115,122
254,2025-04-04T00:00:00Z,2025-04-15T00:00:00Z,2025-04-25T00:00:00Z,2025-05-02T00:00:00Z,94,105,115,122
255,2025-04-15T00:00:00Z,2025-04-23T00:00:00Z,2025-05-02T00:00:00Z,2025-05-06T00:00:00Z,105,113,122,126
256,2025-04-08T00:00:00Z,2025-04-15T00:00:00Z,2025-04-23T00:00:00Z,2025-04-29T00:00:00Z,98,105,113,119
257,2025-04-15T00:00:00Z,2025-05-02T00:00:00Z,2025-05-06T00:00:00Z,2025-05-09T00:00:00Z,105,122,126,129
258,2025-04-04T00:00:00Z,2025-04-15T00:00:00Z,2025-04-18T00:00:00Z,2025-04-29T00:00:00Z,94,105,108,119
259,2025-04-25T00:00:00Z,2025-04-29T00:00:00Z,2025-05-02T00:00:00Z,2025-05-06T00:00:00Z,115,119,122,126
260,2025-04-15T00:00:00Z,2025-04-23T00:00:00Z,2025-05-02T00:00:00Z,2025-05-06T00:00:00Z,105,113,122,126
261,2025-04-11T00:00:00Z,2025-04-15T00:00:00Z,2025-04-18T00:00:00Z,2025-04-29T00:00:00Z,101,105,108,119
262,2025-04-15T00:00:00Z,2025-04-25T00:00:00Z,2025-05-02T00:00:00Z,2025-05-06T00:00:00Z,105,115,122,126
263,2025-04-15T00:00:00Z,2025-04-23T00:00:00Z,2025-04-29T00:00:00Z,2025-05-02T00:00:00Z,105,113,119,122
264,2025-04-23T00:00:00Z,2025-05-02T00:00:00Z,2025-05-06T00:00:00Z,2025-05-09T00:00:00Z,113,122,126,129
265,2025-04-18T00:00:00Z,2025-05-02T00:00:00Z,2025-05-06T00:00:00Z,2025-05-09T00:00:00Z,108,122,126,129
266,2025-04-15T00:00:00Z,2025-05-02T00:00:00Z,2025-05-06T00:00:00Z,2025-05-09T00:00:00Z,105,122,126,129
267,2025-04-08T00:00:00Z,2025-04-18T00:00:00Z,2025-04-29T00:00:00Z,2025-05-02T00:00:00Z,98,108,119,122
268,2025-04-08T00:00:00Z,2025-04-15T00:00:00Z,2025-04-25T00:00:00Z,2025-04-29T00:00:00Z,98,105,115,119
269,2025-04-15T00:00:00Z,2025-04-23T00:00:00Z,2025-05-02T00:00:00Z,2025-05-06T00:00:00Z,105,113,122,126
270,2025-04-11T00:00:00Z,2025-04-18T00:00:00Z,2025-04-29T00:00:00Z,2025-05-02T00:00:00Z,101,108,119,122
271,2025-04-15T00:00:00Z,2025-04-23T00:00:00Z,2025-04-29T00:00:00Z,2025-05-02T00:00:00Z,105,113,119,122
272,2025-04-08T00:00:00Z,2025-04-23T00:00:00Z,2025-04-29T00:00:00Z,2025-05-02T00:00:00Z,98,113,119,122
273,2025-04-23T00:00:00Z,2025-04-29T00:00:00Z,NA,2025-05-02T00:00:00Z,113,119,120.5,122
274,2025-04-15T00:00:00Z,2025-04-29T00:00:00Z,2025-05-02T00:00:00Z,2025-05-06T00:00:00Z,105,119,122,126
275,2025-04-23T00:00:00Z,2025-04-29T00:00:00Z,2025-05-02T00:00:00Z,2025-05-06T00:00:00Z,113,119,122,126
276,2025-04-11T00:00:00Z,2025-04-15T00:00:00Z,2025-04-23T00:00:00Z,2025-04-25T00:00:00Z,101,105,113,115
277,2025-04-11T00:00:00Z,2025-04-15T00:00:00Z,2025-04-18T00:00:00Z,2025-04-23T00:00:00Z,101,105,108,113
278,2025-04-23T00:00:00Z,2025-04-29T00:00:00Z,2025-05-02T00:00:00Z,2025-05-06T00:00:00Z,113,119,122,126
279,2025-04-08T00:00:00Z,2025-04-18T00:00:00Z,2025-04-23T00:00:00Z,2025-04-25T00:00:00Z,98,108,113,115
280,2025-04-15T00:00:00Z,2025-04-23T00:00:00Z,2025-04-29T00:00:00Z,2025-05-02T00:00:00Z,105,113,119,122
281,2025-04-15T00:00:00Z,2025-04-18T00:00:00Z,2025-04-29T00:00:00Z,2025-05-02T00:00:00Z,105,108,119,122
282,2025-04-08T00:00:00Z,2025-04-23T00:00:00Z,NA,2025-05-02T00:00:00Z,98,113,117.5,122
283,2025-04-15T00:00:00Z,2025-04-25T00:00:00Z,NA,2025-05-02T00:00:00Z,105,115,118.5,122
284,2025-04-15T00:00:00Z,2025-04-25T00:00:00Z,2025-05-02T00:00:00Z,2025-05-06T00:00:00Z,105,115,122,126
285,2025-04-08T00:00:00Z,2025-04-15T00:00:00Z,2025-04-29T00:00:00Z,2025-05-02T00:00:00Z,98,105,119,122
286,2025-04-08T00:00:00Z,2025-04-15T00:00:00Z,2025-04-23T00:00:00Z,2025-04-29T00:00:00Z,98,105,113,119
287,2025-04-18T00:00:00Z,2025-04-29T00:00:00Z,2025-05-02T00:00:00Z,2025-05-06T00:00:00Z,108,119,122,126
288,2025-04-15T00:00:00Z,2025-04-23T00:00:00Z,2025-04-29T00:00:00Z,2025-05-02T00:00:00Z,105,113,119,122
289,2025-04-04T00:00:00Z,2025-04-15T00:00:00Z,2025-04-18T00:00:00Z,2025-04-29T00:00:00Z,94,105,108,119
290,2025-04-04T00:00:00Z,2025-04-23T00:00:00Z,2025-04-29T00:00:00Z,2025-05-02T00:00:00Z,94,113,119,122
291,2025-04-04T00:00:00Z,2025-04-15T00:00:00Z,2025-04-23T00:00:00Z,2025-04-29T00:00:00Z,94,105,113,119
292,2025-04-08T00:00:00Z,2025-04-23T00:00:00Z,2025-04-29T00:00:00Z,2025-05-02T00:00:00Z,98,113,119,122
293,2025-04-04T00:00:00Z,2025-04-15T00:00:00Z,2025-04-18T00:00:00Z,2025-04-29T00:00:00Z,94,105,108,119
294,2025-04-08T00:00:00Z,2025-04-15T00:00:00Z,2025-04-25T00:00:00Z,2025-05-02T00:00:00Z,98,105,115,122
295,2025-04-11T00:00:00Z,2025-04-23T00:00:00Z,2025-05-02T00:00:00Z,2025-05-06T00:00:00Z,101,113,122,126
296,2025-04-04T00:00:00Z,2025-04-08T00:00:00Z,2025-04-13T00:00:00Z,2025-04-23T00:00:00Z,94,98,103,113
297,2025-04-15T00:00:00Z,2025-04-23T00:00:00Z,2025-04-29T00:00:00Z,2025-05-02T00:00:00Z,105,113,119,122
298,2025-04-15T00:00:00Z,2025-04-18T00:00:00Z,2025-04-29T00:00:00Z,2025-05-02T00:00:00Z,105,108,119,122
299,2025-04-08T00:00:00Z,2025-04-23T00:00:00Z,NA,2025-04-29T00:00:00Z,98,113,116,119
300,2025-04-15T00:00:00Z,2025-04-18T00:00:00Z,2025-04-23T00:00:00Z,2025-04-25T00:00:00Z,105,108,113,115
301,2025-04-15T00:00:00Z,2025-04-23T00:00:00Z,2025-04-29T00:00:00Z,2025-05-02T00:00:00Z,105,113,119,122
302,2025-04-01T00:00:00Z,2025-04-15T00:00:00Z,2025-04-23T00:00:00Z,2025-04-29T00:00:00Z,91,105,113,119
303,2025-04-15T00:00:00Z,2025-04-23T00:00:00Z,2025-04-29T00:00:00Z,2025-05-02T00:00:00Z,105,113,119,122
304,2025-04-15T00:00:00Z,2025-04-18T00:00:00Z,2025-04-23T00:00:00Z,2025-04-25T00:00:00Z,105,108,113,115
305,2025-04-11T00:00:00Z,NA,2025-04-23T00:00:00Z,2025-04-25T00:00:00Z,101,107,113,115
306,2025-04-15T00:00:00Z,2025-04-23T00:00:00Z,2025-04-29T00:00:00Z,2025-05-02T00:00:00Z,105,113,119,122
307,2025-04-18T00:00:00Z,2025-04-25T00:00:00Z,2025-04-29T00:00:00Z,2025-05-02T00:00:00Z,108,115,119,122
308,2025-04-18T00:00:00Z,2025-04-29T00:00:00Z,2025-05-02T00:00:00Z,2025-05-06T00:00:00Z,108,119,122,126
309,2025-04-15T00:00:00Z,2025-04-23T00:00:00Z,2025-04-25T00:00:00Z,2025-04-29T00:00:00Z,105,113,115,119
310,2025-04-15T00:00:00Z,NA,2025-04-23T00:00:00Z,2025-04-29T00:00:00Z,105,109,113,119
311,2025-04-23T00:00:00Z,2025-04-29T00:00:00Z,2025-05-02T00:00:00Z,2025-05-06T00:00:00Z,113,119,122,126
312,2025-04-11T00:00:00Z,2025-04-18T00:00:00Z,2025-04-23T00:00:00Z,2025-04-25T00:00:00Z,101,108,113,115
313,2025-04-15T00:00:00Z,2025-04-18T00:00:00Z,2025-04-29T00:00:00Z,2025-05-02T00:00:00Z,105,108,119,122
314,2025-04-18T00:00:00Z,2025-04-29T00:00:00Z,2025-05-02T00:00:00Z,2025-05-09T00:00:00Z,108,119,122,129
315,2025-04-04T00:00:00Z,2025-04-15T00:00:00Z,2025-04-18T00:00:00Z,2025-04-25T00:00:00Z,94,105,108,115
316,2025-04-25T00:00:00Z,2025-05-02T00:00:00Z,2025-05-06T00:00:00Z,2025-05-09T00:00:00Z,115,122,126,129
317,2025-04-08T00:00:00Z,2025-04-15T00:00:00Z,2025-04-29T00:00:00Z,2025-05-02T00:00:00Z,98,105,119,122
318,2025-04-15T00:00:00Z,2025-04-18T00:00:00Z,2025-04-29T00:00:00Z,2025-05-02T00:00:00Z,105,108,119,122
319,2025-04-23T00:00:00Z,NA,2025-05-02T00:00:00Z,2025-05-06T00:00:00Z,113,117.5,122,126
320,2025-04-15T00:00:00Z,2025-04-23T00:00:00Z,2025-05-02T00:00:00Z,2025-05-06T00:00:00Z,105,113,122,126
321,2025-04-15T00:00:00Z,2025-04-29T00:00:00Z,2025-05-02T00:00:00Z,2025-05-06T00:00:00Z,105,119,122,126
322,2025-04-11T00:00:00Z,2025-04-15T00:00:00Z,NA,2025-04-23T00:00:00Z,101,105,109,113
323,2025-04-15T00:00:00Z,2025-04-18T00:00:00Z,2025-04-23T00:00:00Z,2025-04-29T00:00:00Z,105,108,113,119
324,2025-04-11T00:00:00Z,2025-04-18T00:00:00Z,2025-04-23T00:00:00Z,2025-04-25T00:00:00Z,101,108,113,115
325,2025-04-29T00:00:00Z,NA,2025-05-02T00:00:00Z,2025-05-06T00:00:00Z,119,120.5,122,126
326,2025-04-15T00:00:00Z,2025-04-23T00:00:00Z,2025-04-25T00:00:00Z,2025-05-02T00:00:00Z,105,113,115,122
327,2025-04-15T00:00:00Z,2025-04-23T00:00:00Z,2025-04-29T00:00:00Z,2025-05-02T00:00:00Z,105,113,119,122
328,2025-04-15T00:00:00Z,2025-04-18T00:00:00Z,2025-04-23T00:00:00Z,2025-04-29T00:00:00Z,105,108,113,119
329,2025-04-08T00:00:00Z,2025-04-15T00:00:00Z,2025-04-18T00:00:00Z,2025-04-29T00:00:00Z,98,105,108,119
330,2025-04-29T00:00:00Z,2025-05-02T00:00:00Z,2025-05-06T00:00:00Z,2025-05-09T00:00:00Z,119,122,126,129
331,2025-04-11T00:00:00Z,2025-04-15T00:00:00Z,2025-04-29T00:00:00Z,2025-05-02T00:00:00Z,101,105,119,122
332,2025-04-15T00:00:00Z,2025-04-25T00:00:00Z,2025-05-02T00:00:00Z,2025-05-06T00:00:00Z,105,115,122,126
333,2025-04-15T00:00:00Z,2025-04-23T00:00:00Z,2025-04-29T00:00:00Z,2025-05-06T00:00:00Z,105,113,119,126
334,2025-04-11T00:00:00Z,2025-04-15T00:00:00Z,2025-04-18T00:00:00Z,2025-04-25T00:00:00Z,101,105,108,115
335,2025-04-15T00:00:00Z,2025-04-18T00:00:00Z,2025-05-02T00:00:00Z,2025-05-06T00:00:00Z,105,108,122,126
336,2025-04-29T00:00:00Z,NA,2025-05-02T00:00:00Z,2025-05-06T00:00:00Z,119,120.5,122,126
337,2025-04-15T00:00:00Z,2025-04-23T00:00:00Z,2025-04-25T00:00:00Z,2025-04-29T00:00:00Z,105,113,115,119
338,2025-04-15T00:00:00Z,2025-04-23T00:00:00Z,2025-04-29T00:00:00Z,2025-05-02T00:00:00Z,105,113,119,122
339,2025-04-08T00:00:00Z,2025-04-18T00:00:00Z,2025-04-25T00:00:00Z,2025-05-02T00:00:00Z,98,108,115,122
340,2025-04-15T00:00:00Z,2025-04-18T00:00:00Z,2025-04-23T00:00:00Z,2025-04-29T00:00:00Z,105,108,113,119
341,2025-04-15T00:00:00Z,2025-04-23T00:00:00Z,2025-04-29T00:00:00Z,2025-05-02T00:00:00Z,105,113,119,122
342,2025-04-04T00:00:00Z,2025-04-15T00:00:00Z,2025-04-18T00:00:00Z,2025-04-25T00:00:00Z,94,105,108,115
343,2025-04-04T00:00:00Z,2025-04-11T00:00:00Z,2025-04-18T00:00:00Z,2025-05-02T00:00:00Z,94,101,108,122
344,2025-04-15T00:00:00Z,2025-04-23T00:00:00Z,2025-04-29T00:00:00Z,2025-05-02T00:00:00Z,105,113,119,122
345,2025-04-11T00:00:00Z,2025-04-15T00:00:00Z,2025-04-18T00:00:00Z,2025-04-23T00:00:00Z,101,105,108,113
346,2025-04-15T00:00:00Z,2025-04-23T00:00:00Z,2025-04-25T00:00:00Z,2025-04-29T00:00:00Z,105,113,115,119
347,2025-04-15T00:00:00Z,2025-04-18T00:00:00Z,2025-04-23T00:00:00Z,2025-04-29T00:00:00Z,105,108,113,119
348,2025-04-15T00:00:00Z,2025-04-23T00:00:00Z,2025-04-25T00:00:00Z,2025-04-29T00:00:00Z,105,113,115,119
349,2025-04-15T00:00:00Z,2025-04-18T00:00:00Z,2025-04-23T00:00:00Z,2025-04-25T00:00:00Z,105,108,113,115
350,2025-04-15T00:00:00Z,2025-04-18T00:00:00Z,2025-04-23T00:00:00Z,2025-04-25T00:00:00Z,105,108,113,115
351,2025-04-15T00:00:00Z,2025-04-23T00:00:00Z,2025-04-29T00:00:00Z,2025-05-02T00:00:00Z,105,113,119,122
352,2025-04-15T00:00:00Z,2025-04-18T00:00:00Z,2025-04-23T00:00:00Z,2025-04-29T00:00:00Z,105,108,113,119
353,2025-04-15T00:00:00Z,NA,2025-04-23T00:00:00Z,2025-04-29T00:00:00Z,105,109,113,119
354,2025-04-08T00:00:00Z,2025-04-15T00:00:00Z,2025-04-18T00:00:00Z,2025-04-23T00:00:00Z,98,105,108,113
355,2025-04-15T00:00:00Z,NA,2025-04-23T00:00:00Z,2025-04-29T00:00:00Z,105,109,113,119
356,2025-04-23T00:00:00Z,2025-04-25T00:00:00Z,2025-05-02T00:00:00Z,2025-05-06T00:00:00Z,113,115,122,126
357,2025-04-11T00:00:00Z,NA,2025-04-15T00:00:00Z,2025-04-18T00:00:00Z,101,103,105,108
358,2025-04-25T00:00:00Z,2025-04-29T00:00:00Z,NA,2025-05-02T00:00:00Z,115,119,120.5,122
359,2025-04-15T00:00:00Z,2025-04-18T00:00:00Z,2025-04-23T00:00:00Z,2025-04-29T00:00:00Z,105,108,113,119
360,2025-04-15T00:00:00Z,2025-04-18T00:00:00Z,2025-04-23T00:00:00Z,2025-04-25T00:00:00Z,105,108,113,115
361,2025-04-15T00:00:00Z,2025-04-23T00:00:00Z,2025-04-29T00:00:00Z,2025-05-02T00:00:00Z,105,113,119,122
362,2025-04-15T00:00:00Z,2025-04-23T00:00:00Z,2025-04-29T00:00:00Z,2025-05-02T00:00:00Z,105,113,119,122
363,2025-04-08T00:00:00Z,2025-04-23T00:00:00Z,2025-04-29T00:00:00Z,2025-05-02T00:00:00Z,98,113,119,122
364,2025-04-25T00:00:00Z,2025-04-29T00:00:00Z,2025-05-02T00:00:00Z,2025-05-06T00:00:00Z,115,119,122,126
365,2025-04-11T00:00:00Z,2025-04-15T00:00:00Z,2025-04-18T00:00:00Z,2025-04-23T00:00:00Z,101,105,108,113
366,2025-04-18T00:00:00Z,2025-04-23T00:00:00Z,NA,2025-05-02T00:00:00Z,108,113,117.5,122
367,2025-04-08T00:00:00Z,2025-04-15T00:00:00Z,2025-04-18T00:00:00Z,2025-05-02T00:00:00Z,98,105,108,122
368,2025-04-11T00:00:00Z,2025-04-18T00:00:00Z,2025-04-23T00:00:00Z,2025-04-18T00:00:00Z,101,108,113,108
369,2025-04-23T00:00:00Z,2025-04-29T00:00:00Z,2025-05-02T00:00:00Z,2025-05-06T00:00:00Z,113,119,122,126
370,2025-05-02T00:00:00Z,2025-05-06T00:00:00Z,2025-05-16T00:00:00Z,2025-05-20T00:00:00Z,122,126,136,140
371,2025-04-15T00:00:00Z,2025-04-18T00:00:00Z,NA,2025-05-02T00:00:00Z,105,108,115,122
372,2025-04-15T00:00:00Z,2025-04-29T00:00:00Z,NA,2025-05-02T00:00:00Z,105,119,120.5,122
373,2025-04-18T00:00:00Z,2025-04-25T00:00:00Z,2025-04-29T00:00:00Z,2025-05-02T00:00:00Z,108,115,119,122
374,2025-04-08T00:00:00Z,2025-04-15T00:00:00Z,2025-04-23T00:00:00Z,2025-04-29T00:00:00Z,98,105,113,119
375,2025-04-18T00:00:00Z,2025-04-23T00:00:00Z,2025-04-29T00:00:00Z,2025-05-02T00:00:00Z,108,113,119,122
376,2025-04-15T00:00:00Z,2025-04-23T00:00:00Z,2025-04-29T00:00:00Z,2025-05-02T00:00:00Z,105,113,119,122
377,2025-04-29T00:00:00Z,2025-05-02T00:00:00Z,2025-05-06T00:00:00Z,2025-05-09T00:00:00Z,119,122,126,129
378,2025-05-02T00:00:00Z,2025-05-06T00:00:00Z,2025-05-09T00:00:00Z,2025-05-13T00:00:00Z,122,126,129,133
379,2025-04-15T00:00:00Z,2025-05-02T00:00:00Z,2025-05-06T00:00:00Z,2025-05-13T00:00:00Z,105,122,126,133
380,2025-05-06T00:00:00Z,2025-05-13T00:00:00Z,2025-05-16T00:00:00Z,2025-05-20T00:00:00Z,126,133,136,140
381,2025-04-11T00:00:00Z,2025-04-23T00:00:00Z,2025-05-02T00:00:00Z,2025-05-06T00:00:00Z,101,113,122,126
382,2025-05-06T00:00:00Z,2025-05-13T00:00:00Z,2025-05-16T00:00:00Z,2025-05-23T00:00:00Z,126,133,136,143
383,2025-04-08T00:00:00Z,2025-04-23T00:00:00Z,2025-04-29T00:00:00Z,2025-05-02T00:00:00Z,98,113,119,122
384,2025-04-29T00:00:00Z,2025-05-13T00:00:00Z,2025-05-16T00:00:00Z,2025-05-20T00:00:00Z,119,133,136,140
385,2025-04-15T00:00:00Z,NA,2025-04-18T00:00:00Z,2025-04-25T00:00:00Z,105,106.5,108,115
386,2025-04-08T00:00:00Z,2025-04-18T00:00:00Z,2025-04-23T00:00:00Z,2025-04-29T00:00:00Z,98,108,113,119
387,2025-04-15T00:00:00Z,2025-04-23T00:00:00Z,2025-04-25T00:00:00Z,2025-05-02T00:00:00Z,105,113,115,122
388,2025-04-15T00:00:00Z,2025-04-23T00:00:00Z,2025-04-29T00:00:00Z,2025-05-02T00:00:00Z,105,113,119,122
389,2025-04-15T00:00:00Z,2025-04-18T00:00:00Z,2025-04-23T00:00:00Z,2025-04-25T00:00:00Z,105,108,113,115
390,2025-04-11T00:00:00Z,2025-04-15T00:00:00Z,2025-04-23T00:00:00Z,2025-04-25T00:00:00Z,101,105,113,115
391,2025-04-15T00:00:00Z,2025-04-18T00:00:00Z,2025-04-23T00:00:00Z,2025-04-25T00:00:00Z,105,108,113,115
392,2025-04-18T00:00:00Z,2025-04-29T00:00:00Z,2025-05-02T00:00:00Z,2025-05-06T00:00:00Z,108,119,122,126
393,2025-04-08T00:00:00Z,2025-04-15T00:00:00Z,2025-04-18T00:00:00Z,2025-04-25T00:00:00Z,98,105,108,115
394,2025-04-01T00:00:00Z,2025-04-15T00:00:00Z,2025-04-18T00:00:00Z,2025-04-29T00:00:00Z,91,105,108,119
395,2025-04-15T00:00:00Z,2025-04-23T00:00:00Z,2025-05-02T00:00:00Z,2025-05-06T00:00:00Z,105,113,122,126
396,2025-04-01T00:00:00Z,2025-04-11T00:00:00Z,2025-04-18T00:00:00Z,2025-04-25T00:00:00Z,91,101,108,115
397,2025-04-11T00:00:00Z,2025-04-23T00:00:00Z,2025-04-25T00:00:00Z,2025-05-02T00:00:00Z,101,113,115,122
398,2025-04-04T00:00:00Z,2025-04-15T00:00:00Z,2025-04-18T00:00:00Z,2025-04-29T00:00:00Z,94,105,108,119
399,2025-04-15T00:00:00Z,2025-04-18T00:00:00Z,2025-04-25T00:00:00Z,2025-04-29T00:00:00Z,105,108,115,119
400,2025-04-08T00:00:00Z,2025-04-11T00:00:00Z,2025-04-15T00:00:00Z,2025-04-25T00:00:00Z,98,101,105,115
401,2025-04-15T00:00:00Z,2025-04-23T00:00:00Z,2025-04-25T00:00:00Z,2025-05-02T00:00:00Z,105,113,115,122
402,2025-04-15T00:00:00Z,2025-04-18T00:00:00Z,2025-05-02T00:00:00Z,2025-05-06T00:00:00Z,105,108,122,126
403,2025-04-08T00:00:00Z,2025-04-15T00:00:00Z,2025-04-25T00:00:00Z,2025-04-29T00:00:00Z,98,105,115,119
404,2025-04-15T00:00:00Z,2025-04-25T00:00:00Z,2025-04-29T00:00:00Z,2025-05-02T00:00:00Z,105,115,119,122
405,2025-04-15T00:00:00Z,2025-04-29T00:00:00Z,2025-05-02T00:00:00Z,2025-05-06T00:00:00Z,105,119,122,126
406,2025-04-18T00:00:00Z,2025-04-25T00:00:00Z,2025-05-02T00:00:00Z,2025-05-06T00:00:00Z,108,115,122,126
407,2025-04-08T00:00:00Z,2025-04-11T00:00:00Z,2025-04-23T00:00:00Z,2025-04-29T00:00:00Z,98,101,113,119
408,2025-04-23T00:00:00Z,2025-04-29T00:00:00Z,2025-05-02T00:00:00Z,2025-05-06T00:00:00Z,113,119,122,126
409,2025-04-23T00:00:00Z,2025-04-29T00:00:00Z,2025-05-02T00:00:00Z,2025-05-06T00:00:00Z,113,119,122,126
410,2025-04-15T00:00:00Z,NA,2025-05-02T00:00:00Z,2025-05-06T00:00:00Z,105,113.5,122,126
411,2025-05-06T00:00:00Z,2025-05-09T00:00:00Z,2025-05-16T00:00:00Z,2025-05-23T00:00:00Z,126,129,136,143
412,2025-04-18T00:00:00Z,2025-04-29T00:00:00Z,2025-05-02T00:00:00Z,2025-05-06T00:00:00Z,108,119,122,126
413,2025-04-15T00:00:00Z,2025-04-23T00:00:00Z,2025-04-25T00:00:00Z,2025-04-29T00:00:00Z,105,113,115,119
414,2025-04-23T00:00:00Z,2025-05-02T00:00:00Z,2025-05-06T00:00:00Z,2025-05-13T00:00:00Z,113,122,126,133
415,2025-04-08T00:00:00Z,2025-04-15T00:00:00Z,2025-04-29T00:00:00Z,2025-04-25T00:00:00Z,98,105,119,115
416,2025-04-15T00:00:00Z,NA,2025-04-23T00:00:00Z,2025-04-29T00:00:00Z,105,109,113,119
417,2025-04-08T00:00:00Z,NA,2025-04-15T00:00:00Z,2025-04-18T00:00:00Z,98,101.5,105,108
418,2025-04-11T00:00:00Z,2025-04-15T00:00:00Z,2025-04-23T00:00:00Z,2025-04-25T00:00:00Z,101,105,113,115
419,2025-04-15T00:00:00Z,2025-04-23T00:00:00Z,2025-04-25T00:00:00Z,2025-04-29T00:00:00Z,105,113,115,119
420,2025-04-15T00:00:00Z,2025-04-18T00:00:00Z,2025-04-23T00:00:00Z,2025-04-25T00:00:00Z,105,108,113,115
421,2025-04-15T00:00:00Z,2025-04-18T00:00:00Z,2025-04-23T00:00:00Z,2025-04-25T00:00:00Z,105,108,113,115
422,2025-04-15T00:00:00Z,2025-04-23T00:00:00Z,2025-04-25T00:00:00Z,2025-05-02T00:00:00Z,105,113,115,122
423,2025-04-15T00:00:00Z,2025-04-23T00:00:00Z,2025-04-25T00:00:00Z,2025-05-02T00:00:00Z,105,113,115,122
424,2025-04-15T00:00:00Z,2025-04-23T00:00:00Z,2025-04-25T00:00:00Z,2025-05-02T00:00:00Z,105,113,115,122
425,2025-04-15T00:00:00Z,2025-04-18T00:00:00Z,2025-04-23T00:00:00Z,2025-04-29T00:00:00Z,105,108,113,119
426,2025-05-02T00:00:00Z,2025-05-13T00:00:00Z,2025-05-16T00:00:00Z,2025-05-20T00:00:00Z,122,133,136,140
427,2025-04-29T00:00:00Z,2025-05-02T00:00:00Z,2025-05-06T00:00:00Z,2025-05-13T00:00:00Z,119,122,126,133
428,2025-04-15T00:00:00Z,2025-04-18T00:00:00Z,2025-04-23T00:00:00Z,2025-04-25T00:00:00Z,105,108,113,115
429,2025-04-15T00:00:00Z,NA,2025-04-23T00:00:00Z,2025-04-29T00:00:00Z,105,109,113,119
430,2025-04-23T00:00:00Z,2025-05-02T00:00:00Z,NA,2025-05-06T00:00:00Z,113,122,124,126
431,2025-04-18T00:00:00Z,2025-04-29T00:00:00Z,2025-05-02T00:00:00Z,2025-05-06T00:00:00Z,108,119,122,126
432,2025-04-25T00:00:00Z,2025-04-29T00:00:00Z,2025-05-02T00:00:00Z,2025-05-06T00:00:00Z,115,119,122,126
433,2025-04-15T00:00:00Z,2025-04-25T00:00:00Z,2025-05-02T00:00:00Z,2025-05-06T00:00:00Z,105,115,122,126
434,2025-04-15T00:00:00Z,2025-04-25T00:00:00Z,2025-05-02T00:00:00Z,2025-05-06T00:00:00Z,105,115,122,126
435,2025-04-23T00:00:00Z,2025-05-02T00:00:00Z,2025-05-06T00:00:00Z,2025-05-13T00:00:00Z,113,122,126,133
436,2025-04-18T00:00:00Z,2025-04-29T00:00:00Z,2025-05-02T00:00:00Z,2025-05-06T00:00:00Z,108,119,122,126
437,2025-04-25T00:00:00Z,2025-04-29T00:00:00Z,2025-05-02T00:00:00Z,2025-05-06T00:00:00Z,115,119,122,126
438,2025-04-15T00:00:00Z,2025-04-25T00:00:00Z,2025-05-02T00:00:00Z,2025-05-06T00:00:00Z,105,115,122,126
439,2025-04-25T00:00:00Z,2025-05-02T00:00:00Z,2025-05-09T00:00:00Z,2025-05-13T00:00:00Z,115,122,129,133
440,2025-04-15T00:00:00Z,NA,2025-04-23T00:00:00Z,2025-04-29T00:00:00Z,105,109,113,119
441,2025-04-15T00:00:00Z,2025-04-29T00:00:00Z,2025-05-02T00:00:00Z,2025-05-06T00:00:00Z,105,119,122,126
442,2025-04-23T00:00:00Z,2025-05-02T00:00:00Z,2025-05-09T00:00:00Z,2025-05-13T00:00:00Z,113,122,129,133
443,2025-04-29T00:00:00Z,2025-05-02T00:00:00Z,2025-05-06T00:00:00Z,2025-05-13T00:00:00Z,119,122,126,133
444,2025-04-18T00:00:00Z,2025-04-25T00:00:00Z,2025-05-02T00:00:00Z,2025-05-06T00:00:00Z,108,115,122,126
445,2025-05-06T00:00:00Z,2025-05-13T00:00:00Z,2025-05-23T00:00:00Z,2025-05-30T00:00:00Z,126,133,143,150
446,2025-04-11T00:00:00Z,2025-04-15T00:00:00Z,2025-04-23T00:00:00Z,2025-04-29T00:00:00Z,101,105,113,119
447,2025-04-18T00:00:00Z,2025-05-02T00:00:00Z,2025-05-06T00:00:00Z,2025-05-09T00:00:00Z,108,122,126,129
448,2025-04-08T00:00:00Z,2025-04-15T00:00:00Z,2025-05-02T00:00:00Z,2025-05-06T00:00:00Z,98,105,122,126
449,2025-04-15T00:00:00Z,2025-04-29T00:00:00Z,2025-05-02T00:00:00Z,2025-05-06T00:00:00Z,105,119,122,126
450,2025-04-15T00:00:00Z,2025-04-23T00:00:00Z,2025-05-02T00:00:00Z,2025-05-06T00:00:00Z,105,113,122,126
451,2025-04-29T00:00:00Z,2025-05-02T00:00:00Z,NA,2025-05-02T00:00:00Z,119,122,122,122
452,2025-04-08T00:00:00Z,2025-04-11T00:00:00Z,2025-04-18T00:00:00Z,2025-05-06T00:00:00Z,98,101,108,126
453,2025-04-01T00:00:00Z,2025-04-15T00:00:00Z,2025-04-18T00:00:00Z,2025-04-29T00:00:00Z,91,105,108,119
454,2025-04-11T00:00:00Z,2025-04-15T00:00:00Z,2025-04-23T00:00:00Z,2025-04-29T00:00:00Z,101,105,113,119
455,2025-04-01T00:00:00Z,2025-04-11T00:00:00Z,2025-04-15T00:00:00Z,2025-04-23T00:00:00Z,91,101,105,113
456,2025-04-04T00:00:00Z,2025-04-15T00:00:00Z,2025-04-18T00:00:00Z,2025-04-25T00:00:00Z,94,105,108,115
457,2025-04-15T00:00:00Z,2025-04-23T00:00:00Z,2025-04-25T00:00:00Z,2025-04-29T00:00:00Z,105,113,115,119
458,2025-04-15T00:00:00Z,2025-04-23T00:00:00Z,NA,2025-04-25T00:00:00Z,105,113,114,115
459,2025-04-18T00:00:00Z,2025-04-29T00:00:00Z,2025-05-02T00:00:00Z,2025-05-06T00:00:00Z,108,119,122,126
460,2025-04-15T00:00:00Z,2025-04-25T00:00:00Z,2025-04-29T00:00:00Z,2025-05-02T00:00:00Z,105,115,119,122
461,2025-04-25T00:00:00Z,2025-04-29T00:00:00Z,2025-05-02T00:00:00Z,2025-05-06T00:00:00Z,115,119,122,126
462,2025-04-11T00:00:00Z,2025-04-15T00:00:00Z,2025-04-18T00:00:00Z,2025-04-25T00:00:00Z,101,105,108,115
463,2025-04-11T00:00:00Z,2025-04-15T00:00:00Z,2025-04-18T00:00:00Z,2025-04-23T00:00:00Z,101,105,108,113
464,2025-04-18T00:00:00Z,2025-04-29T00:00:00Z,2025-05-02T00:00:00Z,2025-05-06T00:00:00Z,108,119,122,126
465,2025-04-15T00:00:00Z,2025-04-29T00:00:00Z,2025-05-02T00:00:00Z,2025-05-06T00:00:00Z,105,119,122,126
466,2025-04-15T00:00:00Z,2025-04-29T00:00:00Z,2025-05-02T00:00:00Z,2025-05-06T00:00:00Z,105,119,122,126
467,2025-04-15T00:00:00Z,2025-04-29T00:00:00Z,2025-05-02T00:00:00Z,2025-05-06T00:00:00Z,105,119,122,126
468,2025-04-15T00:00:00Z,2025-05-02T00:00:00Z,2025-05-06T00:00:00Z,2025-05-13T00:00:00Z,105,122,126,133
469,2025-04-15T00:00:00Z,2025-04-23T00:00:00Z,2025-05-02T00:00:00Z,2025-05-06T00:00:00Z,105,113,122,126
470,2025-04-08T00:00:00Z,2025-04-23T00:00:00Z,2025-04-29T00:00:00Z,2025-05-02T00:00:00Z,98,113,119,122
471,2025-04-04T00:00:00Z,2025-04-15T00:00:00Z,2025-04-29T00:00:00Z,2025-05-02T00:00:00Z,94,105,119,122
472,2025-04-11T00:00:00Z,2025-04-15T00:00:00Z,2025-04-29T00:00:00Z,2025-05-02T00:00:00Z,101,105,119,122
473,2025-04-29T00:00:00Z,2025-05-02T00:00:00Z,2025-05-06T00:00:00Z,2025-05-09T00:00:00Z,119,122,126,129
474,2025-04-15T00:00:00Z,2025-04-18T00:00:00Z,2025-04-23T00:00:00Z,2025-04-25T00:00:00Z,105,108,113,115
475,2025-04-18T00:00:00Z,2025-04-25T00:00:00Z,2025-04-29T00:00:00Z,2025-05-02T00:00:00Z,108,115,119,122
476,2025-04-15T00:00:00Z,2025-04-23T00:00:00Z,2025-04-25T00:00:00Z,2025-05-02T00:00:00Z,105,113,115,122
477,2025-04-23T00:00:00Z,2025-04-25T00:00:00Z,2025-04-29T00:00:00Z,2025-05-02T00:00:00Z,113,115,119,122
478,2025-04-11T00:00:00Z,2025-04-23T00:00:00Z,2025-04-29T00:00:00Z,2025-05-02T00:00:00Z,101,113,119,122
479,2025-04-15T00:00:00Z,2025-04-23T00:00:00Z,2025-04-25T00:00:00Z,2025-04-29T00:00:00Z,105,113,115,119
480,2025-04-11T00:00:00Z,2025-04-18T00:00:00Z,2025-04-23T00:00:00Z,2025-04-25T00:00:00Z,101,108,113,115
481,2025-04-15T00:00:00Z,2025-04-23T00:00:00Z,2025-04-25T00:00:00Z,2025-04-29T00:00:00Z,105,113,115,119
482,2025-04-15T00:00:00Z,2025-04-23T00:00:00Z,2025-04-25T00:00:00Z,2025-04-29T00:00:00Z,105,113,115,119
483,2025-04-25T00:00:00Z,2025-04-29T00:00:00Z,2025-05-02T00:00:00Z,2025-05-06T00:00:00Z,115,119,122,126
484,2025-04-15T00:00:00Z,2025-04-29T00:00:00Z,2025-05-02T00:00:00Z,2025-05-06T00:00:00Z,105,119,122,126
485,2025-04-25T00:00:00Z,2025-04-29T00:00:00Z,2025-05-02T00:00:00Z,2025-05-06T00:00:00Z,115,119,122,126
486,2025-04-23T00:00:00Z,2025-04-29T00:00:00Z,2025-05-02T00:00:00Z,2025-05-06T00:00:00Z,113,119,122,126
487,2025-04-23T00:00:00Z,2025-04-29T00:00:00Z,2025-05-02T00:00:00Z,2025-05-06T00:00:00Z,113,119,122,126
488,2025-04-11T00:00:00Z,2025-04-15T00:00:00Z,2025-04-18T00:00:00Z,2025-04-25T00:00:00Z,101,105,108,115
489,2025-04-11T00:00:00Z,2025-04-15T00:00:00Z,2025-04-25T00:00:00Z,2025-05-02T00:00:00Z,101,105,115,122
490,2025-04-11T00:00:00Z,2025-04-15T00:00:00Z,2025-04-25T00:00:00Z,2025-05-02T00:00:00Z,101,105,115,122
491,2025-04-15T00:00:00Z,2025-04-23T00:00:00Z,2025-04-29T00:00:00Z,2025-05-02T00:00:00Z,105,113,119,122
492,2025-04-15T00:00:00Z,2025-04-18T00:00:00Z,2025-05-02T00:00:00Z,2025-05-06T00:00:00Z,105,108,122,126
493,2025-04-01T00:00:00Z,2025-04-15T00:00:00Z,2025-04-18T00:00:00Z,2025-04-29T00:00:00Z,91,105,108,119
494,2025-04-01T00:00:00Z,2025-04-15T00:00:00Z,2025-04-18T00:00:00Z,2025-04-29T00:00:00Z,91,105,108,119
495,2025-04-11T00:00:00Z,2025-04-15T00:00:00Z,2025-04-18T00:00:00Z,2025-05-02T00:00:00Z,101,105,108,122
496,2025-04-04T00:00:00Z,2025-04-08T00:00:00Z,2025-04-11T00:00:00Z,2025-04-23T00:00:00Z,94,98,101,113
497,2025-04-18T00:00:00Z,NA,2025-04-29T00:00:00Z,2025-05-02T00:00:00Z,108,113.5,119,122
498,2025-04-15T00:00:00Z,2025-04-18T00:00:00Z,2025-04-23T00:00:00Z,2025-04-25T00:00:00Z,105,108,113,115
499,2025-04-23T00:00:00Z,2025-05-16T00:00:00Z,2025-05-23T00:00:00Z,2025-05-27T00:00:00Z,113,136,143,147
500,2025-04-18T00:00:00Z,2025-04-29T00:00:00Z,2025-05-02T00:00:00Z,2025-05-06T00:00:00Z,108,119,122,126
501,2025-04-18T00:00:00Z,2025-04-29T00:00:00Z,2025-05-02T00:00:00Z,2025-05-06T00:00:00Z,108,119,122,126
502,2025-04-08T00:00:00Z,2025-04-15T00:00:00Z,2025-04-29T00:00:00Z,2025-05-02T00:00:00Z,98,105,119,122
503,2025-04-08T00:00:00Z,2025-04-18T00:00:00Z,2025-05-02T00:00:00Z,2025-05-06T00:00:00Z,98,108,122,126
504,2025-04-15T00:00:00Z,2025-04-23T00:00:00Z,2025-04-25T00:00:00Z,2025-05-02T00:00:00Z,105,113,115,122
505,2025-04-01T00:00:00Z,2025-04-15T00:00:00Z,2025-04-23T00:00:00Z,2025-04-29T00:00:00Z,91,105,113,119
506,2025-04-15T00:00:00Z,2025-04-23T00:00:00Z,2025-04-25T00:00:00Z,2025-05-02T00:00:00Z,105,113,115,122
507,2025-04-23T00:00:00Z,2025-04-29T00:00:00Z,2025-05-02T00:00:00Z,2025-05-06T00:00:00Z,113,119,122,126
508,2025-04-08T00:00:00Z,2025-04-15T00:00:00Z,2025-04-25T00:00:00Z,2025-05-02T00:00:00Z,98,105,115,122
509,2025-04-08T00:00:00Z,2025-04-15T00:00:00Z,2025-04-23T00:00:00Z,2025-04-29T00:00:00Z,98,105,113,119
510,2025-04-11T00:00:00Z,NA,2025-04-23T00:00:00Z,2025-04-29T00:00:00Z,101,107,113,119
511,2025-04-23T00:00:00Z,2025-04-29T00:00:00Z,NA,2025-05-02T00:00:00Z,113,119,120.5,122
512,2025-04-08T00:00:00Z,2025-04-23T00:00:00Z,2025-04-29T00:00:00Z,2025-05-02T00:00:00Z,98,113,119,122
513,2025-04-08T00:00:00Z,2025-04-15T00:00:00Z,2025-04-25T00:00:00Z,2025-05-02T00:00:00Z,98,105,115,122
514,2025-04-15T00:00:00Z,2025-04-18T00:00:00Z,2025-04-25T00:00:00Z,2025-05-02T00:00:00Z,105,108,115,122
515,2025-04-15T00:00:00Z,2025-04-18T00:00:00Z,2025-04-25T00:00:00Z,2025-05-02T00:00:00Z,105,108,115,122
516,2025-04-04T00:00:00Z,2025-04-15T00:00:00Z,2025-04-25T00:00:00Z,2025-05-02T00:00:00Z,94,105,115,122
517,2025-04-18T00:00:00Z,2025-04-29T00:00:00Z,2025-05-02T00:00:00Z,2025-05-06T00:00:00Z,108,119,122,126
518,2025-04-04T00:00:00Z,2025-04-15T00:00:00Z,2025-04-29T00:00:00Z,2025-05-02T00:00:00Z,94,105,119,122
519,2025-04-15T00:00:00Z,2025-04-18T00:00:00Z,2025-04-29T00:00:00Z,2025-05-02T00:00:00Z,105,108,119,122
520,2025-04-08T00:00:00Z,2025-04-15T00:00:00Z,2025-04-23T00:00:00Z,2025-04-29T00:00:00Z,98,105,113,119
521,2025-04-15T00:00:00Z,2025-04-23T00:00:00Z,2025-04-25T00:00:00Z,2025-05-02T00:00:00Z,105,113,115,122
522,2025-04-18T00:00:00Z,2025-04-25T00:00:00Z,2025-04-29T00:00:00Z,2025-05-06T00:00:00Z,108,115,119,126
523,2025-04-15T00:00:00Z,2025-04-23T00:00:00Z,2025-04-29T00:00:00Z,2025-05-02T00:00:00Z,105,113,119,122
524,2025-04-18T00:00:00Z,2025-04-23T00:00:00Z,2025-04-29T00:00:00Z,2025-05-02T00:00:00Z,108,113,119,122
525,2025-04-18T00:00:00Z,2025-04-29T00:00:00Z,2025-05-02T00:00:00Z,2025-05-06T00:00:00Z,108,119,122,126
526,2025-04-15T00:00:00Z,NA,2025-04-23T00:00:00Z,2025-04-29T00:00:00Z,105,109,113,119
527,2025-04-18T00:00:00Z,2025-04-29T00:00:00Z,2025-05-02T00:00:00Z,2025-05-06T00:00:00Z,108,119,122,126
528,2025-04-11T00:00:00Z,2025-04-18T00:00:00Z,2025-04-23T00:00:00Z,2025-04-25T00:00:00Z,101,108,113,115
529,2025-04-15T00:00:00Z,2025-04-18T00:00:00Z,2025-04-23T00:00:00Z,2025-04-29T00:00:00Z,105,108,113,119
530,2025-04-18T00:00:00Z,2025-04-23T00:00:00Z,2025-04-29T00:00:00Z,2025-05-02T00:00:00Z,108,113,119,122
531,2025-04-18T00:00:00Z,2025-04-29T00:00:00Z,2025-05-02T00:00:00Z,2025-05-06T00:00:00Z,108,119,122,126
532,2025-04-25T00:00:00Z,NA,2025-05-02T00:00:00Z,2025-05-06T00:00:00Z,115,118.5,122,126
533,2025-04-11T00:00:00Z,2025-04-15T00:00:00Z,2025-04-18T00:00:00Z,2025-04-23T00:00:00Z,101,105,108,113
534,2025-04-15T00:00:00Z,2025-04-23T00:00:00Z,2025-04-25T00:00:00Z,2025-05-02T00:00:00Z,105,113,115,122
535,2025-04-15T00:00:00Z,2025-04-23T00:00:00Z,2025-04-25T00:00:00Z,2025-05-02T00:00:00Z,105,113,115,122
536,2025-04-15T00:00:00Z,2025-04-23T00:00:00Z,2025-04-25T00:00:00Z,2025-05-02T00:00:00Z,105,113,115,122
537,2025-04-15T00:00:00Z,2025-04-29T00:00:00Z,2025-05-02T00:00:00Z,2025-05-06T00:00:00Z,105,119,122,126
538,2025-05-02T00:00:00Z,2025-05-06T00:00:00Z,2025-05-13T00:00:00Z,2025-05-16T00:00:00Z,122,126,133,136
539,2025-04-29T00:00:00Z,2025-05-06T00:00:00Z,2025-05-13T00:00:00Z,2025-05-16T00:00:00Z,119,126,133,136
540,2025-04-15T00:00:00Z,2025-04-29T00:00:00Z,2025-05-02T00:00:00Z,2025-05-06T00:00:00Z,105,119,122,126
541,2025-04-18T00:00:00Z,2025-04-25T00:00:00Z,2025-05-02T00:00:00Z,2025-05-06T00:00:00Z,108,115,122,126
542,2025-04-01T00:00:00Z,2025-04-15T00:00:00Z,2025-04-18T00:00:00Z,2025-04-29T00:00:00Z,91,105,108,119
543,2025-04-23T00:00:00Z,2025-05-02T00:00:00Z,2025-05-06T00:00:00Z,2025-05-13T00:00:00Z,113,122,126,133
544,2025-04-15T00:00:00Z,2025-04-25T00:00:00Z,2025-05-02T00:00:00Z,2025-05-06T00:00:00Z,105,115,122,126
545,2025-04-15T00:00:00Z,2025-04-23T00:00:00Z,2025-04-29T00:00:00Z,2025-05-02T00:00:00Z,105,113,119,122
546,2025-04-04T00:00:00Z,2025-04-15T00:00:00Z,2025-04-23T00:00:00Z,2025-05-02T00:00:00Z,94,105,113,122
547,2025-04-08T00:00:00Z,2025-04-15T00:00:00Z,2025-04-25T00:00:00Z,2025-05-02T00:00:00Z,98,105,115,122
548,2025-04-15T00:00:00Z,2025-04-18T00:00:00Z,2025-04-23T00:00:00Z,2025-04-25T00:00:00Z,105,108,113,115
549,2025-04-15T00:00:00Z,2025-04-23T00:00:00Z,2025-04-29T00:00:00Z,2025-05-02T00:00:00Z,105,113,119,122
550,2025-04-11T00:00:00Z,2025-04-15T00:00:00Z,2025-04-29T00:00:00Z,2025-05-02T00:00:00Z,101,105,119,122
551,2025-04-15T00:00:00Z,2025-04-23T00:00:00Z,2025-05-02T00:00:00Z,2025-05-06T00:00:00Z,105,113,122,126
552,2025-04-08T00:00:00Z,NA,2025-04-15T00:00:00Z,2025-04-23T00:00:00Z,98,101.5,105,113
553,2025-04-23T00:00:00Z,2025-04-29T00:00:00Z,2025-05-02T00:00:00Z,2025-05-06T00:00:00Z,113,119,122,126
554,2025-04-23T00:00:00Z,2025-04-29T00:00:00Z,2025-05-02T00:00:00Z,2025-05-06T00:00:00Z,113,119,122,126
555,2025-04-18T00:00:00Z,2025-04-29T00:00:00Z,2025-05-02T00:00:00Z,2025-05-06T00:00:00Z,108,119,122,126
556,2025-04-23T00:00:00Z,2025-04-29T00:00:00Z,2025-05-02T00:00:00Z,2025-05-06T00:00:00Z,113,119,122,126
557,2025-04-25T00:00:00Z,2025-04-29T00:00:00Z,2025-05-02T00:00:00Z,2025-05-06T00:00:00Z,115,119,122,126
558,2025-04-25T00:00:00Z,NA,2025-05-02T00:00:00Z,2025-05-06T00:00:00Z,115,118.5,122,126
559,2025-04-15T00:00:00Z,NA,2025-04-23T00:00:00Z,2025-04-29T00:00:00Z,105,109,113,119
560,2025-04-23T00:00:00Z,2025-04-25T00:00:00Z,2025-04-29T00:00:00Z,2025-05-02T00:00:00Z,113,115,119,122
561,2025-04-15T00:00:00Z,2025-04-23T00:00:00Z,2025-04-29T00:00:00Z,2025-05-02T00:00:00Z,105,113,119,122
562,2025-04-11T00:00:00Z,2025-04-15T00:00:00Z,2025-05-02T00:00:00Z,2025-05-06T00:00:00Z,101,105,122,126
563,2025-04-15T00:00:00Z,2025-04-23T00:00:00Z,2025-05-02T00:00:00Z,2025-05-06T00:00:00Z,105,113,122,126
564,2025-04-18T00:00:00Z,2025-04-23T00:00:00Z,2025-04-29T00:00:00Z,2025-05-02T00:00:00Z,108,113,119,122
565,2025-04-25T00:00:00Z,NA,2025-05-02T00:00:00Z,2025-05-06T00:00:00Z,115,118.5,122,126
566,2025-04-23T00:00:00Z,2025-04-29T00:00:00Z,2025-05-02T00:00:00Z,2025-05-06T00:00:00Z,113,119,122,126
567,2025-04-25T00:00:00Z,2025-05-02T00:00:00Z,2025-05-06T00:00:00Z,2025-05-13T00:00:00Z,115,122,126,133
568,2025-04-18T00:00:00Z,2025-04-29T00:00:00Z,2025-05-02T00:00:00Z,2025-05-06T00:00:00Z,108,119,122,126
569,2025-04-08T00:00:00Z,2025-04-15T00:00:00Z,2025-04-18T00:00:00Z,2025-05-02T00:00:00Z,98,105,108,122
570,2025-04-15T00:00:00Z,2025-04-29T00:00:00Z,2025-05-02T00:00:00Z,2025-05-06T00:00:00Z,105,119,122,126
571,2025-04-23T00:00:00Z,2025-04-29T00:00:00Z,2025-05-02T00:00:00Z,2025-05-06T00:00:00Z,113,119,122,126
572,2025-04-04T00:00:00Z,2025-04-11T00:00:00Z,2025-04-18T00:00:00Z,2025-04-29T00:00:00Z,94,101,108,119
573,2025-04-15T00:00:00Z,2025-05-02T00:00:00Z,2025-05-06T00:00:00Z,2025-05-09T00:00:00Z,105,122,126,129
574,2025-04-08T00:00:00Z,2025-04-18T00:00:00Z,2025-04-25T00:00:00Z,2025-04-29T00:00:00Z,98,108,115,119
575,2025-04-08T00:00:00Z,2025-04-15T00:00:00Z,2025-04-29T00:00:00Z,2025-05-02T00:00:00Z,98,105,119,122
576,2025-04-08T00:00:00Z,2025-04-15T00:00:00Z,2025-04-25T00:00:00Z,2025-05-02T00:00:00Z,98,105,115,122
NA,NA,NA,NA,NA,NA,NA,NA,NA
601,2025-04-01T00:00:00Z,2025-04-08T00:00:00Z,2025-04-11T00:00:00Z,2025-04-15T00:00:00Z,91,98,101,105
602,2025-04-01T00:00:00Z,2025-04-08T00:00:00Z,2025-04-15T00:00:00Z,2025-04-18T00:00:00Z,91,98,105,108
603,2025-04-01T00:00:00Z,2025-04-08T00:00:00Z,2025-04-15T00:00:00Z,2025-04-18T00:00:00Z,91,98,105,108
604,2025-04-01T00:00:00Z,2025-04-08T00:00:00Z,2025-04-11T00:00:00Z,2025-04-15T00:00:00Z,91,98,101,105
605,2025-04-01T00:00:00Z,2025-04-08T00:00:00Z,2025-04-11T00:00:00Z,2025-04-18T00:00:00Z,91,98,101,108
606,2025-04-01T00:00:00Z,2025-04-08T00:00:00Z,2025-04-15T00:00:00Z,2025-04-23T00:00:00Z,91,98,105,113
607,2025-04-01T00:00:00Z,2025-04-04T00:00:00Z,2025-04-08T00:00:00Z,2025-04-15T00:00:00Z,91,94,98,105
608,2025-04-01T00:00:00Z,2025-04-08T00:00:00Z,2025-04-11T00:00:00Z,2025-04-15T00:00:00Z,91,98,101,105
609,2025-04-01T00:00:00Z,2025-04-08T00:00:00Z,2025-04-15T00:00:00Z,2025-04-18T00:00:00Z,91,98,105,108
610,2025-04-01T00:00:00Z,2025-04-08T00:00:00Z,2025-04-11T00:00:00Z,2025-04-15T00:00:00Z,91,98,101,105
611,2025-04-01T00:00:00Z,2025-04-08T00:00:00Z,2025-04-11T00:00:00Z,2025-04-15T00:00:00Z,91,98,101,105
612,2025-04-01T00:00:00Z,2025-04-08T00:00:00Z,2025-04-15T00:00:00Z,2025-04-18T00:00:00Z,91,98,105,108
613,2025-04-01T00:00:00Z,2025-04-08T00:00:00Z,2025-04-15T00:00:00Z,2025-04-23T00:00:00Z,91,98,105,113
614,2025-04-01T00:00:00Z,2025-04-08T00:00:00Z,2025-04-15T00:00:00Z,2025-04-18T00:00:00Z,91,98,105,108
615,2025-04-01T00:00:00Z,2025-04-08T00:00:00Z,2025-04-15T00:00:00Z,2025-04-18T00:00:00Z,91,98,105,108
616,2025-04-01T00:00:00Z,2025-04-08T00:00:00Z,2025-04-15T00:00:00Z,2025-04-18T00:00:00Z,91,98,105,108
617,2025-04-01T00:00:00Z,2025-04-08T00:00:00Z,2025-04-11T00:00:00Z,2025-04-18T00:00:00Z,91,98,101,108
618,2025-04-01T00:00:00Z,2025-04-08T00:00:00Z,2025-04-11T00:00:00Z,2025-04-15T00:00:00Z,91,98,101,105
619,2025-04-01T00:00:00Z,2025-04-08T00:00:00Z,2025-04-15T00:00:00Z,2025-04-25T00:00:00Z,91,98,105,115
620,2025-04-01T00:00:00Z,2025-04-08T00:00:00Z,2025-04-15T00:00:00Z,2025-04-18T00:00:00Z,91,98,105,108
621,2025-04-01T00:00:00Z,2025-04-08T00:00:00Z,2025-04-15T00:00:00Z,2025-04-23T00:00:00Z,91,98,105,113
622,2025-04-01T00:00:00Z,2025-04-08T00:00:00Z,2025-04-11T00:00:00Z,2025-04-18T00:00:00Z,91,98,101,108
623,2025-04-01T00:00:00Z,2025-04-08T00:00:00Z,2025-04-15T00:00:00Z,2025-04-18T00:00:00Z,91,98,105,108
624,2025-04-01T00:00:00Z,2025-04-08T00:00:00Z,2025-04-11T00:00:00Z,2025-04-15T00:00:00Z,91,98,101,105
625,2025-04-01T00:00:00Z,2025-04-08T00:00:00Z,2025-04-15T00:00:00Z,2025-04-18T00:00:00Z,91,98,105,108
626,2025-04-01T00:00:00Z,2025-04-08T00:00:00Z,2025-04-15T00:00:00Z,2025-04-18T00:00:00Z,91,98,105,108
627,2025-04-01T00:00:00Z,2025-04-08T00:00:00Z,2025-04-15T00:00:00Z,2025-04-18T00:00:00Z,91,98,105,108
628,2025-04-01T00:00:00Z,2025-04-08T00:00:00Z,2025-04-11T00:00:00Z,2025-04-15T00:00:00Z,91,98,101,105
629,2025-04-01T00:00:00Z,2025-04-08T00:00:00Z,2025-04-11T00:00:00Z,2025-04-15T00:00:00Z,91,98,101,105
630,2025-04-01T00:00:00Z,2025-04-08T00:00:00Z,2025-04-11T00:00:00Z,2025-04-15T00:00:00Z,91,98,101,105
631,2025-04-01T00:00:00Z,2025-04-04T00:00:00Z,2025-04-08T00:00:00Z,2025-04-15T00:00:00Z,91,94,98,105
632,2025-04-01T00:00:00Z,2025-04-08T00:00:00Z,2025-04-15T00:00:00Z,2025-04-18T00:00:00Z,91,98,105,108
633,2025-04-01T00:00:00Z,2025-04-08T00:00:00Z,2025-04-11T00:00:00Z,2025-04-18T00:00:00Z,91,98,101,108
634,2025-04-01T00:00:00Z,2025-04-08T00:00:00Z,2025-04-15T00:00:00Z,2025-04-18T00:00:00Z,91,98,105,108
635,2025-04-01T00:00:00Z,2025-04-08T00:00:00Z,2025-04-15T00:00:00Z,2025-04-18T00:00:00Z,91,98,105,108
636,2025-04-01T00:00:00Z,2025-04-04T00:00:00Z,2025-04-11T00:00:00Z,2025-04-15T00:00:00Z,91,94,101,105
637,2025-04-01T00:00:00Z,2025-04-08T00:00:00Z,2025-04-11T00:00:00Z,2025-04-18T00:00:00Z,91,98,101,108
638,2025-04-01T00:00:00Z,2025-04-04T00:00:00Z,2025-04-08T00:00:00Z,2025-04-15T00:00:00Z,91,94,98,105
639,2025-04-01T00:00:00Z,2025-04-08T00:00:00Z,2025-04-11T00:00:00Z,2025-04-18T00:00:00Z,91,98,101,108
640,2025-04-01T00:00:00Z,2025-04-08T00:00:00Z,2025-04-11T00:00:00Z,2025-04-18T00:00:00Z,91,98,101,108
641,2025-04-01T00:00:00Z,2025-04-08T00:00:00Z,2025-04-11T00:00:00Z,2025-04-15T00:00:00Z,91,98,101,105
642,2025-04-01T00:00:00Z,2025-04-08T00:00:00Z,2025-04-15T00:00:00Z,2025-04-18T00:00:00Z,91,98,105,108
643,NA,NA,NA,NA,NA,NA,NA,NA
644,2025-04-08T00:00:00Z,2025-04-29T00:00:00Z,NA,NA,98,119,0,0
645,2025-04-01T00:00:00Z,2025-04-08T00:00:00Z,2025-04-15T00:00:00Z,2025-04-18T00:00:00Z,91,98,105,108
646,NA,NA,NA,NA,NA,NA,NA,NA
647,2025-04-04T00:00:00Z,2025-04-08T00:00:00Z,2025-04-15T00:00:00Z,2025-04-23T00:00:00Z,94,98,105,113
648,2025-04-01T00:00:00Z,2025-04-08T00:00:00Z,2025-04-11T00:00:00Z,2025-04-15T00:00:00Z,91,98,101,105
649,2025-04-01T00:00:00Z,2025-04-15T00:00:00Z,2025-04-23T00:00:00Z,2025-05-06T00:00:00Z,91,105,113,126
650,2025-04-01T00:00:00Z,2025-04-08T00:00:00Z,2025-04-11T00:00:00Z,2025-04-15T00:00:00Z,91,98,101,105
651,2025-04-01T00:00:00Z,2025-04-08T00:00:00Z,2025-04-11T00:00:00Z,2025-04-15T00:00:00Z,91,98,101,105
652,2025-04-01T00:00:00Z,2025-04-08T00:00:00Z,2025-04-11T00:00:00Z,2025-04-15T00:00:00Z,91,98,101,105
653,2025-04-01T00:00:00Z,2025-04-11T00:00:00Z,2025-04-15T00:00:00Z,2025-04-18T00:00:00Z,91,101,105,108
654,NA,NA,NA,NA,NA,NA,NA,NA
655,2025-04-01T00:00:00Z,2025-04-11T00:00:00Z,2025-04-15T00:00:00Z,2025-04-23T00:00:00Z,91,101,105,113
656,2025-04-01T00:00:00Z,2025-04-08T00:00:00Z,2025-04-15T00:00:00Z,2025-04-18T00:00:00Z,91,98,105,108
657,2025-04-01T00:00:00Z,2025-04-08T00:00:00Z,2025-04-11T00:00:00Z,2025-04-18T00:00:00Z,91,98,101,108
658,2025-04-01T00:00:00Z,2025-04-08T00:00:00Z,2025-04-11T00:00:00Z,2025-04-15T00:00:00Z,91,98,101,105
659,2025-04-01T00:00:00Z,2025-04-08T00:00:00Z,2025-04-11T00:00:00Z,2025-04-15T00:00:00Z,91,98,101,105
660,2025-04-01T00:00:00Z,2025-04-08T00:00:00Z,2025-04-11T00:00:00Z,2025-04-18T00:00:00Z,91,98,101,108
661,2025-04-01T00:00:00Z,2025-04-08T00:00:00Z,2025-04-11T00:00:00Z,2025-04-18T00:00:00Z,91,98,101,108
662,2025-04-01T00:00:00Z,2025-04-08T00:00:00Z,2025-04-15T00:00:00Z,2025-04-18T00:00:00Z,91,98,105,108
663,2025-04-01T00:00:00Z,2025-04-08T00:00:00Z,2025-04-15T00:00:00Z,2025-04-18T00:00:00Z,91,98,105,108
664,2025-04-01T00:00:00Z,2025-04-08T00:00:00Z,2025-04-15T00:00:00Z,2025-04-18T00:00:00Z,91,98,105,108
665,2025-04-01T00:00:00Z,2025-04-08T00:00:00Z,2025-04-11T00:00:00Z,2025-04-18T00:00:00Z,91,98,101,108
666,2025-04-01T00:00:00Z,2025-04-08T00:00:00Z,2025-04-11T00:00:00Z,2025-04-18T00:00:00Z,91,98,101,108
667,2025-04-01T00:00:00Z,2025-04-08T00:00:00Z,2025-04-11T00:00:00Z,2025-04-18T00:00:00Z,91,98,101,108
668,2025-04-01T00:00:00Z,2025-04-08T00:00:00Z,2025-04-15T00:00:00Z,2025-04-18T00:00:00Z,91,98,105,108
669,2025-04-01T00:00:00Z,2025-04-08T00:00:00Z,2025-04-08T00:00:00Z,2025-04-15T00:00:00Z,91,98,98,105
670,2025-04-01T00:00:00Z,2025-04-08T00:00:00Z,2025-04-11T00:00:00Z,2025-04-18T00:00:00Z,91,98,101,108
671,2025-04-04T00:00:00Z,2025-04-11T00:00:00Z,2025-04-15T00:00:00Z,2025-04-25T00:00:00Z,94,101,105,115
672,2025-04-01T00:00:00Z,2025-04-08T00:00:00Z,2025-04-15T00:00:00Z,2025-04-18T00:00:00Z,91,98,105,108
673,2025-04-01T00:00:00Z,2025-04-08T00:00:00Z,2025-04-11T00:00:00Z,2025-04-18T00:00:00Z,91,98,101,108
674,2025-04-01T00:00:00Z,2025-04-08T00:00:00Z,NA,2025-04-18T00:00:00Z,91,98,103,108
675,2025-04-04T00:00:00Z,2025-04-11T00:00:00Z,2025-04-18T00:00:00Z,2025-04-23T00:00:00Z,94,101,108,113
676,2025-04-01T00:00:00Z,2025-04-11T00:00:00Z,2025-04-18T00:00:00Z,2025-04-23T00:00:00Z,91,101,108,113
677,2025-04-01T00:00:00Z,2025-04-08T00:00:00Z,NA,2025-04-18T00:00:00Z,91,98,103,108
678,2025-04-01T00:00:00Z,2025-04-08T00:00:00Z,2025-04-11T00:00:00Z,2025-04-18T00:00:00Z,91,98,101,108
679,NA,NA,NA,NA,NA,NA,NA,NA
680,2025-04-01T00:00:00Z,2025-04-08T00:00:00Z,2025-04-15T00:00:00Z,2025-04-18T00:00:00Z,91,98,105,108
681,2025-04-01T00:00:00Z,2025-04-08T00:00:00Z,2025-04-15T00:00:00Z,2025-04-18T00:00:00Z,91,98,105,108
682,2025-04-01T00:00:00Z,2025-04-08T00:00:00Z,2025-04-15T00:00:00Z,2025-04-18T00:00:00Z,91,98,105,108
683,2025-04-01T00:00:00Z,2025-04-08T00:00:00Z,2025-04-11T00:00:00Z,2025-04-18T00:00:00Z,91,98,101,108
684,2025-04-01T00:00:00Z,2025-04-08T00:00:00Z,2025-04-11T00:00:00Z,2025-04-18T00:00:00Z,91,98,101,108
685,NA,NA,NA,NA,NA,NA,NA,NA
686,2025-04-01T00:00:00Z,2025-04-08T00:00:00Z,2025-04-15T00:00:00Z,2025-04-23T00:00:00Z,91,98,105,113
687,2025-04-01T00:00:00Z,2025-04-08T00:00:00Z,2025-04-15T00:00:00Z,2025-04-18T00:00:00Z,91,98,105,108
688,2025-04-04T00:00:00Z,2025-04-08T00:00:00Z,2025-04-18T00:00:00Z,2025-04-29T00:00:00Z,94,98,108,119
689,2025-04-04T00:00:00Z,2025-04-08T00:00:00Z,2025-04-11T00:00:00Z,2025-04-18T00:00:00Z,94,98,101,108
690,2025-04-11T00:00:00Z,2025-04-18T00:00:00Z,2025-04-23T00:00:00Z,2025-05-02T00:00:00Z,101,108,113,122
691,2025-04-01T00:00:00Z,2025-04-11T00:00:00Z,2025-04-23T00:00:00Z,2025-04-25T00:00:00Z,91,101,113,115
692,2025-04-01T00:00:00Z,2025-04-08T00:00:00Z,2025-04-15T00:00:00Z,2025-04-18T00:00:00Z,91,98,105,108
693,2025-04-01T00:00:00Z,2025-04-08T00:00:00Z,2025-04-11T00:00:00Z,2025-04-18T00:00:00Z,91,98,101,108
694,2025-04-01T00:00:00Z,2025-04-08T00:00:00Z,2025-04-11T00:00:00Z,2025-04-18T00:00:00Z,91,98,101,108
695,2025-04-01T00:00:00Z,2025-04-08T00:00:00Z,2025-04-11T00:00:00Z,2025-04-18T00:00:00Z,91,98,101,108
696,NA,NA,NA,NA,NA,NA,NA,NA
697,2025-04-11T00:00:00Z,NA,2025-04-29T00:00:00Z,2025-05-02T00:00:00Z,101,110,119,122
698,2025-04-08T00:00:00Z,2025-04-11T00:00:00Z,NA,NA,98,101,NA,NA
699,2025-04-01T00:00:00Z,2025-04-08T00:00:00Z,2025-04-11T00:00:00Z,2025-04-18T00:00:00Z,91,98,101,108
700,2025-04-01T00:00:00Z,2025-04-08T00:00:00Z,2025-04-15T00:00:00Z,2025-04-23T00:00:00Z,91,98,105,113
701,2025-04-01T00:00:00Z,2025-04-08T00:00:00Z,2025-04-15T00:00:00Z,2025-04-18T00:00:00Z,91,98,105,108
702,2025-04-01T00:00:00Z,2025-04-08T00:00:00Z,2025-04-15T00:00:00Z,2025-04-18T00:00:00Z,91,98,105,108
703,2025-04-01T00:00:00Z,2025-04-08T00:00:00Z,2025-04-15T00:00:00Z,2025-04-18T00:00:00Z,91,98,105,108
704,2025-04-01T00:00:00Z,2025-04-08T00:00:00Z,2025-04-15T00:00:00Z,2025-04-18T00:00:00Z,91,98,105,108
705,2025-04-01T00:00:00Z,2025-04-08T00:00:00Z,2025-04-15T00:00:00Z,2025-04-18T00:00:00Z,91,98,105,108
706,2025-04-01T00:00:00Z,2025-04-08T00:00:00Z,2025-04-11T00:00:00Z,2025-04-18T00:00:00Z,91,98,101,108
707,2025-04-01T00:00:00Z,2025-04-08T00:00:00Z,2025-04-08T00:00:00Z,2025-04-15T00:00:00Z,91,98,98,105
708,2025-04-01T00:00:00Z,2025-04-08T00:00:00Z,2025-04-11T00:00:00Z,2025-04-18T00:00:00Z,91,98,101,108
709,2025-04-01T00:00:00Z,2025-04-08T00:00:00Z,2025-04-11T00:00:00Z,2025-04-15T00:00:00Z,91,98,101,105
710,2025-04-01T00:00:00Z,2025-04-08T00:00:00Z,2025-04-11T00:00:00Z,2025-04-18T00:00:00Z,91,98,101,108
711,2025-04-01T00:00:00Z,2025-04-08T00:00:00Z,2025-04-15T00:00:00Z,2025-04-18T00:00:00Z,91,98,105,108
712,2025-04-01T00:00:00Z,2025-04-08T00:00:00Z,2025-04-15T00:00:00Z,2025-04-18T00:00:00Z,91,98,105,108
713,2025-04-01T00:00:00Z,2025-04-08T00:00:00Z,2025-04-15T00:00:00Z,2025-04-18T00:00:00Z,91,98,105,108
714,2025-04-01T00:00:00Z,2025-04-04T00:00:00Z,2025-04-08T00:00:00Z,2025-04-15T00:00:00Z,91,94,98,105
715,2025-04-01T00:00:00Z,2025-04-08T00:00:00Z,2025-04-15T00:00:00Z,2025-04-18T00:00:00Z,91,98,105,108
716,2025-04-01T00:00:00Z,2025-04-08T00:00:00Z,2025-04-15T00:00:00Z,2025-04-18T00:00:00Z,91,98,105,108
717,2025-04-01T00:00:00Z,2025-04-08T00:00:00Z,2025-04-15T00:00:00Z,2025-04-18T00:00:00Z,91,98,105,108
718,2025-04-01T00:00:00Z,2025-04-08T00:00:00Z,2025-04-11T00:00:00Z,2025-04-15T00:00:00Z,91,98,101,105
719,2025-04-01T00:00:00Z,2025-04-08T00:00:00Z,2025-04-15T00:00:00Z,2025-04-18T00:00:00Z,91,98,105,108
720,2025-04-01T00:00:00Z,2025-04-08T00:00:00Z,2025-04-11T00:00:00Z,2025-04-15T00:00:00Z,91,98,101,105
721,2025-04-01T00:00:00Z,2025-04-08T00:00:00Z,2025-04-15T00:00:00Z,2025-04-18T00:00:00Z,91,98,105,108
722,2025-04-01T00:00:00Z,2025-04-15T00:00:00Z,2025-04-18T00:00:00Z,2025-04-25T00:00:00Z,91,105,108,115
723,2025-04-11T00:00:00Z,2025-04-15T00:00:00Z,2025-04-18T00:00:00Z,2025-04-29T00:00:00Z,101,105,108,119
724,2025-04-01T00:00:00Z,2025-04-08T00:00:00Z,2025-04-15T00:00:00Z,2025-04-18T00:00:00Z,91,98,105,108
725,2025-04-08T00:00:00Z,2025-04-11T00:00:00Z,2025-04-18T00:00:00Z,2025-04-23T00:00:00Z,98,101,108,113
726,2025-04-01T00:00:00Z,2025-04-11T00:00:00Z,2025-04-18T00:00:00Z,2025-04-25T00:00:00Z,91,101,108,115
727,2025-04-01T00:00:00Z,2025-04-08T00:00:00Z,2025-04-11T00:00:00Z,2025-04-15T00:00:00Z,91,98,101,105
728,2025-04-01T00:00:00Z,2025-04-08T00:00:00Z,2025-04-15T00:00:00Z,2025-04-18T00:00:00Z,91,98,105,108
729,2025-04-01T00:00:00Z,2025-04-08T00:00:00Z,2025-04-15T00:00:00Z,2025-04-18T00:00:00Z,91,98,105,108
730,NA,NA,NA,NA,NA,NA,NA,NA
731,2025-04-01T00:00:00Z,2025-04-08T00:00:00Z,2025-04-11T00:00:00Z,2025-04-18T00:00:00Z,91,98,101,108
732,2025-04-01T00:00:00Z,2025-04-08T00:00:00Z,2025-04-15T00:00:00Z,2025-04-18T00:00:00Z,91,98,105,108
733,2025-04-01T00:00:00Z,NA,2025-04-08T00:00:00Z,2025-04-18T00:00:00Z,91,94.5,98,108
734,2025-04-01T00:00:00Z,2025-04-08T00:00:00Z,2025-04-11T00:00:00Z,2025-04-18T00:00:00Z,91,98,101,108
735,2025-04-01T00:00:00Z,2025-04-08T00:00:00Z,NA,2025-04-18T00:00:00Z,91,98,103,108
736,2025-04-01T00:00:00Z,2025-04-08T00:00:00Z,2025-04-11T00:00:00Z,2025-04-18T00:00:00Z,91,98,101,108
737,2025-04-01T00:00:00Z,2025-04-08T00:00:00Z,2025-04-11T00:00:00Z,2025-04-18T00:00:00Z,91,98,101,108
738,2025-04-01T00:00:00Z,2025-04-08T00:00:00Z,2025-04-18T00:00:00Z,2025-04-25T00:00:00Z,91,98,108,115
739,2025-04-01T00:00:00Z,2025-04-08T00:00:00Z,2025-04-15T00:00:00Z,2025-04-18T00:00:00Z,91,98,105,108
740,NA,NA,NA,NA,0,0,0,0
741,2025-04-01T00:00:00Z,2025-04-08T00:00:00Z,2025-04-11T00:00:00Z,2025-04-18T00:00:00Z,91,98,101,108
742,NA,NA,NA,NA,0,0,0,0
743,2025-04-01T00:00:00Z,2025-04-08T00:00:00Z,2025-04-11T00:00:00Z,2025-04-18T00:00:00Z,91,98,101,108
744,2025-04-01T00:00:00Z,2025-04-04T00:00:00Z,2025-04-08T00:00:00Z,2025-04-15T00:00:00Z,91,94,98,105
745,2025-04-04T00:00:00Z,2025-04-08T00:00:00Z,2025-04-18T00:00:00Z,2025-04-23T00:00:00Z,94,98,108,113
746,2025-04-01T00:00:00Z,2025-04-08T00:00:00Z,2025-04-11T00:00:00Z,2025-04-18T00:00:00Z,91,98,101,108
747,2025-04-01T00:00:00Z,2025-04-04T00:00:00Z,2025-04-11T00:00:00Z,2025-04-15T00:00:00Z,91,94,101,105
748,2025-04-04T00:00:00Z,2025-04-08T00:00:00Z,2025-04-11T00:00:00Z,2025-04-18T00:00:00Z,94,98,101,108
749,2025-04-04T00:00:00Z,2025-04-08T00:00:00Z,2025-04-11T00:00:00Z,2025-04-18T00:00:00Z,94,98,101,108
750,2025-04-04T00:00:00Z,2025-04-08T00:00:00Z,2025-04-18T00:00:00Z,2025-04-25T00:00:00Z,94,98,108,115
751,2025-04-01T00:00:00Z,2025-04-08T00:00:00Z,2025-04-11T00:00:00Z,2025-04-15T00:00:00Z,91,98,101,105
752,2025-04-01T00:00:00Z,2025-04-08T00:00:00Z,2025-04-15T00:00:00Z,2025-04-18T00:00:00Z,91,98,105,108
753,2025-04-01T00:00:00Z,2025-04-08T00:00:00Z,2025-04-15T00:00:00Z,2025-04-18T00:00:00Z,91,98,105,108
754,2025-04-01T00:00:00Z,2025-04-08T00:00:00Z,2025-04-11T00:00:00Z,2025-04-15T00:00:00Z,91,98,101,105
755,2025-04-01T00:00:00Z,2025-04-08T00:00:00Z,2025-04-15T00:00:00Z,2025-04-18T00:00:00Z,91,98,105,108
756,2025-04-01T00:00:00Z,2025-04-08T00:00:00Z,2025-04-15T00:00:00Z,2025-04-18T00:00:00Z,91,98,105,108
757,2025-04-01T00:00:00Z,2025-04-08T00:00:00Z,2025-04-15T00:00:00Z,2025-04-18T00:00:00Z,91,98,105,108
758,2025-04-04T00:00:00Z,2025-04-08T00:00:00Z,2025-04-15T00:00:00Z,2025-04-18T00:00:00Z,94,98,105,108
759,2025-04-01T00:00:00Z,2025-04-08T00:00:00Z,2025-04-11T00:00:00Z,2025-04-18T00:00:00Z,91,98,101,108
760,2025-04-01T00:00:00Z,2025-04-04T00:00:00Z,2025-04-11T00:00:00Z,2025-04-15T00:00:00Z,91,94,101,105
761,2025-04-01T00:00:00Z,2025-04-08T00:00:00Z,2025-04-15T00:00:00Z,2025-04-18T00:00:00Z,91,98,105,108
762,2025-04-01T00:00:00Z,2025-04-08T00:00:00Z,2025-04-11T00:00:00Z,2025-04-15T00:00:00Z,91,98,101,105
763,2025-04-04T00:00:00Z,2025-04-11T00:00:00Z,2025-04-15T00:00:00Z,2025-04-23T00:00:00Z,94,101,105,113
764,2025-04-04T00:00:00Z,2025-04-11T00:00:00Z,2025-04-18T00:00:00Z,2025-04-29T00:00:00Z,94,101,108,119
765,2025-04-01T00:00:00Z,2025-04-08T00:00:00Z,NA,2025-04-15T00:00:00Z,91,98,101.5,105
766,2025-04-01T00:00:00Z,2025-04-08T00:00:00Z,2025-04-11T00:00:00Z,2025-04-18T00:00:00Z,91,98,101,108
767,2025-04-01T00:00:00Z,2025-04-08T00:00:00Z,2025-04-15T00:00:00Z,2025-04-18T00:00:00Z,91,98,105,108
768,2025-04-01T00:00:00Z,2025-04-08T00:00:00Z,2025-04-11T00:00:00Z,2025-04-15T00:00:00Z,91,98,101,105
769,2025-04-08T00:00:00Z,2025-04-11T00:00:00Z,2025-04-15T00:00:00Z,2025-04-23T00:00:00Z,98,101,105,113
770,2025-04-01T00:00:00Z,2025-04-08T00:00:00Z,2025-04-15T00:00:00Z,2025-04-18T00:00:00Z,91,98,105,108
771,2025-04-01T00:00:00Z,2025-04-01T00:00:00Z,2025-04-15T00:00:00Z,2025-04-18T00:00:00Z,91,91,105,108
772,2025-04-01T00:00:00Z,2025-04-08T00:00:00Z,2025-04-15T00:00:00Z,2025-04-18T00:00:00Z,91,98,105,108
773,2025-04-01T00:00:00Z,2025-04-08T00:00:00Z,2025-04-11T00:00:00Z,2025-04-15T00:00:00Z,91,98,101,105
774,2025-04-01T00:00:00Z,2025-04-04T00:00:00Z,2025-04-11T00:00:00Z,2025-04-18T00:00:00Z,91,94,101,108
775,2025-04-04T00:00:00Z,2025-04-11T00:00:00Z,2025-04-18T00:00:00Z,2025-04-23T00:00:00Z,94,101,108,113
776,2025-04-01T00:00:00Z,2025-04-08T00:00:00Z,2025-04-15T00:00:00Z,2025-04-18T00:00:00Z,91,98,105,108
777,2025-04-01T00:00:00Z,2025-04-11T00:00:00Z,2025-04-18T00:00:00Z,2025-04-23T00:00:00Z,91,101,108,113
778,2025-04-01T00:00:00Z,2025-04-04T00:00:00Z,2025-04-11T00:00:00Z,2025-04-15T00:00:00Z,91,94,101,105
779,2025-04-01T00:00:00Z,2025-04-08T00:00:00Z,2025-04-15T00:00:00Z,2025-04-18T00:00:00Z,91,98,105,108
780,2025-04-01T00:00:00Z,2025-04-08T00:00:00Z,2025-04-15T00:00:00Z,2025-04-18T00:00:00Z,91,98,105,108
781,2025-04-01T00:00:00Z,2025-04-04T00:00:00Z,2025-04-11T00:00:00Z,2025-04-15T00:00:00Z,91,94,101,105
782,2025-04-01T00:00:00Z,2025-04-08T00:00:00Z,2025-04-15T00:00:00Z,2025-04-18T00:00:00Z,91,98,105,108
783,2025-04-01T00:00:00Z,2025-04-08T00:00:00Z,2025-04-15T00:00:00Z,2025-04-18T00:00:00Z,91,98,105,108
784,2025-04-04T00:00:00Z,2025-04-08T00:00:00Z,2025-04-15T00:00:00Z,2025-04-18T00:00:00Z,94,98,105,108
785,2025-04-01T00:00:00Z,2025-04-04T00:00:00Z,2025-04-11T00:00:00Z,2025-04-15T00:00:00Z,91,94,101,105
786,2025-04-01T00:00:00Z,2025-04-11T00:00:00Z,2025-04-18T00:00:00Z,2025-04-25T00:00:00Z,91,101,108,115
787,2025-04-01T00:00:00Z,2025-04-08T00:00:00Z,2025-04-15T00:00:00Z,2025-04-18T00:00:00Z,91,98,105,108
788,2025-04-01T00:00:00Z,2025-04-04T00:00:00Z,2025-04-15T00:00:00Z,2025-04-18T00:00:00Z,91,94,105,108
789,2025-04-01T00:00:00Z,2025-04-04T00:00:00Z,2025-04-08T00:00:00Z,2025-04-15T00:00:00Z,91,94,98,105
790,2025-04-01T00:00:00Z,2025-04-08T00:00:00Z,2025-04-15T00:00:00Z,2025-04-18T00:00:00Z,91,98,105,108
791,2025-04-01T00:00:00Z,2025-04-08T00:00:00Z,2025-04-15T00:00:00Z,2025-04-18T00:00:00Z,91,98,105,108
792,2025-04-01T00:00:00Z,2025-04-04T00:00:00Z,2025-04-08T00:00:00Z,2025-04-15T00:00:00Z,91,94,98,105
793,2025-04-01T00:00:00Z,2025-04-11T00:00:00Z,2025-04-15T00:00:00Z,2025-04-18T00:00:00Z,91,101,105,108
794,2025-04-01T00:00:00Z,2025-04-11T00:00:00Z,2025-04-15T00:00:00Z,2025-04-18T00:00:00Z,91,101,105,108
795,2025-04-01T00:00:00Z,2025-04-11T00:00:00Z,2025-04-15T00:00:00Z,2025-04-18T00:00:00Z,91,101,105,108
796,2025-04-04T00:00:00Z,2025-04-08T00:00:00Z,2025-04-15T00:00:00Z,2025-04-18T00:00:00Z,94,98,105,108
797,2025-04-01T00:00:00Z,2025-04-08T00:00:00Z,2025-04-11T00:00:00Z,2025-04-15T00:00:00Z,91,98,101,105
798,2025-04-01T00:00:00Z,2025-04-08T00:00:00Z,2025-04-15T00:00:00Z,2025-04-18T00:00:00Z,91,98,105,108
799,2025-04-01T00:00:00Z,2025-04-04T00:00:00Z,2025-04-11T00:00:00Z,2025-04-15T00:00:00Z,91,94,101,105
800,2025-04-04T00:00:00Z,2025-04-11T00:00:00Z,2025-04-15T00:00:00Z,2025-04-18T00:00:00Z,94,101,105,108
801,2025-04-01T00:00:00Z,2025-04-08T00:00:00Z,2025-04-15T00:00:00Z,2025-04-18T00:00:00Z,91,98,105,108
802,2025-04-01T00:00:00Z,2025-04-08T00:00:00Z,2025-04-15T00:00:00Z,2025-04-18T00:00:00Z,91,98,105,108
803,2025-04-01T00:00:00Z,2025-04-08T00:00:00Z,2025-04-15T00:00:00Z,2025-04-18T00:00:00Z,91,98,105,108
804,2025-04-01T00:00:00Z,2025-04-08T00:00:00Z,2025-04-11T00:00:00Z,2025-04-15T00:00:00Z,91,98,101,105
805,2025-04-01T00:00:00Z,2025-04-08T00:00:00Z,2025-04-15T00:00:00Z,2025-04-18T00:00:00Z,91,98,105,108
806,2025-04-01T00:00:00Z,2025-04-08T00:00:00Z,2025-04-15T00:00:00Z,2025-04-18T00:00:00Z,91,98,105,108
807,2025-04-01T00:00:00Z,2025-04-11T00:00:00Z,2025-04-15T00:00:00Z,2025-04-18T00:00:00Z,91,101,105,108
808,2025-04-01T00:00:00Z,2025-04-08T00:00:00Z,2025-04-15T00:00:00Z,2025-04-18T00:00:00Z,91,98,105,108
809,2025-04-01T00:00:00Z,2025-04-08T00:00:00Z,2025-04-15T00:00:00Z,2025-04-18T00:00:00Z,91,98,105,108
810,2025-04-01T00:00:00Z,2025-04-04T00:00:00Z,2025-04-15T00:00:00Z,2025-04-18T00:00:00Z,91,94,105,108
811,2025-04-01T00:00:00Z,2025-04-08T00:00:00Z,2025-04-15T00:00:00Z,2025-04-23T00:00:00Z,91,98,105,113
812,2025-04-01T00:00:00Z,2025-04-08T00:00:00Z,2025-04-11T00:00:00Z,2025-04-15T00:00:00Z,91,98,101,105
813,2025-04-01T00:00:00Z,2025-04-08T00:00:00Z,2025-04-15T00:00:00Z,2025-04-25T00:00:00Z,91,98,105,115
814,2025-04-01T00:00:00Z,2025-04-08T00:00:00Z,NA,2025-04-15T00:00:00Z,91,98,101.5,105
815,2025-04-01T00:00:00Z,2025-04-08T00:00:00Z,2025-04-11T00:00:00Z,2025-04-15T00:00:00Z,91,98,101,105
816,2025-04-01T00:00:00Z,2025-04-08T00:00:00Z,2025-04-11T00:00:00Z,2025-04-15T00:00:00Z,91,98,101,105
