id_number,date,chl
3,2025-06-06,9.6
3,2025-06-19,9.2
3,2025-07-03,8.2
3,2025-07-17,9
3,2025-07-31,8.5
3,2025-08-15,9.9
3,2025-08-28,8.2
3,2025-09-10,6.7
3,2025-09-23,7.4
3,2025-10-06,4.1
3,2025-10-20,1.9
4,2025-06-06,7.5
4,2025-06-19,9.9
4,2025-07-03,8.7
4,2025-07-17,4.7
4,2025-07-31,8.8
4,2025-08-15,8
4,2025-08-28,9.1
4,2025-09-10,6.4
4,2025-09-23,7.2
4,2025-10-06,3.8
4,2025-10-20,3.8
5,2025-06-06,10.6
5,2025-06-19,7.9
5,2025-07-03,5.9
5,2025-07-17,6.5
5,2025-07-31,8.2
5,2025-08-15,9.4
5,2025-08-28,9
5,2025-09-10,7.6
5,2025-09-23,7
5,2025-10-06,6.4
5,2025-10-20,4.9
6,2025-06-06,9.6
6,2025-06-19,8
6,2025-07-03,9.9
6,2025-07-17,6.6
6,2025-07-31,6.4
6,2025-08-15,9.5
6,2025-08-28,8.5
6,2025-09-10,8.7
6,2025-09-23,6
6,2025-10-06,5.9
6,2025-10-20,4
11,2025-06-06,9.5
11,2025-06-19,12.4
11,2025-07-03,12.3
11,2025-07-17,12.9
11,2025-07-31,11.5
11,2025-08-15,15.8
11,2025-08-28,13.5
11,2025-09-10,14.3
11,2025-09-23,7.7
11,2025-10-06,13.2
11,2025-10-20,12.3
12,2025-06-06,11.2
12,2025-06-19,16.5
12,2025-07-03,13.8
12,2025-07-17,17
12,2025-07-31,16.1
12,2025-08-15,16
12,2025-08-28,10.4
12,2025-09-10,12.8
12,2025-09-23,14.3
12,2025-10-06,13.4
12,2025-10-20,9.9
13,2025-06-06,9.7
13,2025-06-19,10
13,2025-07-03,9.6
13,2025-07-17,8.3
13,2025-07-31,10.3
13,2025-08-15,9.8
13,2025-08-28,8.9
13,2025-09-10,9.1
13,2025-09-23,9.3
13,2025-10-06,9.1
13,2025-10-20,6.8
14,2025-06-06,10.8
14,2025-06-19,18
14,2025-07-03,17
14,2025-07-17,17
14,2025-07-31,18.5
14,2025-08-15,14.1
14,2025-08-28,18
14,2025-09-10,16.6
14,2025-09-23,17.1
14,2025-10-06,19.3
14,2025-10-20,17.8
19,2025-06-06,6.8
19,2025-06-19,10.5
19,2025-07-03,12.4
19,2025-07-17,11.1
19,2025-07-31,15.7
19,2025-08-15,19.3
19,2025-08-28,19.7
19,2025-09-10,23.5
19,2025-09-23,24.6
19,2025-10-06,22.4
19,2025-10-20,24.1
20,2025-06-06,9.5
20,2025-06-19,10.1
20,2025-07-03,9.9
20,2025-07-17,9.5
20,2025-07-31,10.5
20,2025-08-15,12.1
20,2025-08-28,11.2
20,2025-09-10,9.9
20,2025-09-23,8.6
20,2025-10-06,11
20,2025-10-20,10
21,2025-06-06,12.4
21,2025-06-19,15.1
21,2025-07-03,15.5
21,2025-07-17,15.1
21,2025-07-31,9.3
21,2025-08-15,11.6
21,2025-08-28,13.3
21,2025-09-10,13.6
21,2025-09-23,13.1
21,2025-10-06,9.8
21,2025-10-20,8.2
22,2025-06-06,9.9
22,2025-06-19,14.6
22,2025-07-03,16
22,2025-07-17,16.5
22,2025-07-31,15.1
22,2025-08-15,15
22,2025-08-28,15.2
22,2025-09-10,15.6
22,2025-09-23,15.7
22,2025-10-06,16.2
22,2025-10-20,15.6
27,2025-06-06,6.6
27,2025-06-19,9.4
27,2025-07-03,10.9
27,2025-07-17,9.7
27,2025-07-31,12.8
27,2025-08-15,13.2
27,2025-08-28,8
27,2025-09-10,8.1
27,2025-09-23,7.8
27,2025-10-06,7.4
27,2025-10-20,16.9
28,2025-06-06,13.4
28,2025-06-19,13.5
28,2025-07-03,12.8
28,2025-07-17,17.1
28,2025-07-31,14.7
28,2025-08-15,18.9
28,2025-08-28,17.8
28,2025-09-10,22.7
28,2025-09-23,21.8
28,2025-10-06,21.7
28,2025-10-20,21.2
29,2025-06-06,16.1
29,2025-06-19,16.7
29,2025-07-03,19.1
29,2025-07-17,16.2
29,2025-07-31,18.8
29,2025-08-15,15.8
29,2025-08-28,19.3
29,2025-09-10,24.4
29,2025-09-23,17.8
29,2025-10-06,19
29,2025-10-20,26.9
30,2025-06-06,5.3
30,2025-06-19,11
30,2025-07-03,15.6
30,2025-07-17,18.1
30,2025-07-31,16.4
30,2025-08-15,17.3
30,2025-08-28,17.6
30,2025-09-10,23.3
30,2025-09-23,16.7
30,2025-10-06,25.9
30,2025-10-20,20.6
35,2025-06-06,16.6
35,2025-06-19,16.1
35,2025-07-03,14.5
35,2025-07-17,16.9
35,2025-07-31,20.7
35,2025-08-15,20.7
35,2025-08-28,21.3
35,2025-09-10,22.8
35,2025-09-23,24.9
35,2025-10-06,21.8
35,2025-10-20,22.2
36,2025-06-06,12.7
36,2025-06-19,14.9
36,2025-07-03,11.1
36,2025-07-17,10.8
36,2025-07-31,12.6
36,2025-08-15,14
36,2025-08-28,12.7
36,2025-09-10,16.9
36,2025-09-23,15.6
36,2025-10-06,17.4
36,2025-10-20,18.1
37,2025-06-06,12
37,2025-06-19,12.8
37,2025-07-03,11.2
37,2025-07-17,12.8
37,2025-07-31,14.1
37,2025-08-15,15.6
37,2025-08-28,16.2
37,2025-09-10,18.6
37,2025-09-23,18.6
37,2025-10-06,8.6
37,2025-10-20,6.8
38,2025-06-06,14.8
38,2025-06-19,13.7
38,2025-07-03,14.8
38,2025-07-17,15
38,2025-07-31,19.1
38,2025-08-15,20.4
38,2025-08-28,22.1
38,2025-09-10,24
38,2025-09-23,24.9
38,2025-10-06,24.8
38,2025-10-20,25
43,2025-06-06,12.5
43,2025-06-19,15.8
43,2025-07-03,18
43,2025-07-17,15
43,2025-07-31,8.5
43,2025-08-15,18.2
43,2025-08-28,17.8
43,2025-09-10,18.2
43,2025-09-23,19.3
43,2025-10-06,19.7
43,2025-10-20,19.1
44,2025-06-06,12.3
44,2025-06-19,14.6
44,2025-07-03,15.6
44,2025-07-17,13.4
44,2025-07-31,15.2
44,2025-08-15,16.5
44,2025-08-28,15.6
44,2025-09-10,14.6
44,2025-09-23,15.4
44,2025-10-06,14.7
44,2025-10-20,9.6
45,2025-06-06,12.4
45,2025-06-19,13.2
45,2025-07-03,13.7
45,2025-07-17,12.8
45,2025-07-31,11.3
45,2025-08-15,11
45,2025-08-28,10.4
45,2025-09-10,11.8
45,2025-09-23,10.2
45,2025-10-06,10.2
45,2025-10-20,8.4
46,2025-06-06,11.5
46,2025-06-19,14.3
46,2025-07-03,16.5
46,2025-07-17,17
46,2025-07-31,18.2
46,2025-08-15,16.7
46,2025-08-28,17.5
46,2025-09-10,11.1
46,2025-09-23,12
46,2025-10-06,17.9
46,2025-10-20,9.9
51,2025-06-06,13.2
51,2025-06-19,12.7
51,2025-07-03,9.6
51,2025-07-17,9.1
51,2025-07-31,8.4
51,2025-08-15,8.1
51,2025-08-28,7.5
51,2025-09-10,8.7
51,2025-09-23,10.4
51,2025-10-06,9.4
51,2025-10-20,8
52,2025-06-06,10.5
52,2025-06-19,8.9
52,2025-07-03,1.8
52,2025-07-17,1.9
52,2025-07-31,9.9
52,2025-08-15,9.5
52,2025-08-28,3.2
52,2025-09-10,7.9
52,2025-09-23,5.8
52,2025-10-06,7.1
52,2025-10-20,6.2
53,2025-06-06,11.8
53,2025-06-19,11.1
53,2025-07-03,6.8
53,2025-07-17,2.9
53,2025-07-31,7.8
53,2025-08-15,9.6
53,2025-08-28,0
53,2025-09-10,0
53,2025-09-23,0
53,2025-10-06,0
53,2025-10-20,0
54,2025-06-06,14
54,2025-06-19,11.7
54,2025-07-03,9.3
54,2025-07-17,4.9
54,2025-07-31,8.8
54,2025-08-15,3.4
54,2025-08-28,6.6
54,2025-09-10,6.5
54,2025-09-23,4.7
54,2025-10-06,6.7
54,2025-10-20,4.2
59,2025-06-06,15.7
59,2025-06-19,19.1
59,2025-07-03,10.9
59,2025-07-17,16.8
59,2025-07-31,20
59,2025-08-15,23.4
59,2025-08-28,20.8
59,2025-09-10,22.8
59,2025-09-23,25.5
59,2025-10-06,31.2
59,2025-10-20,24.6
60,2025-06-06,11.1
60,2025-06-19,13.4
60,2025-07-03,10.7
60,2025-07-17,13.5
60,2025-07-31,13.6
60,2025-08-15,16
60,2025-08-28,16.4
60,2025-09-10,20.7
60,2025-09-23,18.2
60,2025-10-06,19.2
60,2025-10-20,16.3
61,2025-06-06,5.8
61,2025-06-19,8.8
61,2025-07-03,14.6
61,2025-07-17,14.1
61,2025-07-31,5.8
61,2025-08-15,9.8
61,2025-08-28,18.7
61,2025-09-10,13.4
61,2025-09-23,17.6
61,2025-10-06,15.1
61,2025-10-20,13.4
62,2025-06-06,7.8
62,2025-06-19,15.4
62,2025-07-03,7.4
62,2025-07-17,11.5
62,2025-07-31,10.6
62,2025-08-15,13.4
62,2025-08-28,14.4
62,2025-09-10,15.9
62,2025-09-23,16.5
62,2025-10-06,15.2
62,2025-10-20,17.7
67,2025-06-06,9.4
67,2025-06-19,12.1
67,2025-07-03,6.4
67,2025-07-17,8
67,2025-07-31,8.1
67,2025-08-15,11.3
67,2025-08-28,20.7
67,2025-09-10,9.7
67,2025-09-23,11.4
67,2025-10-06,10.1
67,2025-10-20,14
68,2025-06-06,10.4
68,2025-06-19,10.1
68,2025-07-03,11
68,2025-07-17,11.9
68,2025-07-31,12.8
68,2025-08-15,8.2
68,2025-08-28,14.9
68,2025-09-10,12.8
68,2025-09-23,18.6
68,2025-10-06,17.6
68,2025-10-20,13.8
69,2025-06-06,11.9
69,2025-06-19,12.7
69,2025-07-03,8.7
69,2025-07-17,11.8
69,2025-07-31,15.1
69,2025-08-15,15
69,2025-08-28,14.4
69,2025-09-10,14.7
69,2025-09-23,16.1
69,2025-10-06,16.6
69,2025-10-20,13.7
70,2025-06-06,17.4
70,2025-06-19,18.1
70,2025-07-03,10.9
70,2025-07-17,12.4
70,2025-07-31,14
70,2025-08-15,14
70,2025-08-28,13.7
70,2025-09-10,16.5
70,2025-09-23,16.6
70,2025-10-06,18.9
70,2025-10-20,16.9
75,2025-06-06,7.9
75,2025-06-19,8
75,2025-07-03,7.4
75,2025-07-17,6.6
75,2025-07-31,6.9
75,2025-08-15,5.9
75,2025-08-28,5
75,2025-09-10,5.4
75,2025-09-23,5.3
75,2025-10-06,4.5
75,2025-10-20,3.1
76,2025-06-06,7.5
76,2025-06-19,6.8
76,2025-07-03,7.3
76,2025-07-17,6.6
76,2025-07-31,6.5
76,2025-08-15,7
76,2025-08-28,5.3
76,2025-09-10,6.2
76,2025-09-23,5
76,2025-10-06,4.4
76,2025-10-20,2
77,2025-06-06,7.1
77,2025-06-19,8.1
77,2025-07-03,6.4
77,2025-07-17,7.7
77,2025-07-31,7.8
77,2025-08-15,7.6
77,2025-08-28,7.3
77,2025-09-10,5.6
77,2025-09-23,5.7
77,2025-10-06,6.9
77,2025-10-20,1.8
78,2025-06-06,13.5
78,2025-06-19,14.3
78,2025-07-03,13.6
78,2025-07-17,10
78,2025-07-31,12.8
78,2025-08-15,9.5
78,2025-08-28,13.6
78,2025-09-10,10.7
78,2025-09-23,7.1
78,2025-10-06,8.3
78,2025-10-20,6.1
83,2025-06-06,8.8
83,2025-06-19,10.1
83,2025-07-03,8
83,2025-07-17,9.9
83,2025-07-31,12.1
83,2025-08-15,14.4
83,2025-08-28,17.7
83,2025-09-10,18.4
83,2025-09-23,21.3
83,2025-10-06,18.5
83,2025-10-20,15.3
84,2025-06-06,14
84,2025-06-19,10.9
84,2025-07-03,4.1
84,2025-07-17,2.3
84,2025-07-31,3.3
84,2025-08-15,3.1
84,2025-08-28,3.6
84,2025-09-10,0
84,2025-09-23,0
84,2025-10-06,0
84,2025-10-20,0
85,2025-06-06,9.7
85,2025-06-19,8.2
85,2025-07-03,3.7
85,2025-07-17,1.5
85,2025-07-31,2.5
85,2025-08-15,3.2
85,2025-08-28,2.9
85,2025-09-10,0
85,2025-09-23,0
85,2025-10-06,0
85,2025-10-20,0
86,2025-06-06,12.8
86,2025-06-19,14.7
86,2025-07-03,13.6
86,2025-07-17,12
86,2025-07-31,13.7
86,2025-08-15,13
86,2025-08-28,15
86,2025-09-10,15.6
86,2025-09-23,10.2
86,2025-10-06,15
86,2025-10-20,10.6
91,2025-06-06,16.5
91,2025-06-19,12.4
91,2025-07-03,10.2
91,2025-07-17,1.8
91,2025-07-31,3.4
91,2025-08-15,3
91,2025-08-28,1.6
91,2025-09-10,0
91,2025-09-23,0
91,2025-10-06,0
91,2025-10-20,0
92,2025-06-06,12.2
92,2025-06-19,10.1
92,2025-07-03,2.2
92,2025-07-17,1.9
92,2025-07-31,4.6
92,2025-08-15,3.8
92,2025-08-28,3.4
92,2025-09-10,0
92,2025-09-23,0
92,2025-10-06,0
92,2025-10-20,0
93,2025-06-06,19.3
93,2025-06-19,31.2
93,2025-07-03,5.4
93,2025-07-17,1.9
93,2025-07-31,2.2
93,2025-08-15,2.5
93,2025-08-28,1.9
93,2025-09-10,0
93,2025-09-23,0
93,2025-10-06,0
93,2025-10-20,0
94,2025-06-06,7.2
94,2025-06-19,7.7
94,2025-07-03,1.4
94,2025-07-17,1.3
94,2025-07-31,2.2
94,2025-08-15,2
94,2025-08-28,3.8
94,2025-09-10,0
94,2025-09-23,0
94,2025-10-06,0
94,2025-10-20,0
99,2025-06-06,6.9
99,2025-06-19,7.7
99,2025-07-03,10.2
99,2025-07-17,10
99,2025-07-31,9.3
99,2025-08-15,10.2
99,2025-08-28,10
99,2025-09-10,13.5
99,2025-09-23,10.8
99,2025-10-06,17.4
99,2025-10-20,11.3
100,2025-06-06,7.9
100,2025-06-19,9.8
100,2025-07-03,14.2
100,2025-07-17,13.2
100,2025-07-31,11.8
100,2025-08-15,13.5
100,2025-08-28,13.4
100,2025-09-10,12.8
100,2025-09-23,13.3
100,2025-10-06,12.4
100,2025-10-20,8.6
101,2025-06-06,10.9
101,2025-06-19,11.5
101,2025-07-03,14.1
101,2025-07-17,11.9
101,2025-07-31,11.7
101,2025-08-15,11.1
101,2025-08-28,13.4
101,2025-09-10,10
101,2025-09-23,6.9
101,2025-10-06,7.7
101,2025-10-20,4.5
102,2025-06-06,9.4
102,2025-06-19,16.1
102,2025-07-03,3.8
102,2025-07-17,7.3
102,2025-07-31,8.5
102,2025-08-15,11.3
102,2025-08-28,16.6
102,2025-09-10,17.2
102,2025-09-23,14
102,2025-10-06,14.8
102,2025-10-20,10.9
107,2025-06-06,10.8
107,2025-06-19,7.2
107,2025-07-03,7.6
107,2025-07-17,8
107,2025-07-31,6.4
107,2025-08-15,11.3
107,2025-08-28,15.5
107,2025-09-10,0
107,2025-09-23,0
107,2025-10-06,0
107,2025-10-20,0
108,2025-06-06,13.2
108,2025-06-19,11.9
108,2025-07-03,13.4
108,2025-07-17,10.8
108,2025-07-31,11.4
108,2025-08-15,10.7
108,2025-08-28,11
108,2025-09-10,9.6
108,2025-09-23,10.1
108,2025-10-06,9.1
108,2025-10-20,5.3
109,2025-06-06,15.8
109,2025-06-19,14
109,2025-07-03,12.8
109,2025-07-17,13.3
109,2025-07-31,11.8
109,2025-08-15,11.9
109,2025-08-28,5.9
109,2025-09-10,10.1
109,2025-09-23,0
109,2025-10-06,0
109,2025-10-20,0
110,2025-06-06,11.8
110,2025-06-19,11
110,2025-07-03,9.9
110,2025-07-17,9.8
110,2025-07-31,10.7
110,2025-08-15,3.6
110,2025-08-28,2.9
110,2025-09-10,0
110,2025-09-23,0
110,2025-10-06,0
110,2025-10-20,0
115,2025-06-06,3.1
115,2025-06-19,3.2
115,2025-07-03,5.6
115,2025-07-17,5.7
115,2025-07-31,5.5
115,2025-08-15,7.3
115,2025-08-28,5.7
115,2025-09-10,6.4
115,2025-09-23,7.1
115,2025-10-06,6.9
115,2025-10-20,10.4
116,2025-06-06,15.5
116,2025-06-19,16.3
116,2025-07-03,17.1
116,2025-07-17,17.6
116,2025-07-31,27
116,2025-08-15,11.3
116,2025-08-28,8.5
116,2025-09-10,15.2
116,2025-09-23,14
116,2025-10-06,21.7
116,2025-10-20,17.1
117,2025-06-06,9
117,2025-06-19,14.6
117,2025-07-03,16.8
117,2025-07-17,13.1
117,2025-07-31,15.4
117,2025-08-15,15.4
117,2025-08-28,18.2
117,2025-09-10,16.7
117,2025-09-23,16.8
117,2025-10-06,16.8
117,2025-10-20,18.9
118,2025-06-06,14.4
118,2025-06-19,14.6
118,2025-07-03,15.7
118,2025-07-17,17.5
118,2025-07-31,16.7
118,2025-08-15,17.2
118,2025-08-28,15.6
118,2025-09-10,18.1
118,2025-09-23,16.3
118,2025-10-06,15.5
118,2025-10-20,18.8
123,2025-06-06,12
123,2025-06-19,13.2
123,2025-07-03,13.7
123,2025-07-17,14.6
123,2025-07-31,14
123,2025-08-15,14
123,2025-08-28,15.2
123,2025-09-10,16.5
123,2025-09-23,16.2
123,2025-10-06,17.6
123,2025-10-20,17.8
124,2025-06-06,11.8
124,2025-06-19,15.2
124,2025-07-03,13.7
124,2025-07-17,14.2
124,2025-07-31,15.1
124,2025-08-15,13.4
124,2025-08-28,2.1
124,2025-09-10,0
124,2025-09-23,0
124,2025-10-06,0
124,2025-10-20,0
125,2025-06-06,15.7
125,2025-06-19,13.9
125,2025-07-03,14.7
125,2025-07-17,14.2
125,2025-07-31,12.9
125,2025-08-15,14.3
125,2025-08-28,3.5
125,2025-09-10,7.7
125,2025-09-23,5.3
125,2025-10-06,3.8
125,2025-10-20,5.6
126,2025-06-06,8.1
126,2025-06-19,11.8
126,2025-07-03,10.8
126,2025-07-17,15.1
126,2025-07-31,18
126,2025-08-15,12.6
126,2025-08-28,17
126,2025-09-10,20.7
126,2025-09-23,18
126,2025-10-06,21.6
126,2025-10-20,20.1
131,2025-06-06,6.6
131,2025-06-19,9.1
131,2025-07-03,8
131,2025-07-17,11.2
131,2025-07-31,11.3
131,2025-08-15,19.7
131,2025-08-28,21.2
131,2025-09-10,11.3
131,2025-09-23,18.2
131,2025-10-06,10.8
131,2025-10-20,9.9
132,2025-06-06,4.1
132,2025-06-19,8.2
132,2025-07-03,6.8
132,2025-07-17,8.9
132,2025-07-31,5.8
132,2025-08-15,12
132,2025-08-28,9.1
132,2025-09-10,8.3
132,2025-09-23,12.3
132,2025-10-06,9.5
132,2025-10-20,10.3
133,2025-06-06,9.5
133,2025-06-19,16.6
133,2025-07-03,10
133,2025-07-17,10.7
133,2025-07-31,12.5
133,2025-08-15,17.9
133,2025-08-28,12
133,2025-09-10,17.2
133,2025-09-23,20.4
133,2025-10-06,20.4
133,2025-10-20,19.3
134,2025-06-06,11
134,2025-06-19,7.9
134,2025-07-03,8.9
134,2025-07-17,9.9
134,2025-07-31,9.4
134,2025-08-15,7.8
134,2025-08-28,8.9
134,2025-09-10,9.4
134,2025-09-23,10.1
134,2025-10-06,11.1
134,2025-10-20,9.8
139,2025-06-06,9.4
139,2025-06-19,10.7
139,2025-07-03,10
139,2025-07-17,11
139,2025-07-31,12
139,2025-08-15,10.7
139,2025-08-28,12.7
139,2025-09-10,11.5
139,2025-09-23,11.1
139,2025-10-06,16.1
139,2025-10-20,11.8
140,2025-06-06,14.6
140,2025-06-19,13.5
140,2025-07-03,13.3
140,2025-07-17,11.2
140,2025-07-31,13.3
140,2025-08-15,9.1
140,2025-08-28,3.9
140,2025-09-10,0
140,2025-09-23,0
140,2025-10-06,0
140,2025-10-20,0
141,2025-06-06,14.3
141,2025-06-19,12.6
141,2025-07-03,9.9
141,2025-07-17,10.3
141,2025-07-31,9
141,2025-08-15,7.3
141,2025-08-28,0
141,2025-09-10,0
141,2025-09-23,0
141,2025-10-06,0
141,2025-10-20,0
142,2025-06-06,9
142,2025-06-19,12.4
142,2025-07-03,11.3
142,2025-07-17,13.3
142,2025-07-31,11.5
142,2025-08-15,10.8
142,2025-08-28,12.5
142,2025-09-10,12.2
142,2025-09-23,12.8
142,2025-10-06,13.2
142,2025-10-20,12.2
147,2025-06-06,13.6
147,2025-06-19,14.2
147,2025-07-03,14.6
147,2025-07-17,16.1
147,2025-07-31,17.7
147,2025-08-15,17.8
147,2025-08-28,16.8
147,2025-09-10,16.2
147,2025-09-23,14.6
147,2025-10-06,12
147,2025-10-20,10.8
148,2025-06-06,9.1
148,2025-06-19,10.8
148,2025-07-03,13.9
148,2025-07-17,12.9
148,2025-07-31,14.1
148,2025-08-15,12.1
148,2025-08-28,16.6
148,2025-09-10,12.5
148,2025-09-23,11.3
148,2025-10-06,11.6
148,2025-10-20,6.7
149,2025-06-06,12.5
149,2025-06-19,15.2
149,2025-07-03,16.1
149,2025-07-17,14.8
149,2025-07-31,15.3
149,2025-08-15,14.5
149,2025-08-28,17.2
149,2025-09-10,17
149,2025-09-23,14.5
149,2025-10-06,16.1
149,2025-10-20,14.4
150,2025-06-06,9.5
150,2025-06-19,11.7
150,2025-07-03,12.8
150,2025-07-17,12.5
150,2025-07-31,12.5
150,2025-08-15,10
150,2025-08-28,7.8
150,2025-09-10,8.2
150,2025-09-23,8.7
150,2025-10-06,8.1
150,2025-10-20,5.9
155,2025-06-06,14.9
155,2025-06-19,15.8
155,2025-07-03,9.7
155,2025-07-17,11
155,2025-07-31,14.4
155,2025-08-15,18.1
155,2025-08-28,17.8
155,2025-09-10,16.5
155,2025-09-23,10.2
155,2025-10-06,16.5
155,2025-10-20,16.7
156,2025-06-06,12.7
156,2025-06-19,12.2
156,2025-07-03,6.5
156,2025-07-17,6.8
156,2025-07-31,9.1
156,2025-08-15,12.4
156,2025-08-28,13.9
156,2025-09-10,16
156,2025-09-23,14.8
156,2025-10-06,16.9
156,2025-10-20,12.2
157,2025-06-06,15.1
157,2025-06-19,16.6
157,2025-07-03,7.8
157,2025-07-17,11.1
157,2025-07-31,17.2
157,2025-08-15,16.1
157,2025-08-28,16.6
157,2025-09-10,15.1
157,2025-09-23,17.4
157,2025-10-06,17.3
157,2025-10-20,22.1
158,2025-06-06,4.5
158,2025-06-19,5.3
158,2025-07-03,8.6
158,2025-07-17,9.8
158,2025-07-31,12.8
158,2025-08-15,12.9
158,2025-08-28,15.6
158,2025-09-10,24.5
158,2025-09-23,8
158,2025-10-06,9
158,2025-10-20,14.3
163,2025-06-06,11.5
163,2025-06-19,9.8
163,2025-07-03,9.6
163,2025-07-17,9.3
163,2025-07-31,8.4
163,2025-08-15,9.3
163,2025-08-28,6.1
163,2025-09-10,6.5
163,2025-09-23,5.6
163,2025-10-06,4.9
163,2025-10-20,3.8
164,2025-06-06,6.9
164,2025-06-19,5.8
164,2025-07-03,6.5
164,2025-07-17,7.8
164,2025-07-31,8.6
164,2025-08-15,6.9
164,2025-08-28,9.1
164,2025-09-10,8.8
164,2025-09-23,8
164,2025-10-06,8.7
164,2025-10-20,2.9
165,2025-06-06,7.8
165,2025-06-19,8.6
165,2025-07-03,8.7
165,2025-07-17,7.5
165,2025-07-31,8.3
165,2025-08-15,6.7
165,2025-08-28,6.6
165,2025-09-10,6.8
165,2025-09-23,6.6
165,2025-10-06,6
165,2025-10-20,1.8
166,2025-06-06,12.3
166,2025-06-19,9.5
166,2025-07-03,10
166,2025-07-17,9.5
166,2025-07-31,10.7
166,2025-08-15,12
166,2025-08-28,13.7
166,2025-09-10,9
166,2025-09-23,11.3
166,2025-10-06,7.2
166,2025-10-20,2.9
171,2025-06-06,15.5
171,2025-06-19,13.1
171,2025-07-03,10.4
171,2025-07-17,15.2
171,2025-07-31,16.4
171,2025-08-15,15.1
171,2025-08-28,16.4
171,2025-09-10,13.8
171,2025-09-23,18.3
171,2025-10-06,21.2
171,2025-10-20,24.1
172,2025-06-06,13.5
172,2025-06-19,12
172,2025-07-03,12.2
172,2025-07-17,7.6
172,2025-07-31,11.5
172,2025-08-15,15.4
172,2025-08-28,19.4
172,2025-09-10,7.8
172,2025-09-23,19.7
172,2025-10-06,16.3
172,2025-10-20,16.7
173,2025-06-06,9.5
173,2025-06-19,6.9
173,2025-07-03,12.8
173,2025-07-17,11.8
173,2025-07-31,14
173,2025-08-15,11.7
173,2025-08-28,8.5
173,2025-09-10,15.6
173,2025-09-23,19.6
173,2025-10-06,20.4
173,2025-10-20,17.1
174,2025-06-06,12.5
174,2025-06-19,16.9
174,2025-07-03,4.9
174,2025-07-17,7.9
174,2025-07-31,10.8
174,2025-08-15,14.4
174,2025-08-28,13.1
174,2025-09-10,10.1
174,2025-09-23,14.9
174,2025-10-06,18.5
174,2025-10-20,17.9
179,2025-06-06,16.4
179,2025-06-19,15.6
179,2025-07-03,15.6
179,2025-07-17,14.1
179,2025-07-31,16.5
179,2025-08-15,18.2
179,2025-08-28,17.6
179,2025-09-10,15.2
179,2025-09-23,14.4
179,2025-10-06,18.4
179,2025-10-20,18.6
180,2025-06-06,11.9
180,2025-06-19,11.7
180,2025-07-03,13.4
180,2025-07-17,11.6
180,2025-07-31,11.6
180,2025-08-15,12.2
180,2025-08-28,13
180,2025-09-10,8.8
180,2025-09-23,9
180,2025-10-06,6.8
180,2025-10-20,6.3
181,2025-06-06,11.2
181,2025-06-19,11.4
181,2025-07-03,11.8
181,2025-07-17,11.1
181,2025-07-31,12.9
181,2025-08-15,13.5
181,2025-08-28,9.4
181,2025-09-10,9.7
181,2025-09-23,12.9
181,2025-10-06,10.4
181,2025-10-20,6.1
182,2025-06-06,5.8
182,2025-06-19,9.9
182,2025-07-03,10.5
182,2025-07-17,10.7
182,2025-07-31,9.5
182,2025-08-15,10.7
182,2025-08-28,16.1
182,2025-09-10,8.7
182,2025-09-23,10.5
182,2025-10-06,10.7
182,2025-10-20,10.8
187,2025-06-06,9.1
187,2025-06-19,9.6
187,2025-07-03,6.2
187,2025-07-17,10.3
187,2025-07-31,9.7
187,2025-08-15,9.3
187,2025-08-28,10.2
187,2025-09-10,10.9
187,2025-09-23,15.6
187,2025-10-06,15
187,2025-10-20,13.9
188,2025-06-06,12
188,2025-06-19,10.7
188,2025-07-03,11.5
188,2025-07-17,12
188,2025-07-31,12.4
188,2025-08-15,12.8
188,2025-08-28,13.4
188,2025-09-10,15.6
188,2025-09-23,15.6
188,2025-10-06,19.2
188,2025-10-20,17.5
189,2025-06-06,7.5
189,2025-06-19,8.2
189,2025-07-03,8.2
189,2025-07-17,9.9
189,2025-07-31,10.1
189,2025-08-15,9.9
189,2025-08-28,17.8
189,2025-09-10,12.7
189,2025-09-23,15
189,2025-10-06,15.9
189,2025-10-20,17.4
190,2025-06-06,13.5
190,2025-06-19,11.5
190,2025-07-03,11.5
190,2025-07-17,14.1
190,2025-07-31,12.1
190,2025-08-15,8.8
190,2025-08-28,15.2
190,2025-09-10,18.2
190,2025-09-23,13.1
190,2025-10-06,19.1
190,2025-10-20,11.4
195,2025-06-06,12.9
195,2025-06-19,8
195,2025-07-03,5.1
195,2025-07-17,6.1
195,2025-07-31,9.6
195,2025-08-15,8
195,2025-08-28,1.9
195,2025-09-10,0
195,2025-09-23,0
195,2025-10-06,0
195,2025-10-20,0
196,2025-06-06,12.6
196,2025-06-19,9.7
196,2025-07-03,10.2
196,2025-07-17,10.5
196,2025-07-31,8.6
196,2025-08-15,10.4
196,2025-08-28,15.2
196,2025-09-10,0
196,2025-09-23,0
196,2025-10-06,0
196,2025-10-20,0
197,2025-06-06,11.1
197,2025-06-19,12.8
197,2025-07-03,12.1
197,2025-07-17,9.5
197,2025-07-31,11
197,2025-08-15,12.7
197,2025-08-28,1.9
197,2025-09-10,0
197,2025-09-23,0
197,2025-10-06,0
197,2025-10-20,0
198,2025-06-06,14.5
198,2025-06-19,11.4
198,2025-07-03,12.6
198,2025-07-17,10.5
198,2025-07-31,12.1
198,2025-08-15,13.1
198,2025-08-28,3.4
198,2025-09-10,7.5
198,2025-09-23,3.9
198,2025-10-06,0
198,2025-10-20,0
203,2025-06-06,14
203,2025-06-19,13.9
203,2025-07-03,13.5
203,2025-07-17,13.9
203,2025-07-31,13.8
203,2025-08-15,13.7
203,2025-08-28,14.8
203,2025-09-10,12.5
203,2025-09-23,12.8
203,2025-10-06,10.8
203,2025-10-20,8.2
204,2025-06-06,16.4
204,2025-06-19,14.1
204,2025-07-03,16.1
204,2025-07-17,15.6
204,2025-07-31,10.8
204,2025-08-15,15
204,2025-08-28,11.1
204,2025-09-10,10.8
204,2025-09-23,9.8
204,2025-10-06,13.3
204,2025-10-20,6.7
205,2025-06-06,16.7
205,2025-06-19,17.5
205,2025-07-03,19.1
205,2025-07-17,20.4
205,2025-07-31,20.4
205,2025-08-15,18.6
205,2025-08-28,18.6
205,2025-09-10,17.3
205,2025-09-23,18.2
205,2025-10-06,17.5
205,2025-10-20,14.3
206,2025-06-06,11.1
206,2025-06-19,14
206,2025-07-03,15
206,2025-07-17,15.8
206,2025-07-31,12.9
206,2025-08-15,14.5
206,2025-08-28,10.8
206,2025-09-10,13.7
206,2025-09-23,10.5
206,2025-10-06,10.1
206,2025-10-20,7.2
211,2025-06-06,13.3
211,2025-06-19,11.8
211,2025-07-03,14.7
211,2025-07-17,17.7
211,2025-07-31,18.6
211,2025-08-15,20.4
211,2025-08-28,17.4
211,2025-09-10,19.3
211,2025-09-23,22.1
211,2025-10-06,21.1
211,2025-10-20,19.7
212,2025-06-06,15.6
212,2025-06-19,14.2
212,2025-07-03,3.5
212,2025-07-17,10.8
212,2025-07-31,3.3
212,2025-08-15,3.2
212,2025-08-28,2.7
212,2025-09-10,0
212,2025-09-23,0
212,2025-10-06,0
212,2025-10-20,0
213,2025-06-06,21.6
213,2025-06-19,18.7
213,2025-07-03,32.7
213,2025-07-17,4.9
213,2025-07-31,15.6
213,2025-08-15,12.8
213,2025-08-28,3.5
213,2025-09-10,0
213,2025-09-23,0
213,2025-10-06,0
213,2025-10-20,0
214,2025-06-06,11.2
214,2025-06-19,13.9
214,2025-07-03,10.9
214,2025-07-17,11.5
214,2025-07-31,16.3
214,2025-08-15,17
214,2025-08-28,17.9
214,2025-09-10,18.9
214,2025-09-23,19.4
214,2025-10-06,18.9
214,2025-10-20,20.4
219,2025-06-06,6.8
219,2025-06-19,10.6
219,2025-07-03,14.6
219,2025-07-17,14
219,2025-07-31,15.4
219,2025-08-15,13.1
219,2025-08-28,19.2
219,2025-09-10,14
219,2025-09-23,16.5
219,2025-10-06,16.9
219,2025-10-20,15.6
220,2025-06-06,11
220,2025-06-19,11.4
220,2025-07-03,14.2
220,2025-07-17,15
220,2025-07-31,13.1
220,2025-08-15,15.3
220,2025-08-28,15
220,2025-09-10,15.1
220,2025-09-23,14.4
220,2025-10-06,14.6
220,2025-10-20,9.9
221,2025-06-06,10.4
221,2025-06-19,12.6
221,2025-07-03,14.3
221,2025-07-17,11.2
221,2025-07-31,14.6
221,2025-08-15,11.2
221,2025-08-28,10.3
221,2025-09-10,12.9
221,2025-09-23,12.9
221,2025-10-06,10
221,2025-10-20,5.5
222,2025-06-06,10.8
222,2025-06-19,10.8
222,2025-07-03,11.5
222,2025-07-17,8.3
222,2025-07-31,8.7
222,2025-08-15,11.7
222,2025-08-28,12.5
222,2025-09-10,13.1
222,2025-09-23,14.1
222,2025-10-06,13.9
222,2025-10-20,13.4
227,2025-06-06,7
227,2025-06-19,8
227,2025-07-03,8.1
227,2025-07-17,8
227,2025-07-31,6.1
227,2025-08-15,9
227,2025-08-28,11.3
227,2025-09-10,9.3
227,2025-09-23,8.9
227,2025-10-06,6.1
227,2025-10-20,5.1
228,2025-06-06,12.2
228,2025-06-19,9.9
228,2025-07-03,12.2
228,2025-07-17,13
228,2025-07-31,8.1
228,2025-08-15,9.4
228,2025-08-28,9.1
228,2025-09-10,6.6
228,2025-09-23,4.1
228,2025-10-06,5.8
228,2025-10-20,1.9
229,2025-06-06,11.6
229,2025-06-19,9
229,2025-07-03,8.3
229,2025-07-17,7.4
229,2025-07-31,6.7
229,2025-08-15,7.5
229,2025-08-28,6.1
229,2025-09-10,7.3
229,2025-09-23,4.8
229,2025-10-06,4.8
229,2025-10-20,3.1
230,2025-06-06,14.9
230,2025-06-19,14
230,2025-07-03,13.7
230,2025-07-17,14
230,2025-07-31,14.1
230,2025-08-15,11.1
230,2025-08-28,7.5
230,2025-09-10,6.5
230,2025-09-23,2.4
230,2025-10-06,0
230,2025-10-20,0
235,2025-06-06,11.8
235,2025-06-19,17.2
235,2025-07-03,18.9
235,2025-07-17,20.6
235,2025-07-31,21
235,2025-08-15,19.1
235,2025-08-28,20.5
235,2025-09-10,25.6
235,2025-09-23,21.1
235,2025-10-06,20.4
235,2025-10-20,20.9
236,2025-06-06,12.9
236,2025-06-19,13.4
236,2025-07-03,11.7
236,2025-07-17,12.7
236,2025-07-31,13.2
236,2025-08-15,13.4
236,2025-08-28,13.4
236,2025-09-10,9.9
236,2025-09-23,8.9
236,2025-10-06,4.5
236,2025-10-20,0
237,2025-06-06,13.9
237,2025-06-19,11.5
237,2025-07-03,11.3
237,2025-07-17,11.5
237,2025-07-31,10.4
237,2025-08-15,9.9
237,2025-08-28,7.5
237,2025-09-10,0
237,2025-09-23,0
237,2025-10-06,0
237,2025-10-20,0
238,2025-06-06,15.7
238,2025-06-19,15.5
238,2025-07-03,17.4
238,2025-07-17,16.6
238,2025-07-31,18.6
238,2025-08-15,15.9
238,2025-08-28,16.4
238,2025-09-10,19.4
238,2025-09-23,23.8
238,2025-10-06,22.5
238,2025-10-20,19.7
243,2025-06-06,10.1
243,2025-06-19,13.2
243,2025-07-03,15.5
243,2025-07-17,8.9
243,2025-07-31,12.1
243,2025-08-15,14
243,2025-08-28,12.3
243,2025-09-10,11.8
243,2025-09-23,16.4
243,2025-10-06,11.5
243,2025-10-20,16.1
244,2025-06-06,10.1
244,2025-06-19,10.2
244,2025-07-03,12.4
244,2025-07-17,11.5
244,2025-07-31,11
244,2025-08-15,10.8
244,2025-08-28,13
244,2025-09-10,14.8
244,2025-09-23,9.7
244,2025-10-06,8
244,2025-10-20,10.8
245,2025-06-06,10
245,2025-06-19,14.6
245,2025-07-03,13.1
245,2025-07-17,14.4
245,2025-07-31,13.4
245,2025-08-15,14.8
245,2025-08-28,16.9
245,2025-09-10,13.4
245,2025-09-23,10.8
245,2025-10-06,11.9
245,2025-10-20,7.7
246,2025-06-06,8.7
246,2025-06-19,11.5
246,2025-07-03,15.7
246,2025-07-17,17.5
246,2025-07-31,9.1
246,2025-08-15,19
246,2025-08-28,18.8
246,2025-09-10,17.9
246,2025-09-23,17.8
246,2025-10-06,19.3
246,2025-10-20,18.5
251,2025-06-06,11.1
251,2025-06-19,13.2
251,2025-07-03,14
251,2025-07-17,17.7
251,2025-07-31,17.8
251,2025-08-15,19.2
251,2025-08-28,19.9
251,2025-09-10,20.6
251,2025-09-23,22.9
251,2025-10-06,22.1
251,2025-10-20,18.7
252,2025-06-06,17.1
252,2025-06-19,16.9
252,2025-07-03,16.9
252,2025-07-17,17
252,2025-07-31,20.3
252,2025-08-15,19.1
252,2025-08-28,21.3
252,2025-09-10,21
252,2025-09-23,22.8
252,2025-10-06,23.3
252,2025-10-20,20.3
253,2025-06-06,13.4
253,2025-06-19,16
253,2025-07-03,17.9
253,2025-07-17,18.9
253,2025-07-31,20.3
253,2025-08-15,17.6
253,2025-08-28,19.1
253,2025-09-10,20.1
253,2025-09-23,20.3
253,2025-10-06,20.4
253,2025-10-20,19.4
254,2025-06-06,19.3
254,2025-06-19,14.2
254,2025-07-03,20.7
254,2025-07-17,20.1
254,2025-07-31,22
254,2025-08-15,20.2
254,2025-08-28,22.3
254,2025-09-10,20.7
254,2025-09-23,21.9
254,2025-10-06,29.5
254,2025-10-20,20.5
259,2025-06-06,5.9
259,2025-06-19,6.4
259,2025-07-03,18.2
259,2025-07-17,9.7
259,2025-07-31,15.8
259,2025-08-15,18.1
259,2025-08-28,17.9
259,2025-09-10,6.7
259,2025-09-23,14.5
259,2025-10-06,14.5
259,2025-10-20,17.3
260,2025-06-06,8
260,2025-06-19,10.1
260,2025-07-03,7.2
260,2025-07-17,15.8
260,2025-07-31,15.3
260,2025-08-15,21.3
260,2025-08-28,13
260,2025-09-10,19.3
260,2025-09-23,21.9
260,2025-10-06,22.5
260,2025-10-20,22.4
261,2025-06-06,12.8
261,2025-06-19,14.2
261,2025-07-03,10.3
261,2025-07-17,11.7
261,2025-07-31,15.5
261,2025-08-15,20.5
261,2025-08-28,19.5
261,2025-09-10,21.5
261,2025-09-23,15.9
261,2025-10-06,17.2
261,2025-10-20,22.2
262,2025-06-06,9.7
262,2025-06-19,13.4
262,2025-07-03,3.1
262,2025-07-17,15.3
262,2025-07-31,16.7
262,2025-08-15,20
262,2025-08-28,19.2
262,2025-09-10,15.6
262,2025-09-23,23.3
262,2025-10-06,19.5
262,2025-10-20,22.3
267,2025-06-06,16.5
267,2025-06-19,15.2
267,2025-07-03,13.3
267,2025-07-17,14.8
267,2025-07-31,20.1
267,2025-08-15,18.9
267,2025-08-28,18.4
267,2025-09-10,20.8
267,2025-09-23,20.8
267,2025-10-06,20.9
267,2025-10-20,19.7
268,2025-06-06,13.3
268,2025-06-19,12.7
268,2025-07-03,11.5
268,2025-07-17,14.5
268,2025-07-31,16.5
268,2025-08-15,16.5
268,2025-08-28,16.1
268,2025-09-10,18.3
268,2025-09-23,19.7
268,2025-10-06,19
268,2025-10-20,19.4
269,2025-06-06,15.1
269,2025-06-19,15.1
269,2025-07-03,16.5
269,2025-07-17,17
269,2025-07-31,17.4
269,2025-08-15,15.9
269,2025-08-28,17.1
269,2025-09-10,19.9
269,2025-09-23,19.7
269,2025-10-06,22.7
269,2025-10-20,21.3
270,2025-06-06,14.4
270,2025-06-19,14.6
270,2025-07-03,14.6
270,2025-07-17,18.4
270,2025-07-31,19.8
270,2025-08-15,19.6
270,2025-08-28,19
270,2025-09-10,21.6
270,2025-09-23,25
270,2025-10-06,23.8
270,2025-10-20,23
275,2025-06-06,13.6
275,2025-06-19,12.8
275,2025-07-03,14
275,2025-07-17,15.6
275,2025-07-31,15.1
275,2025-08-15,13.5
275,2025-08-28,12.2
275,2025-09-10,14.8
275,2025-09-23,13.1
275,2025-10-06,10.7
275,2025-10-20,7.1
276,2025-06-06,17.9
276,2025-06-19,17.3
276,2025-07-03,21.5
276,2025-07-17,15.7
276,2025-07-31,16.8
276,2025-08-15,17.7
276,2025-08-28,16.1
276,2025-09-10,15.9
276,2025-09-23,21.8
276,2025-10-06,16.1
276,2025-10-20,12.1
277,2025-06-06,15.5
277,2025-06-19,16.3
277,2025-07-03,12.3
277,2025-07-17,11.7
277,2025-07-31,13.4
277,2025-08-15,11.7
277,2025-08-28,14.4
277,2025-09-10,11.7
277,2025-09-23,11.4
277,2025-10-06,11.1
277,2025-10-20,6.8
278,2025-06-06,13.2
278,2025-06-19,15
278,2025-07-03,14.7
278,2025-07-17,13.5
278,2025-07-31,16.1
278,2025-08-15,15.9
278,2025-08-28,15.2
278,2025-09-10,14.3
278,2025-09-23,12.5
278,2025-10-06,14
278,2025-10-20,11.2
283,2025-06-06,15.3
283,2025-06-19,15.1
283,2025-07-03,11.1
283,2025-07-17,12.7
283,2025-07-31,16.8
283,2025-08-15,15.3
283,2025-08-28,17.4
283,2025-09-10,18.6
283,2025-09-23,15.8
283,2025-10-06,20.6
283,2025-10-20,17
284,2025-06-06,12.2
284,2025-06-19,8.8
284,2025-07-03,9.9
284,2025-07-17,12.3
284,2025-07-31,13
284,2025-08-15,13.4
284,2025-08-28,13.5
284,2025-09-10,15.6
284,2025-09-23,214
284,2025-10-06,17.9
284,2025-10-20,15.6
285,2025-06-06,12.8
285,2025-06-19,14
285,2025-07-03,8.4
285,2025-07-17,14
285,2025-07-31,14.8
285,2025-08-15,11.3
285,2025-08-28,13.1
285,2025-09-10,13.1
285,2025-09-23,13.2
285,2025-10-06,11.9
285,2025-10-20,15.1
286,2025-06-06,15.6
286,2025-06-19,16.3
286,2025-07-03,13.1
286,2025-07-17,14.9
286,2025-07-31,15.2
286,2025-08-15,16.7
286,2025-08-28,16.2
286,2025-09-10,20
286,2025-09-23,17.2
286,2025-10-06,17.8
286,2025-10-20,17
291,2025-06-06,12.8
291,2025-06-19,13.2
291,2025-07-03,10.9
291,2025-07-17,14.7
291,2025-07-31,15.2
291,2025-08-15,19.3
291,2025-08-28,15.5
291,2025-09-10,16.3
291,2025-09-23,10.8
291,2025-10-06,23.5
291,2025-10-20,21
292,2025-06-06,14.6
292,2025-06-19,13.7
292,2025-07-03,9.9
292,2025-07-17,14.5
292,2025-07-31,14.7
292,2025-08-15,18
292,2025-08-28,18.4
292,2025-09-10,22.1
292,2025-09-23,20.1
292,2025-10-06,24.5
292,2025-10-20,21.2
293,2025-06-06,13.4
293,2025-06-19,13
293,2025-07-03,11.3
293,2025-07-17,13.7
293,2025-07-31,15.2
293,2025-08-15,16.5
293,2025-08-28,17
293,2025-09-10,20.2
293,2025-09-23,8
293,2025-10-06,12.9
293,2025-10-20,15.6
294,2025-06-06,15.3
294,2025-06-19,15.1
294,2025-07-03,18.5
294,2025-07-17,18.3
294,2025-07-31,20.1
294,2025-08-15,20.7
294,2025-08-28,19.9
294,2025-09-10,21.6
294,2025-09-23,22.1
294,2025-10-06,24.5
294,2025-10-20,24.3
299,2025-06-06,11.8
299,2025-06-19,10.9
299,2025-07-03,10.9
299,2025-07-17,11.5
299,2025-07-31,13.3
299,2025-08-15,13.5
299,2025-08-28,16
299,2025-09-10,17.8
299,2025-09-23,19.5
299,2025-10-06,20.7
299,2025-10-20,20.1
300,2025-06-06,10.7
300,2025-06-19,8.2
300,2025-07-03,10.7
300,2025-07-17,3.9
300,2025-07-31,4.8
300,2025-08-15,3.6
300,2025-08-28,3.1
300,2025-09-10,0
300,2025-09-23,0
300,2025-10-06,0
300,2025-10-20,0
301,2025-06-06,16.1
301,2025-06-19,12.7
301,2025-07-03,1.9
301,2025-07-17,1.6
301,2025-07-31,2.7
301,2025-08-15,2.9
301,2025-08-28,3
301,2025-09-10,0
301,2025-09-23,0
301,2025-10-06,0
301,2025-10-20,0
302,2025-06-06,9.1
302,2025-06-19,13.7
302,2025-07-03,14.1
302,2025-07-17,16.3
302,2025-07-31,17
302,2025-08-15,10.7
302,2025-08-28,15.4
302,2025-09-10,17
302,2025-09-23,16.9
302,2025-10-06,18.6
302,2025-10-20,15.9
307,2025-06-06,14.1
307,2025-06-19,15.3
307,2025-07-03,11.9
307,2025-07-17,12.7
307,2025-07-31,10.9
307,2025-08-15,11.8
307,2025-08-28,7
307,2025-09-10,12.2
307,2025-09-23,10.5
307,2025-10-06,8.7
307,2025-10-20,8.4
308,2025-06-06,12.7
308,2025-06-19,14.3
308,2025-07-03,12.6
308,2025-07-17,12.8
308,2025-07-31,12.8
308,2025-08-15,10.5
308,2025-08-28,12.2
308,2025-09-10,13.7
308,2025-09-23,13
308,2025-10-06,12.5
308,2025-10-20,7.1
309,2025-06-06,15.2
309,2025-06-19,13.4
309,2025-07-03,13.3
309,2025-07-17,12.4
309,2025-07-31,11.6
309,2025-08-15,11
309,2025-08-28,11.9
309,2025-09-10,9.7
309,2025-09-23,9
309,2025-10-06,10
309,2025-10-20,7.1
310,2025-06-06,14.7
310,2025-06-19,13.4
310,2025-07-03,13
310,2025-07-17,13.5
310,2025-07-31,11.4
310,2025-08-15,10.4
310,2025-08-28,13
310,2025-09-10,8.9
310,2025-09-23,8.4
310,2025-10-06,8
310,2025-10-20,5.9
315,2025-06-06,10.4
315,2025-06-19,9.8
315,2025-07-03,11.9
315,2025-07-17,12.2
315,2025-07-31,13.3
315,2025-08-15,12.8
315,2025-08-28,15.1
315,2025-09-10,13
315,2025-09-23,16.1
315,2025-10-06,16.6
315,2025-10-20,17.2
316,2025-06-06,7.3
316,2025-06-19,11.5
316,2025-07-03,16.4
316,2025-07-17,17.4
316,2025-07-31,17.5
316,2025-08-15,15.5
316,2025-08-28,17
316,2025-09-10,17.8
316,2025-09-23,19.6
316,2025-10-06,20.7
316,2025-10-20,20
317,2025-06-06,9.2
317,2025-06-19,12.9
317,2025-07-03,12.2
317,2025-07-17,16.4
317,2025-07-31,13
317,2025-08-15,14.5
317,2025-08-28,17
317,2025-09-10,15.1
317,2025-09-23,14.9
317,2025-10-06,18.3
317,2025-10-20,12.5
318,2025-06-06,14.5
318,2025-06-19,14.5
318,2025-07-03,15.4
318,2025-07-17,16.1
318,2025-07-31,17.6
318,2025-08-15,19.7
318,2025-08-28,20.4
318,2025-09-10,23.2
318,2025-09-23,20.8
318,2025-10-06,21.8
318,2025-10-20,21.3
323,2025-06-06,8.8
323,2025-06-19,12.1
323,2025-07-03,9.9
323,2025-07-17,11.1
323,2025-07-31,8.6
323,2025-08-15,10.5
323,2025-08-28,11.4
323,2025-09-10,9.3
323,2025-09-23,10
323,2025-10-06,8.5
323,2025-10-20,6.9
324,2025-06-06,8.7
324,2025-06-19,7.9
324,2025-07-03,7.9
324,2025-07-17,8.1
324,2025-07-31,7.8
324,2025-08-15,12.2
324,2025-08-28,9.9
324,2025-09-10,8.4
324,2025-09-23,8.6
324,2025-10-06,6.9
324,2025-10-20,3.3
325,2025-06-06,7.3
325,2025-06-19,7.5
325,2025-07-03,7.7
325,2025-07-17,6
325,2025-07-31,6.2
325,2025-08-15,6.8
325,2025-08-28,6.1
325,2025-09-10,5.9
325,2025-09-23,6.1
325,2025-10-06,4.8
325,2025-10-20,2.5
326,2025-06-06,14.8
326,2025-06-19,10.7
326,2025-07-03,16.6
326,2025-07-17,12.5
326,2025-07-31,13.9
326,2025-08-15,11.5
326,2025-08-28,16.4
326,2025-09-10,10.8
326,2025-09-23,8.7
326,2025-10-06,10.2
326,2025-10-20,11.2
331,2025-06-06,8.4
331,2025-06-19,13.4
331,2025-07-03,8
331,2025-07-17,16.6
331,2025-07-31,13.2
331,2025-08-15,18.4
331,2025-08-28,17
331,2025-09-10,20.8
331,2025-09-23,13.6
331,2025-10-06,25.2
331,2025-10-20,16.8
332,2025-06-06,10.7
332,2025-06-19,10.7
332,2025-07-03,13.8
332,2025-07-17,10.4
332,2025-07-31,14.6
332,2025-08-15,15.7
332,2025-08-28,18.2
332,2025-09-10,19
332,2025-09-23,9.6
332,2025-10-06,12.1
332,2025-10-20,16.6
333,2025-06-06,18
333,2025-06-19,20.2
333,2025-07-03,15.5
333,2025-07-17,16.1
333,2025-07-31,16
333,2025-08-15,19.2
333,2025-08-28,17.4
333,2025-09-10,17.5
333,2025-09-23,19.2
333,2025-10-06,17.5
333,2025-10-20,19.9
334,2025-06-06,11.5
334,2025-06-19,14.7
334,2025-07-03,5.3
334,2025-07-17,8.6
334,2025-07-31,10.2
334,2025-08-15,13.1
334,2025-08-28,15.4
334,2025-09-10,15.6
334,2025-09-23,8
334,2025-10-06,12.6
334,2025-10-20,13
339,2025-06-06,13.5
339,2025-06-19,12.8
339,2025-07-03,15.5
339,2025-07-17,14.4
339,2025-07-31,14.7
339,2025-08-15,22.2
339,2025-08-28,24
339,2025-09-10,15.3
339,2025-09-23,6.9
339,2025-10-06,18.7
339,2025-10-20,15.6
340,2025-06-06,14.8
340,2025-06-19,14.2
340,2025-07-03,17.3
340,2025-07-17,15.8
340,2025-07-31,15.6
340,2025-08-15,18.8
340,2025-08-28,14.6
340,2025-09-10,15.3
340,2025-09-23,14.3
340,2025-10-06,14.5
340,2025-10-20,9.8
341,2025-06-06,12
341,2025-06-19,12.8
341,2025-07-03,12.6
341,2025-07-17,12.7
341,2025-07-31,12.3
341,2025-08-15,11.5
341,2025-08-28,9.6
341,2025-09-10,11
341,2025-09-23,10
341,2025-10-06,10.7
341,2025-10-20,7
342,2025-06-06,14.6
342,2025-06-19,14.1
342,2025-07-03,14.5
342,2025-07-17,16.5
342,2025-07-31,14.2
342,2025-08-15,15.6
342,2025-08-28,15.6
342,2025-09-10,16.1
342,2025-09-23,15.6
342,2025-10-06,16.6
342,2025-10-20,17
347,2025-06-06,13.3
347,2025-06-19,10
347,2025-07-03,1.9
347,2025-07-17,1.5
347,2025-07-31,3.1
347,2025-08-15,3.5
347,2025-08-28,2.6
347,2025-09-10,0
347,2025-09-23,0
347,2025-10-06,0
347,2025-10-20,0
348,2025-06-06,9.6
348,2025-06-19,8
348,2025-07-03,1.3
348,2025-07-17,1.4
348,2025-07-31,4.2
348,2025-08-15,3.3
348,2025-08-28,2.7
348,2025-09-10,0
348,2025-09-23,0
348,2025-10-06,0
348,2025-10-20,0
349,2025-06-06,10.5
349,2025-06-19,8.4
349,2025-07-03,3.8
349,2025-07-17,2.1
349,2025-07-31,2.8
349,2025-08-15,3.6
349,2025-08-28,2.5
349,2025-09-10,0
349,2025-09-23,0
349,2025-10-06,0
349,2025-10-20,0
350,2025-06-06,14.6
350,2025-06-19,8.7
350,2025-07-03,3.9
350,2025-07-17,1.4
350,2025-07-31,3.1
350,2025-08-15,3.2
350,2025-08-28,3.7
350,2025-09-10,0
350,2025-09-23,0
350,2025-10-06,0
350,2025-10-20,0
355,2025-06-06,12.5
355,2025-06-19,11.6
355,2025-07-03,7.4
355,2025-07-17,5.9
355,2025-07-31,4.7
355,2025-08-15,4.2
355,2025-08-28,4.7
355,2025-09-10,3.1
355,2025-09-23,5.1
355,2025-10-06,4.6
355,2025-10-20,1.8
356,2025-06-06,12.3
356,2025-06-19,10.8
356,2025-07-03,6.7
356,2025-07-17,4.1
356,2025-07-31,7.7
356,2025-08-15,9
356,2025-08-28,8.9
356,2025-09-10,6.8
356,2025-09-23,3.6
356,2025-10-06,7.2
356,2025-10-20,5.2
357,2025-06-06,9.3
357,2025-06-19,9.3
357,2025-07-03,3.6
357,2025-07-17,1.8
357,2025-07-31,0
357,2025-08-15,0
357,2025-08-28,0
357,2025-09-10,0
357,2025-09-23,0
357,2025-10-06,0
357,2025-10-20,0
358,2025-06-06,12.9
358,2025-06-19,10
358,2025-07-03,9.3
358,2025-07-17,1.5
358,2025-07-31,3.1
358,2025-08-15,4.2
358,2025-08-28,3.1
358,2025-09-10,3.4
358,2025-09-23,4.1
358,2025-10-06,0
358,2025-10-20,0
363,2025-06-06,16.2
363,2025-06-19,14
363,2025-07-03,8
363,2025-07-17,8.3
363,2025-07-31,6.6
363,2025-08-15,15
363,2025-08-28,8.9
363,2025-09-10,11
363,2025-09-23,11.5
363,2025-10-06,12.3
363,2025-10-20,11.4
364,2025-06-06,6.9
364,2025-06-19,8.8
364,2025-07-03,11.1
364,2025-07-17,10.5
364,2025-07-31,11.2
364,2025-08-15,11.9
364,2025-08-28,12.8
364,2025-09-10,10.8
364,2025-09-23,9.4
364,2025-10-06,10.8
364,2025-10-20,7.3
365,2025-06-06,14.8
365,2025-06-19,15.5
365,2025-07-03,17.1
365,2025-07-17,16.1
365,2025-07-31,18.1
365,2025-08-15,17.9
365,2025-08-28,15.3
365,2025-09-10,13.1
365,2025-09-23,9.2
365,2025-10-06,9.7
365,2025-10-20,4.7
366,2025-06-06,10.5
366,2025-06-19,18.6
366,2025-07-03,21
366,2025-07-17,10.7
366,2025-07-31,14
366,2025-08-15,14.1
366,2025-08-28,13.8
366,2025-09-10,22.1
366,2025-09-23,16.4
366,2025-10-06,22.4
366,2025-10-20,19.6
371,2025-06-06,14.6
371,2025-06-19,15.3
371,2025-07-03,16.2
371,2025-07-17,16.1
371,2025-07-31,16.1
371,2025-08-15,18.2
371,2025-08-28,18.5
371,2025-09-10,19.7
371,2025-09-23,23.4
371,2025-10-06,22.2
371,2025-10-20,9.9
372,2025-06-06,11
372,2025-06-19,9.8
372,2025-07-03,8.1
372,2025-07-17,2.4
372,2025-07-31,8.8
372,2025-08-15,7.6
372,2025-08-28,8.8
372,2025-09-10,7.9
372,2025-09-23,6.3
372,2025-10-06,5.3
372,2025-10-20,1.9
373,2025-06-06,10.7
373,2025-06-19,9.8
373,2025-07-03,6.2
373,2025-07-17,5.5
373,2025-07-31,5.7
373,2025-08-15,6.2
373,2025-08-28,5.5
373,2025-09-10,4.7
373,2025-09-23,4.3
373,2025-10-06,4.3
373,2025-10-20,0
374,2025-06-06,12.2
374,2025-06-19,15.3
374,2025-07-03,14.6
374,2025-07-17,17.3
374,2025-07-31,15.1
374,2025-08-15,15.5
374,2025-08-28,13.8
374,2025-09-10,17.9
374,2025-09-23,17.6
374,2025-10-06,19.7
374,2025-10-20,18.9
379,2025-06-06,9.5
379,2025-06-19,12.8
379,2025-07-03,17.9
379,2025-07-17,11
379,2025-07-31,17.1
379,2025-08-15,15.7
379,2025-08-28,16.4
379,2025-09-10,19
379,2025-09-23,15.9
379,2025-10-06,16.8
379,2025-10-20,21.8
380,2025-06-06,7.6
380,2025-06-19,8.3
380,2025-07-03,15.3
380,2025-07-17,12.1
380,2025-07-31,12.4
380,2025-08-15,14
380,2025-08-28,15.5
380,2025-09-10,15.9
380,2025-09-23,15.5
380,2025-10-06,17.8
380,2025-10-20,15.1
381,2025-06-06,13.9
381,2025-06-19,16.5
381,2025-07-03,17.8
381,2025-07-17,8
381,2025-07-31,8.7
381,2025-08-15,8.8
381,2025-08-28,11.2
381,2025-09-10,13.6
381,2025-09-23,12.6
381,2025-10-06,12.1
381,2025-10-20,12.8
382,2025-06-06,6.9
382,2025-06-19,14.2
382,2025-07-03,18.9
382,2025-07-17,17.7
382,2025-07-31,17
382,2025-08-15,18.8
382,2025-08-28,19.5
382,2025-09-10,18.7
382,2025-09-23,19.5
382,2025-10-06,21.3
382,2025-10-20,21.1
387,2025-06-06,12.2
387,2025-06-19,6.9
387,2025-07-03,1.5
387,2025-07-17,1.8
387,2025-07-31,2.5
387,2025-08-15,5.8
387,2025-08-28,2.4
387,2025-09-10,4.3
387,2025-09-23,4
387,2025-10-06,4.6
387,2025-10-20,0
388,2025-06-06,13.3
388,2025-06-19,9.5
388,2025-07-03,4.2
388,2025-07-17,1.5
388,2025-07-31,2.3
388,2025-08-15,2.7
388,2025-08-28,2.9
388,2025-09-10,6.4
388,2025-09-23,6.1
388,2025-10-06,8.2
388,2025-10-20,5.4
389,2025-06-06,11.5
389,2025-06-19,10.3
389,2025-07-03,1.9
389,2025-07-17,2.6
389,2025-07-31,2.7
389,2025-08-15,5.7
389,2025-08-28,2.9
389,2025-09-10,7
389,2025-09-23,9.2
389,2025-10-06,0
389,2025-10-20,0
390,2025-06-06,14
390,2025-06-19,12.4
390,2025-07-03,4.5
390,2025-07-17,2.9
390,2025-07-31,3.3
390,2025-08-15,3.8
390,2025-08-28,3.7
390,2025-09-10,0
390,2025-09-23,0
390,2025-10-06,0
390,2025-10-20,0
395,2025-06-06,11.4
395,2025-06-19,12.6
395,2025-07-03,9.9
395,2025-07-17,11.3
395,2025-07-31,10.9
395,2025-08-15,14.8
395,2025-08-28,13.4
395,2025-09-10,17.7
395,2025-09-23,21.3
395,2025-10-06,22.5
395,2025-10-20,18.3
396,2025-06-06,14
396,2025-06-19,17
396,2025-07-03,14.4
396,2025-07-17,19.9
396,2025-07-31,20.2
396,2025-08-15,23.4
396,2025-08-28,23.1
396,2025-09-10,27.4
396,2025-09-23,22.3
396,2025-10-06,21.7
396,2025-10-20,23.8
397,2025-06-06,13.2
397,2025-06-19,14.8
397,2025-07-03,11.1
397,2025-07-17,16.5
397,2025-07-31,21.7
397,2025-08-15,12.7
397,2025-08-28,22.4
397,2025-09-10,13.3
397,2025-09-23,18.5
397,2025-10-06,18.7
397,2025-10-20,19.6
398,2025-06-06,10.6
398,2025-06-19,13.4
398,2025-07-03,13.4
398,2025-07-17,14.9
398,2025-07-31,13.9
398,2025-08-15,14.7
398,2025-08-28,15.6
398,2025-09-10,17.8
398,2025-09-23,20.5
398,2025-10-06,20.8
398,2025-10-20,20
403,2025-06-06,10.1
403,2025-06-19,14.6
403,2025-07-03,14.1
403,2025-07-17,14
403,2025-07-31,12
403,2025-08-15,15.2
403,2025-08-28,12.7
403,2025-09-10,14
403,2025-09-23,14.5
403,2025-10-06,14.4
403,2025-10-20,15.1
404,2025-06-06,11
404,2025-06-19,12.1
404,2025-07-03,11.2
404,2025-07-17,9.9
404,2025-07-31,12.8
404,2025-08-15,13
404,2025-08-28,9.4
404,2025-09-10,9.3
404,2025-09-23,13.3
404,2025-10-06,9.9
404,2025-10-20,6.9
405,2025-06-06,14.6
405,2025-06-19,13.5
405,2025-07-03,14
405,2025-07-17,13.9
405,2025-07-31,12.6
405,2025-08-15,12.8
405,2025-08-28,12.2
405,2025-09-10,10.9
405,2025-09-23,10.3
405,2025-10-06,12.7
405,2025-10-20,7.2
406,2025-06-06,13.3
406,2025-06-19,16
406,2025-07-03,14.1
406,2025-07-17,16.8
406,2025-07-31,16.1
406,2025-08-15,15.9
406,2025-08-28,7.2
406,2025-09-10,15.9
406,2025-09-23,18.1
406,2025-10-06,19
406,2025-10-20,18.4
411,2025-06-06,4.7
411,2025-06-19,7.8
411,2025-07-03,6.5
411,2025-07-17,6.8
411,2025-07-31,5.7
411,2025-08-15,8.8
411,2025-08-28,10.3
411,2025-09-10,11.2
411,2025-09-23,12.3
411,2025-10-06,5.6
411,2025-10-20,14
412,2025-06-06,11.5
412,2025-06-19,7.4
412,2025-07-03,4.1
412,2025-07-17,1.4
412,2025-07-31,2.4
412,2025-08-15,1.9
412,2025-08-28,1.9
412,2025-09-10,0
412,2025-09-23,0
412,2025-10-06,0
412,2025-10-20,0
413,2025-06-06,10.3
413,2025-06-19,9.5
413,2025-07-03,8.7
413,2025-07-17,1.9
413,2025-07-31,3.2
413,2025-08-15,3.5
413,2025-08-28,3
413,2025-09-10,0
413,2025-09-23,0
413,2025-10-06,0
413,2025-10-20,0
414,2025-06-06,6.6
414,2025-06-19,9.4
414,2025-07-03,11.5
414,2025-07-17,9
414,2025-07-31,15.5
414,2025-08-15,17.3
414,2025-08-28,19.5
414,2025-09-10,20.4
414,2025-09-23,19.6
414,2025-10-06,23.5
414,2025-10-20,24.8
419,2025-06-06,8.4
419,2025-06-19,10.8
419,2025-07-03,9.6
419,2025-07-17,8
419,2025-07-31,6.6
419,2025-08-15,7.2
419,2025-08-28,9.4
419,2025-09-10,6.8
419,2025-09-23,5.7
419,2025-10-06,5.8
419,2025-10-20,2.9
420,2025-06-06,14
420,2025-06-19,14.2
420,2025-07-03,13.5
420,2025-07-17,13.3
420,2025-07-31,12.2
420,2025-08-15,19.7
420,2025-08-28,12.9
420,2025-09-10,13.1
420,2025-09-23,13
420,2025-10-06,13.3
420,2025-10-20,9
421,2025-06-06,11.5
421,2025-06-19,7.9
421,2025-07-03,9.1
421,2025-07-17,8.5
421,2025-07-31,7.6
421,2025-08-15,9
421,2025-08-28,8.3
421,2025-09-10,6.7
421,2025-09-23,4
421,2025-10-06,4
421,2025-10-20,1.7
422,2025-06-06,10.8
422,2025-06-19,10.8
422,2025-07-03,11.3
422,2025-07-17,11.2
422,2025-07-31,10.1
422,2025-08-15,11.4
422,2025-08-28,10.7
422,2025-09-10,11
422,2025-09-23,9.1
422,2025-10-06,9.5
422,2025-10-20,6.3
427,2025-06-06,12.6
427,2025-06-19,10.3
427,2025-07-03,11.5
427,2025-07-17,11.6
427,2025-07-31,13.5
427,2025-08-15,14
427,2025-08-28,15.5
427,2025-09-10,16.9
427,2025-09-23,20.1
427,2025-10-06,19.6
427,2025-10-20,16.4
428,2025-06-06,8.1
428,2025-06-19,9.2
428,2025-07-03,11
428,2025-07-17,2.1
428,2025-07-31,2.8
428,2025-08-15,3.1
428,2025-08-28,3.5
428,2025-09-10,0
428,2025-09-23,0
428,2025-10-06,0
428,2025-10-20,0
429,2025-06-06,16.8
429,2025-06-19,12.1
429,2025-07-03,10.3
429,2025-07-17,4.7
429,2025-07-31,9.4
429,2025-08-15,9.3
429,2025-08-28,6.6
429,2025-09-10,8.1
429,2025-09-23,5.4
429,2025-10-06,7.8
429,2025-10-20,6
430,2025-06-06,6.6
430,2025-06-19,11.5
430,2025-07-03,9.8
430,2025-07-17,11.8
430,2025-07-31,9.3
430,2025-08-15,8.9
430,2025-08-28,15.1
430,2025-09-10,11.9
430,2025-09-23,13.4
430,2025-10-06,15.1
430,2025-10-20,17
435,2025-06-06,6.2
435,2025-06-19,13.2
435,2025-07-03,11.1
435,2025-07-17,12.7
435,2025-07-31,10.7
435,2025-08-15,14
435,2025-08-28,14.8
435,2025-09-10,14.4
435,2025-09-23,15.1
435,2025-10-06,15.4
435,2025-10-20,12.9
436,2025-06-06,11.2
436,2025-06-19,11.9
436,2025-07-03,13.1
436,2025-07-17,14.9
436,2025-07-31,14.8
436,2025-08-15,14.8
436,2025-08-28,14.1
436,2025-09-10,13.6
436,2025-09-23,13.6
436,2025-10-06,12.8
436,2025-10-20,7.2
437,2025-06-06,10.7
437,2025-06-19,11
437,2025-07-03,13.9
437,2025-07-17,13.7
437,2025-07-31,13.3
437,2025-08-15,13.2
437,2025-08-28,13.8
437,2025-09-10,11.8
437,2025-09-23,11.8
437,2025-10-06,10.9
437,2025-10-20,6.8
438,2025-06-06,12.2
438,2025-06-19,15.9
438,2025-07-03,16.6
438,2025-07-17,16.2
438,2025-07-31,13.4
438,2025-08-15,16.1
438,2025-08-28,17
438,2025-09-10,16.5
438,2025-09-23,15.9
438,2025-10-06,17.2
438,2025-10-20,20.2
443,2025-06-06,8.5
443,2025-06-19,13.8
443,2025-07-03,14.1
443,2025-07-17,16.3
443,2025-07-31,17
443,2025-08-15,16.8
443,2025-08-28,19.6
443,2025-09-10,20.6
443,2025-09-23,22.5
443,2025-10-06,23.3
443,2025-10-20,20
444,2025-06-06,15.6
444,2025-06-19,15.4
444,2025-07-03,11.2
444,2025-07-17,12.8
444,2025-07-31,12.2
444,2025-08-15,11.4
444,2025-08-28,11.2
444,2025-09-10,12.3
444,2025-09-23,13.4
444,2025-10-06,21.6
444,2025-10-20,13.2
445,2025-06-06,5.3
445,2025-06-19,9.6
445,2025-07-03,9.1
445,2025-07-17,10.1
445,2025-07-31,9.8
445,2025-08-15,10.1
445,2025-08-28,8
445,2025-09-10,11.2
445,2025-09-23,19.5
445,2025-10-06,12.5
445,2025-10-20,12.3
446,2025-06-06,13.3
446,2025-06-19,15.4
446,2025-07-03,15
446,2025-07-17,17.4
446,2025-07-31,17.1
446,2025-08-15,16.5
446,2025-08-28,18.8
446,2025-09-10,19.9
446,2025-09-23,20.9
446,2025-10-06,21.4
446,2025-10-20,21
451,2025-06-06,9
451,2025-06-19,12.8
451,2025-07-03,12.3
451,2025-07-17,13.4
451,2025-07-31,14
451,2025-08-15,18.9
451,2025-08-28,18.1
451,2025-09-10,19.2
451,2025-09-23,18.8
451,2025-10-06,22.4
451,2025-10-20,14.4
452,2025-06-06,14.7
452,2025-06-19,15.2
452,2025-07-03,11.2
452,2025-07-17,15.9
452,2025-07-31,19.4
452,2025-08-15,19.7
452,2025-08-28,16.1
452,2025-09-10,18.6
452,2025-09-23,19.8
452,2025-10-06,22.1
452,2025-10-20,21.6
453,2025-06-06,14.5
453,2025-06-19,14
453,2025-07-03,14.9
453,2025-07-17,15.4
453,2025-07-31,16.8
453,2025-08-15,18.6
453,2025-08-28,17.3
453,2025-09-10,20.9
453,2025-09-23,18.4
453,2025-10-06,20.7
453,2025-10-20,22.5
454,2025-06-06,19.5
454,2025-06-19,17.6
454,2025-07-03,9.3
454,2025-07-17,18.2
454,2025-07-31,17.7
454,2025-08-15,17
454,2025-08-28,18.8
454,2025-09-10,21
454,2025-09-23,20.3
454,2025-10-06,21.4
454,2025-10-20,21.7
459,2025-06-06,10.8
459,2025-06-19,9.2
459,2025-07-03,8.2
459,2025-07-17,8
459,2025-07-31,8.6
459,2025-08-15,6.5
459,2025-08-28,6.8
459,2025-09-10,10.3
459,2025-09-23,10.2
459,2025-10-06,6.7
459,2025-10-20,2.9
460,2025-06-06,10.5
460,2025-06-19,9.8
460,2025-07-03,11.8
460,2025-07-17,13.4
460,2025-07-31,12.8
460,2025-08-15,10
460,2025-08-28,10.1
460,2025-09-10,5.4
460,2025-09-23,5
460,2025-10-06,5.3
460,2025-10-20,1.7
461,2025-06-06,9.2
461,2025-06-19,10.5
461,2025-07-03,10.3
461,2025-07-17,9.1
461,2025-07-31,9.2
461,2025-08-15,8.7
461,2025-08-28,8.4
461,2025-09-10,8.6
461,2025-09-23,9.3
461,2025-10-06,7.9
461,2025-10-20,3.3
462,2025-06-06,10.8
462,2025-06-19,10.8
462,2025-07-03,12.3
462,2025-07-17,10
462,2025-07-31,6.1
462,2025-08-15,16.1
462,2025-08-28,6.1
462,2025-09-10,9.7
462,2025-09-23,7.2
462,2025-10-06,5.5
462,2025-10-20,5.3
467,2025-06-06,21.3
467,2025-06-19,19.7
467,2025-07-03,27
467,2025-07-17,20.1
467,2025-07-31,26
467,2025-08-15,25.9
467,2025-08-28,22
467,2025-09-10,22.4
467,2025-09-23,22.7
467,2025-10-06,25.5
467,2025-10-20,25.8
468,2025-06-06,7.2
468,2025-06-19,13.6
468,2025-07-03,16
468,2025-07-17,16.1
468,2025-07-31,17.1
468,2025-08-15,19.3
468,2025-08-28,20
468,2025-09-10,20.6
468,2025-09-23,15.3
468,2025-10-06,22.8
468,2025-10-20,20
469,2025-06-06,19
469,2025-06-19,17.8
469,2025-07-03,9.4
469,2025-07-17,15
469,2025-07-31,15.9
469,2025-08-15,16.5
469,2025-08-28,20.5
469,2025-09-10,19.6
469,2025-09-23,17.2
469,2025-10-06,20.4
469,2025-10-20,21.3
470,2025-06-06,17
470,2025-06-19,19.3
470,2025-07-03,6.7
470,2025-07-17,17
470,2025-07-31,16.3
470,2025-08-15,17.3
470,2025-08-28,17.6
470,2025-09-10,21
470,2025-09-23,28
470,2025-10-06,25
470,2025-10-20,25.5
475,2025-06-06,11.5
475,2025-06-19,12.8
475,2025-07-03,6
475,2025-07-17,7
475,2025-07-31,6.6
475,2025-08-15,3.9
475,2025-08-28,7.8
475,2025-09-10,9.4
475,2025-09-23,7.6
475,2025-10-06,4.8
475,2025-10-20,6.6
476,2025-06-06,11.5
476,2025-06-19,10
476,2025-07-03,6.4
476,2025-07-17,1.6
476,2025-07-31,5.4
476,2025-08-15,7.3
476,2025-08-28,3.3
476,2025-09-10,0
476,2025-09-23,0
476,2025-10-06,0
476,2025-10-20,0
477,2025-06-06,15.3
477,2025-06-19,15.7
477,2025-07-03,12.1
477,2025-07-17,9.8
477,2025-07-31,11.3
477,2025-08-15,10.6
477,2025-08-28,8.5
477,2025-09-10,10.4
477,2025-09-23,10.2
477,2025-10-06,9.6
477,2025-10-20,6.4
478,2025-06-06,18.5
478,2025-06-19,15.2
478,2025-07-03,3.9
478,2025-07-17,3
478,2025-07-31,4.3
478,2025-08-15,9.4
478,2025-08-28,3.1
478,2025-09-10,9
478,2025-09-23,11.8
478,2025-10-06,11
478,2025-10-20,0
483,2025-06-06,10.1
483,2025-06-19,10.3
483,2025-07-03,11.3
483,2025-07-17,10.6
483,2025-07-31,9
483,2025-08-15,13.4
483,2025-08-28,9.4
483,2025-09-10,7.7
483,2025-09-23,7.9
483,2025-10-06,9.3
483,2025-10-20,3.5
484,2025-06-06,11.1
484,2025-06-19,8.9
484,2025-07-03,9.4
484,2025-07-17,10.4
484,2025-07-31,10.4
484,2025-08-15,11.4
484,2025-08-28,13
484,2025-09-10,10.8
484,2025-09-23,11.2
484,2025-10-06,11.5
484,2025-10-20,9.2
485,2025-06-06,11.8
485,2025-06-19,11
485,2025-07-03,12.9
485,2025-07-17,12.9
485,2025-07-31,9.4
485,2025-08-15,13.8
485,2025-08-28,13.7
485,2025-09-10,9
485,2025-09-23,7.9
485,2025-10-06,10.2
485,2025-10-20,8
486,2025-06-06,10.8
486,2025-06-19,9.6
486,2025-07-03,7.4
486,2025-07-17,7.6
486,2025-07-31,9.1
486,2025-08-15,10.7
486,2025-08-28,9.9
486,2025-09-10,9.6
486,2025-09-23,5.2
486,2025-10-06,9
486,2025-10-20,6.8
491,2025-06-06,10.1
491,2025-06-19,9.8
491,2025-07-03,5.5
491,2025-07-17,15.8
491,2025-07-31,16.7
491,2025-08-15,19.8
491,2025-08-28,11.8
491,2025-09-10,19
491,2025-09-23,21.3
491,2025-10-06,21.9
491,2025-10-20,22.3
492,2025-06-06,8.9
492,2025-06-19,10.1
492,2025-07-03,11.2
492,2025-07-17,13
492,2025-07-31,14.3
492,2025-08-15,15.4
492,2025-08-28,18.6
492,2025-09-10,17.3
492,2025-09-23,21
492,2025-10-06,29.1
492,2025-10-20,24.2
493,2025-06-06,11.3
493,2025-06-19,16.5
493,2025-07-03,7.3
493,2025-07-17,12.8
493,2025-07-31,17.6
493,2025-08-15,16.8
493,2025-08-28,14.9
493,2025-09-10,18.6
493,2025-09-23,20
493,2025-10-06,18.6
493,2025-10-20,18.6
494,2025-06-06,8.1
494,2025-06-19,6
494,2025-07-03,7
494,2025-07-17,14.7
494,2025-07-31,9.9
494,2025-08-15,5.1
494,2025-08-28,17
494,2025-09-10,16.4
494,2025-09-23,18.8
494,2025-10-06,19.6
494,2025-10-20,18.9
499,2025-06-06,3.7
499,2025-06-19,5.1
499,2025-07-03,7.1
499,2025-07-17,6.8
499,2025-07-31,9.8
499,2025-08-15,8
499,2025-08-28,8.7
499,2025-09-10,15.6
499,2025-09-23,16.1
499,2025-10-06,16.9
499,2025-10-20,24.3
500,2025-06-06,10.3
500,2025-06-19,8.1
500,2025-07-03,9.8
500,2025-07-17,10.6
500,2025-07-31,11.8
500,2025-08-15,13.1
500,2025-08-28,12.1
500,2025-09-10,10.7
500,2025-09-23,11.3
500,2025-10-06,11
500,2025-10-20,3.8
501,2025-06-06,17.8
501,2025-06-19,20.2
501,2025-07-03,22.5
501,2025-07-17,20
501,2025-07-31,20
501,2025-08-15,19.6
501,2025-08-28,19.9
501,2025-09-10,16.7
501,2025-09-23,13.7
501,2025-10-06,18.2
501,2025-10-20,10
502,2025-06-06,14.1
502,2025-06-19,13.3
502,2025-07-03,16.1
502,2025-07-17,7.2
502,2025-07-31,14.8
502,2025-08-15,16
502,2025-08-28,17.9
502,2025-09-10,14.4
502,2025-09-23,25.3
502,2025-10-06,21.2
502,2025-10-20,22.7
507,2025-06-06,16.5
507,2025-06-19,12.8
507,2025-07-03,2.5
507,2025-07-17,2.5
507,2025-07-31,3.1
507,2025-08-15,7.9
507,2025-08-28,2.4
507,2025-09-10,0
507,2025-09-23,0
507,2025-10-06,0
507,2025-10-20,0
508,2025-06-06,15.2
508,2025-06-19,14.3
508,2025-07-03,13.5
508,2025-07-17,14
508,2025-07-31,14.3
508,2025-08-15,15.3
508,2025-08-28,17.7
508,2025-09-10,18.7
508,2025-09-23,19
508,2025-10-06,17.1
508,2025-10-20,21
509,2025-06-06,13.8
509,2025-06-19,12.9
509,2025-07-03,12.4
509,2025-07-17,14.6
509,2025-07-31,16
509,2025-08-15,17.9
509,2025-08-28,19
509,2025-09-10,20.4
509,2025-09-23,20
509,2025-10-06,26.6
509,2025-10-20,19.4
510,2025-06-06,15.6
510,2025-06-19,12.2
510,2025-07-03,1.8
510,2025-07-17,1.8
510,2025-07-31,4.3
510,2025-08-15,6.2
510,2025-08-28,1.9
510,2025-09-10,0
510,2025-09-23,0
510,2025-10-06,0
510,2025-10-20,0
515,2025-06-06,5.8
515,2025-06-19,13.8
515,2025-07-03,14.5
515,2025-07-17,15.3
515,2025-07-31,11.8
515,2025-08-15,15
515,2025-08-28,17.5
515,2025-09-10,18
515,2025-09-23,17.1
515,2025-10-06,17.3
515,2025-10-20,17.8
516,2025-06-06,15
516,2025-06-19,15.2
516,2025-07-03,16.1
516,2025-07-17,18.2
516,2025-07-31,18.3
516,2025-08-15,19.3
516,2025-08-28,19.9
516,2025-09-10,21.8
516,2025-09-23,22.9
516,2025-10-06,14.6
516,2025-10-20,15.5
517,2025-06-06,8.2
517,2025-06-19,11.2
517,2025-07-03,13.4
517,2025-07-17,13.6
517,2025-07-31,11.9
517,2025-08-15,9.8
517,2025-08-28,12.5
517,2025-09-10,20.6
517,2025-09-23,14.6
517,2025-10-06,17.7
517,2025-10-20,21.4
518,2025-06-06,13.6
518,2025-06-19,15.8
518,2025-07-03,18.9
518,2025-07-17,3.7
518,2025-07-31,9.1
518,2025-08-15,2.2
518,2025-08-28,2.9
518,2025-09-10,0
518,2025-09-23,0
518,2025-10-06,0
518,2025-10-20,0
523,2025-06-06,15.1
523,2025-06-19,13.2
523,2025-07-03,17.2
523,2025-07-17,14.5
523,2025-07-31,15.1
523,2025-08-15,13.6
523,2025-08-28,13.8
523,2025-09-10,0
523,2025-09-23,0
523,2025-10-06,0
523,2025-10-20,0
524,2025-06-06,18.1
524,2025-06-19,13.8
524,2025-07-03,19.8
524,2025-07-17,14
524,2025-07-31,11.8
524,2025-08-15,11.7
524,2025-08-28,14.1
524,2025-09-10,0
524,2025-09-23,0
524,2025-10-06,0
524,2025-10-20,0
525,2025-06-06,16.9
525,2025-06-19,16.4
525,2025-07-03,13.7
525,2025-07-17,13.7
525,2025-07-31,13.1
525,2025-08-15,8.4
525,2025-08-28,3.9
525,2025-09-10,0
525,2025-09-23,0
525,2025-10-06,0
525,2025-10-20,0
526,2025-06-06,13.4
526,2025-06-19,16.8
526,2025-07-03,14.1
526,2025-07-17,14
526,2025-07-31,14.6
526,2025-08-15,14.5
526,2025-08-28,4.7
526,2025-09-10,0
526,2025-09-23,0
526,2025-10-06,0
526,2025-10-20,0
531,2025-06-06,16.5
531,2025-06-19,16.5
531,2025-07-03,18.2
531,2025-07-17,18
531,2025-07-31,17
531,2025-08-15,12.3
531,2025-08-28,15.6
531,2025-09-10,0
531,2025-09-23,0
531,2025-10-06,0
531,2025-10-20,0
532,2025-06-06,12.3
532,2025-06-19,16.1
532,2025-07-03,16.2
532,2025-07-17,16.5
532,2025-07-31,10.9
532,2025-08-15,14.9
532,2025-08-28,0
532,2025-09-10,0
532,2025-09-23,0
532,2025-10-06,0
532,2025-10-20,0
533,2025-06-06,11
533,2025-06-19,13
533,2025-07-03,10.3
533,2025-07-17,14.1
533,2025-07-31,14
533,2025-08-15,12.4
533,2025-08-28,14.1
533,2025-09-10,0
533,2025-09-23,0
533,2025-10-06,0
533,2025-10-20,0
534,2025-06-06,12.9
534,2025-06-19,12.7
534,2025-07-03,13.7
534,2025-07-17,14.4
534,2025-07-31,10.7
534,2025-08-15,13.2
534,2025-08-28,9.2
534,2025-09-10,0
534,2025-09-23,0
534,2025-10-06,0
534,2025-10-20,0
539,2025-06-06,4.1
539,2025-06-19,9.9
539,2025-07-03,9.6
539,2025-07-17,11.3
539,2025-07-31,9.4
539,2025-08-15,14
539,2025-08-28,13.6
539,2025-09-10,12.2
539,2025-09-23,13
539,2025-10-06,7.1
539,2025-10-20,12.4
540,2025-06-06,10.2
540,2025-06-19,13.6
540,2025-07-03,14.3
540,2025-07-17,14.7
540,2025-07-31,16.1
540,2025-08-15,16.7
540,2025-08-28,20.5
540,2025-09-10,12.9
540,2025-09-23,16.1
540,2025-10-06,23.5
540,2025-10-20,20.7
541,2025-06-06,11.6
541,2025-06-19,21.7
541,2025-07-03,17.7
541,2025-07-17,21.9
541,2025-07-31,25.4
541,2025-08-15,26.3
541,2025-08-28,23.6
541,2025-09-10,24.9
541,2025-09-23,26
541,2025-10-06,24.2
541,2025-10-20,22.8
542,2025-06-06,15.2
542,2025-06-19,13.3
542,2025-07-03,17.4
542,2025-07-17,16.5
542,2025-07-31,15.9
542,2025-08-15,21.5
542,2025-08-28,11.1
542,2025-09-10,23.3
542,2025-09-23,17.8
542,2025-10-06,24.9
542,2025-10-20,19.9
547,2025-06-06,14.7
547,2025-06-19,15.8
547,2025-07-03,12.1
547,2025-07-17,7.6
547,2025-07-31,13
547,2025-08-15,16.4
547,2025-08-28,19.1
547,2025-09-10,19.7
547,2025-09-23,19
547,2025-10-06,23.2
547,2025-10-20,19.6
548,2025-06-06,8.9
548,2025-06-19,7.9
548,2025-07-03,12.1
548,2025-07-17,10.9
548,2025-07-31,12
548,2025-08-15,11.5
548,2025-08-28,11.5
548,2025-09-10,11.2
548,2025-09-23,10.8
548,2025-10-06,10.2
548,2025-10-20,7.5
549,2025-06-06,9.2
549,2025-06-19,9.9
549,2025-07-03,12.7
549,2025-07-17,10.9
549,2025-07-31,8.8
549,2025-08-15,9.9
549,2025-08-28,5.3
549,2025-09-10,8.3
549,2025-09-23,6.4
549,2025-10-06,6.7
549,2025-10-20,2.3
550,2025-06-06,7.8
550,2025-06-19,13.1
550,2025-07-03,13.1
550,2025-07-17,12.8
550,2025-07-31,10.8
550,2025-08-15,11.2
550,2025-08-28,11.8
550,2025-09-10,11.8
550,2025-09-23,12.3
550,2025-10-06,14.1
550,2025-10-20,12.9
555,2025-06-06,12.1
555,2025-06-19,14
555,2025-07-03,15.1
555,2025-07-17,18.8
555,2025-07-31,15.1
555,2025-08-15,16
555,2025-08-28,15.2
555,2025-09-10,15.3
555,2025-09-23,11.7
555,2025-10-06,13.1
555,2025-10-20,9.1
556,2025-06-06,16.3
556,2025-06-19,16.4
556,2025-07-03,18.9
556,2025-07-17,19
556,2025-07-31,16.2
556,2025-08-15,19
556,2025-08-28,18.6
556,2025-09-10,18.3
556,2025-09-23,19.2
556,2025-10-06,17.8
556,2025-10-20,5.5
557,2025-06-06,12
557,2025-06-19,13.1
557,2025-07-03,19
557,2025-07-17,15.5
557,2025-07-31,15.5
557,2025-08-15,15.3
557,2025-08-28,14
557,2025-09-10,13
557,2025-09-23,13.7
557,2025-10-06,11.4
557,2025-10-20,6.2
558,2025-06-06,13.4
558,2025-06-19,14.8
558,2025-07-03,13
558,2025-07-17,16.2
558,2025-07-31,12.5
558,2025-08-15,13.2
558,2025-08-28,14.8
558,2025-09-10,12.5
558,2025-09-23,11.4
558,2025-10-06,11.3
558,2025-10-20,9.2
563,2025-06-06,11.3
563,2025-06-19,14.5
563,2025-07-03,16.6
563,2025-07-17,20.1
563,2025-07-31,18.2
563,2025-08-15,17.6
563,2025-08-28,20.5
563,2025-09-10,19.3
563,2025-09-23,18.4
563,2025-10-06,24.6
563,2025-10-20,19.8
564,2025-06-06,13
564,2025-06-19,10.7
564,2025-07-03,12.3
564,2025-07-17,12.4
564,2025-07-31,15.1
564,2025-08-15,12.2
564,2025-08-28,2.2
564,2025-09-10,0
564,2025-09-23,0
564,2025-10-06,0
564,2025-10-20,0
565,2025-06-06,16.9
565,2025-06-19,12.8
565,2025-07-03,12
565,2025-07-17,3.5
565,2025-07-31,8.3
565,2025-08-15,9.5
565,2025-08-28,4.9
565,2025-09-10,0
565,2025-09-23,0
565,2025-10-06,0
565,2025-10-20,0
566,2025-06-06,11.3
566,2025-06-19,13.4
566,2025-07-03,13.4
566,2025-07-17,14
566,2025-07-31,14
566,2025-08-15,17
566,2025-08-28,19.2
566,2025-09-10,20.4
566,2025-09-23,20
566,2025-10-06,24.4
566,2025-10-20,20.3
571,2025-06-06,4
571,2025-06-19,14.7
571,2025-07-03,7.9
571,2025-07-17,10.7
571,2025-07-31,15.4
571,2025-08-15,18.3
571,2025-08-28,13.6
571,2025-09-10,17
571,2025-09-23,15.6
571,2025-10-06,17
571,2025-10-20,12.7
572,2025-06-06,7.6
572,2025-06-19,9.9
572,2025-07-03,8.9
572,2025-07-17,9
572,2025-07-31,10.7
572,2025-08-15,12.4
572,2025-08-28,10.6
572,2025-09-10,10.9
572,2025-09-23,11.1
572,2025-10-06,14.8
572,2025-10-20,14.2
573,2025-06-06,9.9
573,2025-06-19,13.3
573,2025-07-03,6
573,2025-07-17,10.7
573,2025-07-31,14.6
573,2025-08-15,15.3
573,2025-08-28,18
573,2025-09-10,14.9
573,2025-09-23,16
573,2025-10-06,15.6
573,2025-10-20,16.5
574,2025-06-06,6.8
574,2025-06-19,13.7
574,2025-07-03,10.2
574,2025-07-17,15.6
574,2025-07-31,18
574,2025-08-15,22.2
574,2025-08-28,10.2
574,2025-09-10,16.1
574,2025-09-23,26.3
574,2025-10-06,28.5
574,2025-10-20,19.4
